filmgrn1
E 0 417084 1 7391 1
	p 3 7 0 11 0 1 128 192 256 128 192 256
	sY 11  0 0 24 31 40 38 56 45 72 38 88 28 112 12 144 0 176 0 208 0 240 0
	sCb 4 0 10 54 11 94 7 255 7
	sCr 2 0 1 255 1
	cY 6 -9 1 8 17 0 -5 -10 4 21 -34 -46 14 2 -3 35 -84 89 44 -23 3 22 -73 125
	cCb 0 -5 -7 2 9 -21 7 -6 9 -7 -2 -33 24 -8 -4 -5 -19 41 16 -16 -6 4 -18 52 -15
	cCr 2 0 1 -3 -19 -7 10 -6 -3 -2 4 6 22 -3 -8 -4 13 10 35 12 -10 5 21 4 0
E 417084 1251250 1 10772 1
	p 3 7 0 11 0 1 128 192 256 128 192 256
	sY 11  0 0 24 31 40 38 56 45 72 38 88 28 112 12 144 0 176 0 208 0 240 0
	sCb 5 0 11 54 11 67 9 121 6 255 6
	sCr 2 0 1 255 1
	cY 3 -6 -1 9 12 0 -4 -6 3 20 -37 -33 10 2 -2 27 -74 90 31 -17 1 18 -61 113
	cCb -2 -3 -5 3 0 -6 -3 -4 2 0 -16 -11 5 -3 -3 1 -28 54 0 -10 -5 2 -19 54 -16
	cCr 0 -3 -2 6 -6 -6 3 -3 -9 -4 14 3 -3 -3 -6 -9 11 18 13 6 -5 4 21 5 0
E 1251250 2085417 1 17534 1
	p 3 7 0 11 0 1 128 192 256 128 192 256
	sY 11  0 0 24 31 40 38 56 45 72 38 88 28 112 12 144 0 176 0 208 0 240 0
	sCb 5 0 11 54 11 67 9 121 6 255 6
	sCr 2 0 1 255 1
	cY 2 -5 -1 10 11 0 -3 -6 3 19 -38 -31 9 1 -2 25 -72 91 29 -16 1 17 -59 110
	cCb -1 -4 -4 2 -2 -4 -2 -4 1 0 -15 -8 2 -2 -2 0 -27 50 -1 -9 -4 1 -18 53 -17
	cCr 0 -3 -3 6 -6 -5 1 -2 -9 -5 15 1 -5 -4 -6 -11 12 23 11 4 -4 3 22 10 0
E 2085417 2919584 1 24296 1
	p 3 7 0 11 0 1 128 192 256 128 192 256
	sY 11  0 0 24 31 40 38 56 45 72 38 88 28 112 12 144 0 176 0 208 0 240 0
	sCb 5 0 17 54 17 67 15 121 10 255 10
	sCr 2 0 2 255 2
	cY 2 -5 -1 9 10 0 -3 -5 4 18 -37 -28 6 3 -2 23 -71 92 26 -12 -1 16 -56 109
	cCb -2 -4 -4 1 -1 -4 -3 -3 -1 0 -16 -6 1 -3 -4 4 -29 51 -5 -8 -5 3 -20 52 -16
	cCr 0 -2 -4 3 -5 -5 1 -1 -8 -7 11 -1 -7 -4 -6 -12 11 23 10 2 -5 1 21 12 0
E 2919584 3753751 1 31058 1
	p 3 7 0 11 0 1 128 192 256 128 192 256
	sY 11  0 0 24 31 40 38 56 45 72 38 88 28 112 12 144 0 176 0 208 0 240 0
	sCb 5 0 17 54 17 94 11 121 10 255 10
	sCr 2 0 2 255 2
	cY 1 -5 0 8 10 1 -4 -5 5 16 -36 -27 5 4 -1 21 -68 90 27 -12 -1 15 -56 109
	cCb -2 -4 -4 2 -2 -3 -3 -3 -1 0 -17 -5 0 -3 -3 1 -27 50 -5 -7 -4 1 -19 50 -15
	cCr 0 -3 -3 3 -4 -4 0 -2 -8 -7 10 -1 -7 -4 -5 -12 11 25 11 1 -5 0 21 15 0
E 3753751 4587917 1 37820 1
	p 3 7 0 11 0 1 128 192 256 128 192 256
	sY 11  0 0 24 31 40 38 56 45 72 38 88 28 112 12 144 0 176 0 208 0 240 0
	sCb 5 0 18 54 18 94 11 121 10 255 10
	sCr 2 0 2 255 2
	cY 1 -4 -2 10 9 0 -3 -4 3 18 -38 -26 6 3 -3 22 -68 91 25 -12 -1 15 -55 107
	cCb -2 -3 -3 1 -2 -4 -2 -2 -1 0 -15 -6 1 -3 -3 1 -24 48 -4 -7 -4 0 -17 46 -16
	cCr 0 -2 -3 1 -5 -3 0 -1 -7 -8 8 -1 -8 -4 -5 -13 10 28 11 0 -5 -1 19 16 -1
E 4587917 5422084 1 44582 1
	p 3 7 0 11 0 1 128 192 256 128 192 256
	sY 11  0 0 24 31 40 38 56 45 72 38 88 28 112 12 144 0 176 0 208 0 240 0
	sCb 5 0 18 54 19 94 12 121 11 255 11
	sCr 2 0 2 255 2
	cY 1 -3 -3 11 9 0 -3 -4 2 19 -38 -25 7 2 -3 21 -67 90 24 -12 -1 15 -53 105
	cCb -2 -2 -4 2 -3 -2 -4 -3 -2 0 -16 -5 -1 -2 -3 2 -26 49 -5 -7 -4 2 -19 48 -16
	cCr 0 -1 -4 2 -4 -4 2 0 -6 -9 9 -3 -7 -3 -4 -15 10 30 11 0 -5 -1 20 20 -1
E 5422084 6256250 1 51344 1
	p 3 7 0 11 0 1 128 192 256 128 192 256
	sY 11  0 0 24 31 40 38 56 45 72 38 88 28 112 12 144 0 176 0 208 0 240 0
	sCb 5 0 17 54 17 67 15 121 11 255 11
	sCr 2 0 2 255 2
	cY 2 -4 -2 10 11 -1 -3 -4 1 20 -37 -29 9 1 -4 28 -73 91 26 -14 1 18 -60 111
	cCb -2 -2 -6 2 -2 -4 -3 -4 0 0 -15 -9 3 -4 -3 2 -28 50 -2 -9 -3 2 -19 53 -16
	cCr 0 -1 -4 3 -5 -4 1 -1 -7 -8 11 -1 -6 -3 -5 -13 11 27 11 1 -4 2 20 16 0
E 6256250 7090417 1 58106 1
	p 3 7 0 11 0 1 128 192 256 128 192 256
	sY 11  0 0 24 31 40 38 56 45 72 38 88 28 112 12 144 0 176 0 208 0 240 0
	sCb 5 0 18 54 18 67 15 121 10 255 10
	sCr 2 0 2 255 2
	cY 1 -4 -3 10 10 0 -3 -4 1 21 -38 -27 8 2 -4 27 -73 91 24 -14 1 18 -58 109
	cCb -3 -3 -3 0 -1 -4 -3 -4 1 -2 -12 -8 1 -3 -3 0 -24 46 -3 -8 -4 2 -18 49 -18
	cCr 1 -2 -3 4 -5 -4 1 -1 -7 -8 11 -2 -7 -3 -5 -12 9 27 11 1 -4 2 22 16 0
E 7090417 7924584 1 64868 1
	p 3 7 0 11 0 1 128 192 256 128 192 256
	sY 11  0 0 24 31 40 38 56 45 72 38 88 28 112 12 144 0 176 0 208 0 240 0
	sCb 4 0 17 54 18 94 12 255 11
	sCr 2 0 3 255 3
	cY 1 -4 -3 11 10 -1 -3 -3 0 22 -38 -26 10 1 -6 28 -74 91 23 -15 1 19 -59 108
	cCb -2 -4 -4 1 -2 -4 -3 -4 1 -3 -12 -9 2 -2 -2 -2 -22 45 -2 -9 -5 1 -16 47 -19
	cCr 0 0 -4 3 -5 -2 1 2 -5 -10 11 -4 -8 -3 -4 -16 4 39 11 -1 -5 0 18 28 0
E 7924584 8341667 1 6094 1
	p 3 7 0 11 0 1 128 192 256 128 192 256
	sY 11  0 0 24 31 40 38 56 45 72 38 88 28 112 12 144 0 176 0 208 0 240 0
	sCb 4 0 6 40 6 81 5 255 4
	sCr 2 0 2 255 2
	cY 3 -6 -1 10 11 3 -5 -9 9 15 -32 -37 7 4 1 23 -73 86 39 -16 0 18 -65 120
	cCb -2 -1 -7 3 8 -14 3 -1 2 1 -12 -27 15 -4 -6 5 -37 60 14 -12 -6 6 -25 70 -7
	cCr 2 -1 -3 7 -9 -6 6 0 -6 -9 17 -6 -3 -2 -6 -16 0 37 17 2 -6 4 24 29 0
E 8341667 8758750 1 7391 1
	p 3 7 0 11 0 1 128 192 256 128 192 256
	sY 11  0 0 24 36 40 47 56 54 72 47 88 30 112 15 144 0 176 0 208 0 240 0
	sCb 5 0 16 40 17 67 15 94 11 255 10
	sCr 2 0 3 255 2
	cY 2 -5 -2 10 11 1 -4 -5 3 20 -37 -31 8 2 -3 27 -75 92 28 -14 0 17 -60 112
	cCb -1 -3 -6 1 2 -12 1 -4 3 -5 -8 -18 11 -5 -5 -1 -18 40 7 -12 -6 2 -16 47 -16
	cCr 1 2 -1 0 -6 -8 8 2 -1 -11 14 -13 2 1 -2 -18 -16 54 15 -1 -9 1 18 40 0
E 8758750 9592917 1 10772 1
	p 3 7 0 11 0 1 128 192 256 128 192 256
	sY 11  0 0 24 36 40 47 56 54 72 47 88 30 112 15 144 0 176 0 208 0 240 0
	sCb 5 0 11 40 12 67 11 108 7 255 7
	sCr 2 0 2 255 2
	cY 2 -5 -1 9 11 0 -3 -5 2 20 -38 -28 8 2 -3 26 -73 91 27 -15 1 17 -58 110
	cCb -2 -3 -5 2 -3 -4 -3 -3 -1 -1 -14 -7 1 -2 -4 0 -23 45 -1 -7 -5 2 -17 50 -16
	cCr 0 1 -3 1 -5 -1 2 2 -1 -11 7 -8 -5 -2 -3 -18 -6 50 13 -3 -5 -1 14 38 0
E 9592917 10427084 1 17534 1
	p 3 7 0 11 0 1 128 192 256 128 192 256
	sY 11  0 0 24 36 40 47 56 54 72 47 88 30 112 15 144 0 176 0 208 0 240 0
	sCb 7 0 13 27 13 54 16 81 12 108 9 121 9 255 9
	sCr 2 0 3 255 2
	cY 2 -5 0 8 11 0 -3 -6 4 19 -37 -28 8 2 -2 25 -74 94 25 -12 0 14 -55 109
	cCb -2 -4 -5 0 -1 -8 0 -4 1 -6 -8 -11 5 -5 -4 -4 -10 30 3 -8 -6 1 -11 32 -18
	cCr 1 2 -1 -3 -5 -6 7 2 0 -10 13 -12 0 0 0 -14 -20 58 11 -2 -8 -4 12 44 0
E 10427084 11261251 1 24296 1
	p 3 7 0 11 0 1 128 192 256 128 192 256
	sY 11  0 0 24 36 40 47 56 54 72 47 88 30 112 15 144 0 176 0 208 0 240 0
	sCb 8 0 13 27 13 54 15 67 14 81 12 108 9 121 9 255 9
	sCr 2 0 1 255 1
	cY 0 -2 -3 9 7 0 -2 -2 -3 22 -40 -19 5 1 -4 25 -70 92 18 -10 0 14 -52 103
	cCb -3 -4 -4 -2 -3 -5 -2 -3 -1 -3 -10 -6 0 -3 -4 -2 -17 35 -4 -8 -5 0 -12 36 -21
	cCr 1 -3 -3 5 -6 -5 3 0 -7 -7 14 -2 -4 -3 -6 -13 8 28 12 3 -4 4 23 15 -1
E 11261251 12095417 1 31058 1
	p 3 7 0 11 0 1 128 192 256 128 192 256
	sY 11  0 0 24 36 40 47 56 54 72 47 88 30 112 15 144 0 176 0 208 0 240 0
	sCb 8 0 13 27 13 54 15 67 14 81 11 94 9 121 9 255 9
	sCr 2 0 2 255 1
	cY 1 -3 -1 8 8 -1 -2 -3 -3 22 -40 -20 6 1 -4 27 -72 95 17 -9 0 13 -52 104
	cCb -2 -4 -3 -1 -3 -5 -3 -4 -1 -4 -9 -7 0 -2 -4 -2 -15 34 -2 -7 -5 -1 -12 34 -21
	cCr 1 -1 -2 6 -6 -4 4 0 -7 -7 16 -2 -4 -2 -5 -14 6 32 13 2 -5 4 23 18 0
E 12095417 12929584 1 37820 1
	p 3 7 0 11 0 1 128 192 256 128 192 256
	sY 11  0 0 24 36 40 47 56 54 72 47 88 30 112 15 144 0 176 0 208 0 240 0
	sCb 5 0 14 27 14 54 16 94 9 255 8
	sCr 2 0 2 255 2
	cY 2 -5 -1 9 11 -1 -3 -5 1 23 -38 -28 10 1 -3 28 -77 93 26 -16 2 17 -60 111
	cCb -2 -5 -4 0 -2 -6 -1 -4 0 -2 -10 -6 1 -4 -3 -2 -18 34 -4 -7 -4 0 -15 37 -22
	cCr 2 0 -5 4 -7 -4 5 1 -5 -9 14 -5 -5 -2 -4 -17 1 39 14 0 -6 1 19 27 0
E 12929584 13763751 1 44582 1
	p 3 7 0 11 0 1 128 192 256 128 192 256
	sY 11  0 0 24 36 40 47 56 54 72 47 88 30 112 15 144 0 176 0 208 0 240 0
	sCb 7 0 15 27 15 40 17 67 14 94 9 108 9 255 9
	sCr 2 0 2 255 2
	cY 2 -4 -4 11 13 -4 -2 -4 -4 30 -43 -28 14 -1 -7 35 -85 97 21 -17 3 19 -61 111
	cCb -2 -4 -4 0 -1 -7 -1 -4 0 -3 -10 -9 4 -5 -4 -1 -18 35 -4 -8 -4 1 -14 37 -24
	cCr 2 0 -4 4 -7 -4 5 2 -5 -10 17 -5 -4 -1 -5 -17 -4 44 12 0 -7 2 22 32 -1
E 13763751 14597917 1 51344 1
	p 3 7 0 11 0 1 128 192 256 128 192 256
	sY 11  0 0 24 36 40 47 56 54 72 47 88 30 112 15 144 0 176 0 208 0 240 0
	sCb 7 0 28 27 28 54 28 67 23 94 15 108 14 255 14
	sCr 2 0 3 255 3
	cY 0 0 -6 13 7 -3 -1 0 -8 28 -44 -15 9 -1 -8 31 -73 93 9 -12 2 17 -52 97
	cCb -3 -4 -3 -1 -3 -5 -2 -3 -2 -3 -10 -5 -1 -4 -4 -3 -13 28 -5 -6 -4 0 -11 28 -33
	cCr 1 -1 -3 2 -7 -4 4 0 -6 -8 14 -3 -4 -3 -5 -15 5 32 13 1 -6 0 20 20 0
E 14597917 15432084 1 58106 1
	p 3 7 0 11 0 1 128 192 256 128 192 256
	sY 11  0 0 24 36 40 47 56 54 72 47 88 30 112 15 144 0 176 0 208 0 240 0
	sCb 7 0 27 27 27 54 28 67 23 94 15 108 14 255 13
	sCr 2 0 3 255 3
	cY 0 0 -6 13 8 -3 -1 0 -9 30 -45 -15 9 -1 -9 33 -75 95 10 -12 2 18 -54 99
	cCb -3 -3 -4 0 -2 -5 -2 -3 -1 -3 -10 -7 1 -4 -3 -2 -14 29 -4 -7 -4 -1 -12 31 -31
	cCr 1 -1 -3 4 -7 -5 4 0 -8 -9 13 -2 -4 -2 -5 -13 4 30 14 2 -5 2 22 20 0
E 15432084 16266251 1 64868 1
	p 3 7 0 11 0 1 128 192 256 128 192 256
	sY 11  0 0 24 36 40 47 56 54 72 47 88 30 112 15 144 0 176 0 208 0 240 0
	sCb 5 0 29 54 29 94 18 108 18 255 17
	sCr 2 0 3 255 2
	cY 0 0 -6 13 7 -3 -1 0 -9 30 -45 -15 9 -1 -9 32 -75 95 10 -11 2 17 -53 99
	cCb -3 -2 -4 -1 -3 -5 -3 -4 -2 -4 -9 -6 0 -3 -3 -2 -12 27 -4 -7 -4 -1 -12 29 -31
	cCr 0 -1 -3 4 -7 -5 4 -1 -7 -7 13 -2 -3 -2 -4 -13 6 29 15 1 -5 1 20 17 -1
E 16266251 17100417 1 6094 1
	p 3 7 0 11 0 1 128 192 256 128 192 256
	sY 11  0 0 24 36 40 47 56 54 72 47 88 30 112 15 144 0 176 0 208 0 240 0
	sCb 5 0 30 54 30 94 20 108 20 255 20
	sCr 2 0 3 255 2
	cY 0 0 -6 13 7 -3 -1 0 -9 30 -45 -15 10 -2 -8 33 -75 95 9 -12 2 17 -53 98
	cCb -3 -3 -4 -2 -2 -5 -2 -4 -2 -4 -8 -6 0 -3 -3 -3 -10 23 -4 -6 -4 -1 -11 24 -32
	cCr 1 -1 -3 4 -8 -5 4 0 -7 -8 14 -3 -3 -2 -5 -13 6 31 14 3 -5 1 20 17 -1
E 17100417 17934584 1 12856 1
	p 3 7 0 11 0 1 128 192 256 128 192 256
	sY 11  0 0 24 36 40 47 56 54 72 47 88 30 112 15 144 0 176 0 208 0 240 0
	sCb 7 0 28 27 28 40 30 54 30 67 26 94 22 255 21
	sCr 2 0 3 255 2
	cY -1 0 -6 12 6 -2 -1 1 -9 28 -44 -13 8 -1 -8 31 -70 92 7 -11 2 17 -50 94
	cCb -3 -3 -4 -2 -3 -5 -2 -4 -2 -4 -8 -7 1 -4 -3 -2 -12 25 -3 -6 -3 -1 -11 27 -34
	cCr 1 -2 -3 3 -7 -4 3 0 -7 -7 11 -2 -4 -3 -5 -12 7 28 14 1 -5 1 20 16 -1
E 17934584 18768751 1 19618 1
	p 3 7 0 11 0 1 128 192 256 128 192 256
	sY 11  0 0 24 36 40 47 56 54 72 47 88 30 112 15 144 0 176 0 208 0 240 0
	sCb 7 0 28 27 28 40 30 54 29 67 25 94 21 255 20
	sCr 2 0 3 255 2
	cY 0 1 -7 13 6 -3 -1 1 -9 29 -45 -12 8 -1 -8 31 -71 93 7 -10 2 16 -50 94
	cCb -3 -3 -4 -1 -3 -4 -3 -3 -2 -3 -9 -5 -2 -3 -4 -3 -12 26 -5 -6 -4 0 -11 27 -34
	cCr 0 -1 -3 2 -7 -4 3 -1 -7 -7 11 -2 -4 -3 -5 -12 8 27 13 1 -5 0 19 15 -1
E 18768751 19602917 1 26380 1
	p 3 7 0 11 0 1 128 192 256 128 192 256
	sY 11  0 0 24 36 40 47 56 54 72 47 88 30 112 15 144 0 176 0 208 0 240 0
	sCb 7 0 29 27 29 40 31 54 30 67 26 94 22 255 21
	sCr 2 0 3 255 2
	cY -1 0 -6 12 5 -2 -1 1 -8 26 -42 -11 7 -1 -7 28 -67 90 7 -9 1 15 -48 93
	cCb -2 -4 -4 -1 -4 -4 -3 -4 -2 -3 -9 -5 -1 -3 -3 -3 -12 27 -5 -6 -4 -1 -11 27 -33
	cCr 0 -2 -3 1 -5 -4 2 -1 -6 -6 11 -2 -5 -3 -5 -12 9 26 11 1 -5 -1 19 14 -1
E 19602917 20437084 1 33142 1
	p 3 7 0 11 0 1 128 192 256 128 192 256
	sY 11  0 0 24 36 40 47 56 54 72 47 88 30 112 15 144 0 176 0 208 0 240 0
	sCb 7 0 29 27 29 40 32 54 31 67 28 94 23 255 23
	sCr 2 0 3 255 2
	cY 0 -1 -7 12 7 -3 -1 0 -8 29 -44 -15 9 -2 -8 32 -75 96 10 -11 2 16 -52 99
	cCb -2 -3 -5 1 -3 -6 -1 -4 0 -5 -8 -9 2 -5 -3 -4 -8 23 0 -7 -4 -1 -10 24 -30
	cCr 2 -1 -3 3 -9 -5 7 0 -3 -9 11 -6 0 -2 -5 -15 2 36 16 1 -8 0 20 24 -1
E 20437084 21271250 1 39904 1
	p 3 7 0 11 0 1 128 192 256 128 192 256
	sY 11  0 0 24 36 40 47 56 54 72 47 88 30 112 15 144 0 176 0 208 0 240 0
	sCb 8 0 29 27 29 40 31 54 30 67 28 94 24 135 23 255 23
	sCr 2 0 2 255 2
	cY 0 0 -6 12 4 -2 0 0 -8 25 -41 -8 6 -2 -7 26 -63 88 3 -8 2 14 -44 88
	cCb -3 -3 -4 -2 -3 -3 -2 -4 -3 -4 -7 -4 -2 -3 -4 -2 -9 17 -5 -5 -4 -2 -8 18 -44
	cCr 2 -3 -3 8 -7 -6 3 -2 -8 -6 17 0 -4 -2 -5 -11 10 23 10 2 -4 6 24 9 0
E 21271250 22105417 1 46666 1
	p 3 7 0 11 0 1 128 192 256 128 192 256
	sY 11  0 0 24 36 40 47 56 54 72 47 88 30 112 15 144 0 176 0 208 0 240 0
	sCb 8 0 32 27 32 40 34 54 34 81 28 94 26 108 26 255 25
	sCr 2 0 2 255 2
	cY -1 1 -7 13 4 -3 0 1 -10 27 -43 -9 7 -2 -8 29 -66 90 3 -8 2 15 -46 89
	cCb -3 -3 -4 -2 -3 -3 -3 -4 -3 -4 -8 -4 -2 -3 -4 -3 -8 17 -5 -5 -4 -1 -8 17 -42
	cCr 1 -2 -2 7 -7 -6 4 -3 -9 -7 17 0 -2 -3 -6 -12 8 20 12 4 -5 7 24 8 -1
E 22105417 22939584 1 53428 1
	p 3 7 0 11 0 1 128 192 256 128 192 256
	sY 11  0 0 24 36 40 47 56 54 72 47 88 30 112 15 144 0 176 0 208 0 240 0
	sCb 7 0 28 27 28 40 30 54 29 94 23 121 22 255 22
	sCr 2 0 2 255 2
	cY 0 0 -7 13 6 -3 -1 1 -10 30 -45 -11 8 -2 -8 30 -69 92 5 -9 2 16 -48 92
	cCb -3 -4 -4 -1 -3 -4 -3 -4 -3 -4 -8 -4 -2 -3 -4 -2 -9 19 -5 -5 -4 -1 -9 19 -41
	cCr 1 -2 -2 4 -6 -5 4 -3 -8 -5 14 2 -4 -2 -5 -9 10 18 11 5 -5 4 22 5 -1
E 22939584 23773750 1 60190 1
	p 3 7 0 11 0 1 128 192 256 128 192 256
	sY 11  0 0 24 36 40 47 56 54 72 47 88 30 112 15 144 0 176 0 208 0 240 0
	sCb 8 0 28 27 28 40 30 54 29 67 27 94 23 108 22 255 22
	sCr 2 0 2 255 2
	cY 0 1 -8 14 5 -3 -1 1 -11 30 -45 -11 8 -2 -9 33 -72 93 5 -10 2 17 -50 94
	cCb -3 -3 -4 0 -3 -4 -3 -3 -3 -3 -9 -4 -1 -4 -4 -2 -10 20 -5 -4 -3 -2 -9 20 -39
	cCr 0 -3 -1 5 -8 -6 4 -3 -7 -4 13 2 -1 -2 -5 -9 9 19 13 5 -5 3 22 6 -1
E 23773750 24607917 1 1416 1
	p 3 7 0 11 0 1 128 192 256 128 192 256
	sY 11  0 0 24 36 40 47 56 54 72 47 88 30 112 15 144 0 176 0 208 0 240 0
	sCb 7 0 30 27 30 40 32 54 32 94 23 121 22 255 22
	sCr 2 0 2 255 2
	cY 0 1 -7 13 5 -3 -1 1 -10 27 -43 -10 7 -2 -8 30 -67 90 5 -9 2 16 -48 91
	cCb -3 -3 -4 -1 -3 -4 -2 -4 -2 -3 -8 -5 -2 -3 -4 -2 -10 20 -5 -5 -4 -1 -10 21 -40
	cCr 1 -2 -2 5 -7 -5 4 -2 -8 -5 14 0 -3 -2 -6 -10 9 21 13 4 -6 4 23 8 -1
E 24607917 25442084 1 8178 1
	p 3 7 0 11 0 1 128 192 256 128 192 256
	sY 11  0 0 24 36 40 47 56 54 72 47 88 30 112 15 144 0 176 0 208 0 240 0
	sCb 7 0 30 27 30 40 32 54 32 94 24 121 22 255 22
	sCr 2 0 2 255 2
	cY 0 1 -7 13 6 -3 -1 1 -10 29 -45 -10 7 -2 -8 31 -70 93 5 -9 2 16 -49 93
	cCb -2 -4 -4 -1 -3 -5 -3 -4 -2 -4 -8 -4 -1 -3 -4 -2 -10 20 -5 -4 -4 -1 -10 21 -37
	cCr 1 -2 -1 6 -8 -7 4 -2 -7 -6 15 0 -2 -2 -6 -10 9 22 15 5 -5 5 23 9 -1
E 25442084 26276250 1 14940 1
	p 3 7 0 11 0 1 128 192 256 128 192 256
	sY 11  0 0 24 36 40 47 56 54 72 47 88 30 112 15 144 0 176 0 208 0 240 0
	sCb 4 0 31 54 32 94 26 255 26
	sCr 2 0 2 255 2
	cY 0 0 -6 12 6 -3 -1 1 -10 29 -44 -11 8 -2 -9 32 -71 93 5 -9 2 16 -49 93
	cCb -2 -4 -4 -1 -2 -4 -3 -4 -2 -4 -8 -5 -2 -3 -3 -2 -9 20 -5 -4 -4 -1 -9 20 -39
	cCr 1 -3 -2 4 -7 -6 4 -2 -7 -6 14 1 -3 -3 -5 -10 10 22 13 3 -5 2 21 9 -1
E 26276250 27110417 1 21702 1
	p 3 7 0 11 0 1 128 192 256 128 192 256
	sY 11  0 0 24 36 40 47 56 54 72 47 88 30 112 15 144 0 176 0 208 0 240 0
	sCb 8 0 31 27 31 40 33 54 32 67 30 81 27 108 25 255 25
	sCr 2 0 2 255 2
	cY 0 1 -7 13 5 -3 -1 1 -10 29 -44 -10 8 -2 -9 32 -70 91 5 -9 2 16 -50 94
	cCb -2 -4 -3 -2 -3 -4 -3 -3 -2 -3 -8 -5 -2 -4 -3 -2 -10 20 -5 -5 -3 -1 -9 21 -39
	cCr 1 -2 -3 4 -7 -5 4 -2 -7 -5 15 0 -2 -2 -5 -9 9 21 14 4 -5 2 22 9 -1
E 27110417 27944584 1 28464 1
	p 3 7 0 11 0 1 128 192 256 128 192 256
	sY 11  0 0 24 36 40 47 56 54 72 47 88 30 112 15 144 0 176 0 208 0 240 0
	sCb 7 0 30 27 30 40 33 54 32 67 29 94 26 255 26
	sCr 2 0 2 255 2
	cY 0 1 -8 14 5 -3 -1 1 -10 29 -44 -9 7 -2 -9 31 -68 91 3 -9 2 16 -48 91
	cCb -3 -4 -4 -2 -4 -4 -2 -3 -3 -4 -8 -4 -1 -4 -4 -2 -9 19 -4 -5 -3 0 -10 20 -43
	cCr 1 -2 -3 4 -6 -5 3 -2 -8 -5 13 0 -3 -3 -5 -9 10 21 12 5 -5 3 22 8 -1
E 27944584 28778750 1 35226 1
	p 3 7 0 11 0 1 128 192 256 128 192 256
	sY 11  0 0 24 36 40 47 56 54 72 47 88 30 112 15 144 0 176 0 208 0 240 0
	sCb 7 0 30 27 30 40 32 54 32 67 28 94 25 255 25
	sCr 2 0 2 255 2
	cY 0 1 -7 13 5 -3 -1 1 -10 28 -43 -10 8 -2 -9 31 -68 90 3 -9 2 16 -48 90
	cCb -3 -3 -4 -1 -3 -4 -3 -3 -3 -3 -8 -5 -1 -3 -4 -3 -9 19 -4 -5 -4 0 -9 20 -43
	cCr 1 -2 -3 3 -6 -5 2 -2 -7 -6 13 0 -3 -3 -6 -11 10 22 12 3 -5 2 21 10 -1
E 28778750 29612917 1 41988 1
	p 3 7 0 11 0 1 128 192 256 128 192 256
	sY 11  0 0 24 36 40 47 56 54 72 47 88 30 112 15 144 0 176 0 208 0 240 0
	sCb 8 0 31 27 31 40 33 54 32 67 29 94 25 108 24 255 24
	sCr 2 0 3 255 2
	cY -1 1 -7 12 4 -2 -1 1 -9 25 -41 -7 6 -2 -8 27 -61 86 1 -7 2 14 -44 85
	cCb -3 -4 -3 -2 -3 -4 -2 -3 -3 -4 -7 -5 -2 -4 -4 -3 -8 16 -4 -5 -3 -2 -8 17 -46
	cCr 1 -2 -4 4 -7 -5 4 -1 -7 -7 13 -2 -4 -3 -5 -13 8 26 11 1 -5 2 20 12 -1
E 29612917 30447084 1 48750 1
	p 3 7 0 11 0 1 128 192 256 128 192 256
	sY 11  0 0 24 36 40 47 56 54 72 47 88 30 112 15 144 0 176 0 208 0 240 0
	sCb 8 0 32 27 32 40 34 54 33 67 30 94 24 108 24 255 24
	sCr 2 0 2 255 2
	cY -1 3 -10 15 5 -4 0 3 -16 37 -49 -8 9 -3 -12 39 -78 97 1 -9 3 18 -52 94
	cCb -3 -3 -4 -1 -3 -5 -1 -3 -2 -4 -7 -6 0 -4 -3 -4 -6 16 -2 -6 -4 0 -7 17 -43
	cCr 1 -3 0 9 -16 -11 15 -1 -6 -9 13 -9 8 0 -6 -15 1 30 28 3 -10 7 20 15 -1
E 30447084 31281250 1 55512 1
	p 3 7 0 11 0 1 128 192 256 128 192 256
	sY 11  0 0 24 36 40 47 56 54 72 47 88 30 112 15 144 0 176 0 208 0 240 0
	sCb 4 0 32 54 33 94 25 255 24
	sCr 2 0 2 255 2
	cY -1 0 -5 10 2 -2 -1 0 -6 18 -34 -5 4 -1 -5 19 -48 76 0 -5 1 11 -36 76
	cCb -3 -3 -4 -2 -4 -3 -2 -3 -4 -4 -6 -4 -3 -3 -4 -3 -5 10 -4 -3 -3 -2 -6 10 -63
	cCr 2 -2 -4 4 -7 -5 5 0 -6 -10 15 -5 -4 -3 -5 -13 5 27 11 -1 -6 4 20 18 -3
E 31281250 32115417 1 62274 1
	p 3 7 0 11 0 1 128 192 256 128 192 256
	sY 11  0 0 24 36 40 47 56 54 72 47 88 30 112 15 144 0 176 0 208 0 240 0
	sCb 4 0 32 54 33 94 24 255 23
	sCr 2 0 2 255 2
	cY -1 1 -5 10 3 -2 0 1 -7 19 -35 -4 4 -2 -6 20 -49 77 0 -5 1 12 -36 75
	cCb -3 -3 -4 -2 -4 -3 -3 -3 -4 -3 -5 -3 -3 -3 -4 -3 -6 11 -4 -3 -3 -2 -6 11 -65
	cCr 2 -2 -4 4 -9 -5 5 -1 -6 -9 13 -4 -3 -2 -6 -14 4 30 13 -1 -5 5 21 16 -2
E 32115417 32949584 1 3500 1
	p 3 7 0 11 0 1 128 192 256 128 192 256
	sY 11  0 0 24 36 40 47 56 54 72 47 88 30 112 15 144 0 176 0 208 0 240 0
	sCb 4 0 32 54 33 94 24 255 23
	sCr 2 0 2 255 2
	cY -1 2 -7 12 3 -2 0 2 -10 25 -40 -5 5 -2 -8 26 -58 84 0 -6 2 14 -42 82
	cCb -3 -4 -4 -2 -3 -3 -2 -3 -3 -3 -6 -3 -3 -3 -3 -3 -7 13 -4 -4 -4 -2 -7 13 -56
	cCr 2 -2 -3 6 -7 -6 3 0 -8 -9 15 -3 -4 -3 -6 -13 8 26 10 0 -5 4 22 12 -1
E 32949584 33783750 1 10262 1
	p 3 7 0 11 0 1 128 192 256 128 192 256
	sY 11  0 0 24 36 40 47 56 54 72 47 88 30 112 15 144 0 176 0 208 0 240 0
	sCb 4 0 32 54 33 94 25 255 24
	sCr 2 0 2 255 2
	cY -1 1 -7 13 3 -3 0 2 -10 26 -41 -5 6 -2 -8 27 -60 84 0 -7 2 15 -44 84
	cCb -3 -3 -3 -1 -3 -3 -3 -3 -3 -3 -7 -4 -3 -3 -4 -3 -7 13 -4 -4 -4 -2 -7 13 -55
	cCr 2 -2 -3 6 -9 -6 7 -1 -8 -8 14 -2 -3 -2 -6 -13 7 25 13 1 -6 6 21 9 -1
E 33783750 34617917 1 17024 1
	p 3 7 0 11 0 1 128 192 256 128 192 256
	sY 11  0 0 24 36 40 47 56 54 72 47 88 30 112 15 144 0 176 0 208 0 240 0
	sCb 7 0 30 27 30 54 31 81 24 94 23 108 22 255 22
	sCr 2 0 2 255 2
	cY -1 1 -7 12 3 -2 0 1 -9 25 -40 -5 5 -2 -8 26 -57 83 0 -7 2 14 -41 81
	cCb -3 -3 -4 -2 -3 -4 -3 -4 -3 -3 -6 -4 -3 -4 -4 -3 -6 12 -4 -4 -4 -2 -7 12 -56
	cCr 1 -2 -4 5 -7 -5 5 -1 -8 -8 14 -2 -5 -2 -5 -14 7 27 12 0 -6 4 21 13 -2
E 34617917 35452084 1 23786 1
	p 3 7 0 11 0 1 128 192 256 128 192 256
	sY 11  0 0 24 36 40 47 56 54 72 47 88 30 112 15 144 0 176 0 208 0 240 0
	sCb 5 0 32 54 33 94 26 121 25 255 25
	sCr 2 0 2 255 2
	cY -1 2 -8 13 3 -2 0 2 -11 26 -41 -5 5 -2 -8 27 -60 85 0 -6 2 14 -42 83
	cCb -3 -4 -3 -2 -3 -4 -3 -3 -3 -3 -6 -3 -3 -3 -4 -2 -7 13 -5 -4 -3 -2 -7 13 -55
	cCr 2 -1 -3 7 -8 -5 5 0 -8 -9 16 -3 -3 -2 -6 -14 6 30 14 2 -5 4 22 15 -1
E 35452084 36286250 1 30548 1
	p 3 7 0 11 0 1 128 192 256 128 192 256
	sY 11  0 0 24 36 40 47 56 54 72 47 88 30 112 15 144 0 176 0 208 0 240 0
	sCb 7 0 28 27 28 40 31 54 29 67 26 94 22 255 21
	sCr 2 0 2 255 2
	cY -1 1 -7 13 4 -3 0 1 -10 26 -41 -7 6 -2 -8 27 -61 86 2 -7 2 15 -44 85
	cCb -3 -4 -4 -1 -3 -4 -2 -3 -2 -4 -7 -5 -1 -4 -4 -3 -8 17 -4 -5 -4 -1 -8 18 -48
	cCr 1 -2 -2 6 -8 -6 6 -1 -8 -7 15 -2 -3 -2 -6 -13 7 27 14 2 -6 4 22 12 -1
E 36286250 37120417 1 37310 1
	p 3 7 0 11 0 1 128 192 256 128 192 256
	sY 11  0 0 24 36 40 47 56 54 72 47 88 30 112 15 144 0 176 0 208 0 240 0
	sCb 7 0 30 27 30 40 32 54 31 67 27 94 23 255 22
	sCr 2 0 2 255 2
	cY -1 1 -8 14 5 -3 0 1 -11 30 -44 -10 8 -2 -9 31 -69 91 4 -9 2 17 -49 92
	cCb -3 -4 -4 -2 -2 -4 -2 -3 -2 -4 -7 -5 -1 -4 -4 -3 -9 20 -4 -5 -4 -1 -8 19 -44
	cCr 2 -2 -2 5 -7 -5 4 -2 -6 -6 14 0 -2 -3 -6 -10 10 24 14 3 -5 4 22 9 -1
E 37120417 37954584 1 44072 1
	p 3 7 0 11 0 1 128 192 256 128 192 256
	sY 11  0 0 24 36 40 47 56 54 72 47 88 30 112 15 144 0 176 0 208 0 240 0
	sCb 9 0 25 27 25 40 28 54 26 67 21 81 19 94 18 108 18 255 18
	sCr 2 0 2 255 2
	cY -1 1 -7 14 5 -2 -1 1 -9 27 -43 -10 7 -2 -8 29 -65 89 4 -9 2 16 -48 90
	cCb -3 -4 -3 -1 -3 -4 -2 -3 -2 -3 -9 -5 -1 -3 -4 -2 -11 25 -3 -5 -4 -1 -10 26 -39
	cCr 0 -2 -4 2 -5 -4 1 -2 -8 -5 13 0 -6 -3 -6 -10 11 21 11 3 -4 1 20 8 -1
E 37954584 38788750 1 50834 1
	p 3 7 0 11 0 1 128 192 256 128 192 256
	sY 11  0 0 24 36 40 47 56 54 72 47 88 30 112 15 144 0 176 0 208 0 240 0
	sCb 7 0 22 27 22 40 25 54 24 67 19 94 16 255 16
	sCr 2 0 3 255 2
	cY 0 -1 -6 13 8 -3 -1 0 -7 26 -42 -19 10 -1 -8 31 -70 91 13 -13 3 19 -55 99
	cCb -3 -3 -4 1 -2 -5 -3 -3 -1 -2 -13 -6 -1 -4 -3 -1 -17 38 -2 -7 -4 0 -15 40 -25
	cCr 1 -2 -3 2 -4 -4 0 -2 -8 -6 11 1 -7 -3 -5 -11 11 22 10 2 -4 0 21 9 -1
E 38788750 39205834 1 7391 1
	p 3 7 0 11 0 1 128 192 256 128 192 256
	sY 11  0 0 24 20 40 35 56 50 72 38 88 28 112 9 144 0 176 0 208 0 240 0
	sCb 7 0 21 27 21 54 20 67 15 81 13 108 11 255 11
	sCr 2 0 1 255 1
	cY 3 -3 -6 11 18 -8 0 -1 -14 43 -48 -34 22 -5 -13 53 -104 106 22 -22 6 24 -71 118
	cCb -1 -4 -5 0 0 -10 1 -5 0 -4 -7 -11 7 -6 -4 -1 -15 30 -2 -8 -4 1 -14 34 -25
	cCr 1 -5 7 7 -24 -16 13 -7 -1 -4 7 8 17 0 -6 -9 10 20 39 6 -15 5 9 -5 0
E 39205834 40040000 1 10772 1
	p 3 7 0 11 0 1 128 192 256 128 192 256
	sY 11  0 0 24 20 40 35 56 50 72 38 88 28 112 9 144 0 176 0 208 0 240 0
	sCb 7 0 17 27 17 54 16 67 12 81 10 94 9 255 9
	sCr 2 0 1 255 1
	cY 0 0 -6 13 8 -2 -2 -1 -8 28 -44 -17 10 -1 -7 32 -75 95 11 -13 2 17 -53 99
	cCb -2 -5 -3 -1 -2 -5 -2 -4 -2 -5 -8 -7 0 -5 -4 -3 -11 26 -4 -6 -4 0 -11 27 -30
	cCr 1 -3 -2 7 -9 -7 5 -3 -9 -4 17 2 -2 -2 -5 -10 8 20 15 5 -5 6 23 3 0
E 40040000 40874167 1 17534 1
	p 3 7 0 11 0 1 128 192 256 128 192 256
	sY 11  0 0 24 20 40 35 56 50 72 38 88 28 112 9 144 0 176 0 208 0 240 0
	sCb 6 0 17 27 17 54 17 67 13 81 11 255 9
	sCr 2 0 1 255 1
	cY 0 -1 -6 12 7 -2 -1 0 -8 28 -44 -15 8 -1 -7 31 -73 94 10 -12 2 16 -51 97
	cCb -3 -4 -4 -1 -3 -5 -2 -4 -2 -3 -9 -5 0 -4 -3 -3 -11 24 -4 -6 -4 -2 -10 26 -29
	cCr -1 -3 -1 6 -8 -6 4 -3 -8 -4 14 2 0 -3 -4 -9 9 18 15 6 -5 5 22 5 0
E 40874167 41708334 1 24296 1
	p 3 7 0 11 0 1 128 192 256 128 192 256
	sY 11  0 0 24 20 40 35 56 50 72 38 88 28 112 9 144 0 176 0 208 0 240 0
	sCb 8 0 17 27 17 40 18 54 17 67 13 81 11 94 9 255 9
	sCr 2 0 1 255 1
	cY -1 0 -5 12 6 -1 -1 0 -7 25 -42 -13 7 -1 -7 28 -68 91 9 -10 1 16 -49 94
	cCb -3 -4 -4 -1 -3 -4 -2 -4 -2 -4 -8 -6 -1 -4 -3 -4 -10 23 -4 -6 -4 -1 -10 24 -30
	cCr 1 -2 -3 3 -7 -5 4 -2 -8 -5 14 2 -3 -3 -5 -9 10 20 12 4 -5 3 21 4 0
E 41708334 42542501 1 31058 1
	p 3 7 0 11 0 1 128 192 256 128 192 256
	sY 11  0 0 24 20 40 35 56 50 72 38 88 28 112 9 144 0 176 0 208 0 240 0
	sCb 6 0 17 27 17 54 17 67 13 81 11 255 9
	sCr 2 0 1 255 1
	cY 0 -1 -5 12 6 -2 -2 0 -7 25 -42 -13 7 0 -7 29 -68 91 9 -10 1 16 -49 95
	cCb -3 -4 -3 -2 -4 -4 -3 -4 -3 -4 -9 -5 -1 -4 -3 -3 -10 23 -4 -6 -4 -1 -10 24 -31
	cCr 0 -2 -1 5 -7 -5 3 -3 -8 -4 13 2 -3 -2 -5 -9 9 19 13 4 -5 3 23 4 -1
E 42542501 43376667 1 37820 1
	p 3 7 0 11 0 1 128 192 256 128 192 256
	sY 11  0 0 24 20 40 35 56 50 72 38 88 28 112 9 144 0 176 0 208 0 240 0
	sCb 6 0 17 27 17 54 17 67 12 81 10 255 9
	sCr 2 0 1 255 1
	cY 0 0 -6 13 5 -2 -1 0 -8 27 -43 -12 7 -1 -7 29 -69 91 8 -11 2 16 -49 94
	cCb -3 -3 -4 -2 -3 -4 -2 -3 -3 -4 -8 -6 -2 -4 -3 -3 -10 23 -4 -6 -4 -2 -10 24 -31
	cCr 1 -2 -2 3 -7 -6 3 -2 -7 -5 12 1 -3 -3 -5 -10 10 22 11 3 -4 3 22 7 0
E 43376667 44210834 1 44582 1
	p 3 7 0 11 0 1 128 192 256 128 192 256
	sY 11  0 0 24 20 40 35 56 50 72 38 88 28 112 9 144 0 176 0 208 0 240 0
	sCb 6 0 19 27 20 54 18 67 14 81 11 255 9
	sCr 2 0 2 255 2
	cY 0 0 -6 13 6 -2 -1 1 -9 27 -43 -13 8 -1 -8 30 -69 91 8 -11 2 16 -50 94
	cCb -3 -4 -4 -2 -2 -6 -2 -4 -2 -4 -8 -6 0 -4 -3 -3 -11 25 -4 -6 -4 -2 -10 25 -32
	cCr 1 -2 -3 3 -7 -5 3 -3 -8 -5 14 1 -4 -3 -5 -10 10 19 11 4 -5 4 22 6 0
E 44210834 45045001 1 51344 1
	p 3 7 0 11 0 1 128 192 256 128 192 256
	sY 11  0 0 24 20 40 35 56 50 72 38 88 28 112 9 144 0 176 0 208 0 240 0
	sCb 6 0 16 27 16 54 14 67 10 94 7 255 7
	sCr 2 0 1 255 1
	cY 0 -1 -5 12 7 -2 -1 0 -6 26 -42 -15 8 0 -7 29 -71 92 10 -12 2 17 -51 97
	cCb -3 -3 -4 -2 -3 -4 -2 -3 -2 -4 -8 -6 0 -4 -3 -2 -13 29 -3 -6 -4 -1 -11 30 -28
	cCr 0 -2 -2 4 -5 -5 2 -2 -8 -5 13 1 -5 -3 -6 -10 10 21 10 3 -5 2 23 7 0
E 45045001 45879167 1 58106 1
	p 3 7 0 11 0 1 128 192 256 128 192 256
	sY 11  0 0 24 20 40 35 56 50 72 38 88 28 112 9 144 0 176 0 208 0 240 0
	sCb 6 0 18 27 19 54 18 67 13 81 11 255 9
	sCr 2 0 2 255 2
	cY 0 1 -7 14 6 -3 -1 1 -10 30 -45 -14 9 -2 -8 32 -73 94 7 -11 2 17 -52 96
	cCb -2 -4 -4 0 -3 -5 -1 -4 -1 -3 -10 -7 1 -4 -3 -3 -13 29 -3 -6 -4 -1 -11 29 -31
	cCr 1 -2 -2 5 -7 -5 3 -2 -8 -6 16 1 -4 -3 -6 -11 9 23 12 4 -4 5 23 10 0
E 45879167 46713334 1 64868 1
	p 3 7 0 11 0 1 128 192 256 128 192 256
	sY 11  0 0 24 20 40 35 56 50 72 38 88 28 112 9 144 0 176 0 208 0 240 0
	sCb 7 0 18 27 18 54 17 67 13 81 10 94 9 255 8
	sCr 2 0 2 255 2
	cY 0 0 -6 13 7 -3 -1 1 -7 27 -44 -14 8 -1 -8 28 -67 91 10 -11 2 17 -50 95
	cCb -2 -4 -4 -1 -3 -5 -1 -4 -1 -4 -8 -8 1 -4 -3 -3 -12 29 -1 -7 -4 0 -11 32 -26
	cCr 1 -3 -3 4 -5 -5 2 -1 -8 -5 13 0 -4 -3 -5 -10 9 22 12 4 -4 2 22 10 0
E 46713334 47547501 1 6094 1
	p 3 7 0 11 0 1 128 192 256 128 192 256
	sY 11  0 0 24 20 40 35 56 50 72 38 88 28 112 9 144 0 176 0 208 0 240 0
	sCb 7 0 19 27 19 54 19 67 16 94 11 121 10 255 10
	sCr 2 0 2 255 2
	cY 0 0 -6 13 5 -2 -1 1 -8 27 -43 -12 7 -1 -8 29 -67 90 7 -9 1 16 -49 93
	cCb -2 -4 -3 -2 -2 -5 -2 -3 -2 -4 -8 -7 0 -4 -3 -2 -12 27 -3 -6 -4 -1 -11 28 -27
	cCr 0 -3 -3 4 -5 -5 2 -2 -8 -6 13 1 -5 -3 -5 -9 10 22 12 3 -4 1 21 9 0
E 47547501 48381667 1 12856 1
	p 3 7 0 11 0 1 128 192 256 128 192 256
	sY 11  0 0 24 20 40 35 56 50 72 38 88 28 112 9 144 0 176 0 208 0 240 0
	sCb 7 0 18 27 18 54 19 67 15 108 10 135 10 255 10
	sCr 2 0 2 255 2
	cY 0 0 -6 12 6 -3 -1 0 -7 24 -41 -12 7 -1 -7 27 -63 88 8 -9 1 16 -48 91
	cCb -2 -4 -4 -2 -3 -4 -2 -4 -2 -4 -9 -6 -2 -4 -3 -3 -12 26 -3 -6 -5 -2 -10 28 -28
	cCr 1 -2 -3 3 -5 -5 2 -1 -8 -6 12 0 -5 -3 -4 -10 11 23 12 4 -4 -1 20 9 -1
E 48381667 49215834 1 19618 1
	p 3 7 0 11 0 1 128 192 256 128 192 256
	sY 11  0 0 24 20 40 35 56 50 72 38 88 28 112 9 144 0 176 0 208 0 240 0
	sCb 7 0 20 27 20 40 22 54 21 67 17 94 12 255 11
	sCr 2 0 2 255 2
	cY 0 0 -6 12 5 -2 -1 0 -7 24 -41 -12 7 -1 -7 27 -65 89 7 -9 1 15 -47 91
	cCb -2 -4 -4 -1 -3 -5 -1 -4 -1 -5 -7 -8 1 -4 -4 -4 -7 21 0 -7 -4 0 -10 24 -29
	cCr 1 -1 -3 2 -8 -5 5 1 -7 -8 14 -3 -3 -3 -6 -13 6 31 14 2 -5 1 21 17 -1
E 49215834 50050001 1 26380 1
	p 3 7 0 11 0 1 128 192 256 128 192 256
	sY 11  0 0 24 20 40 35 56 50 72 38 88 28 112 9 144 0 176 0 208 0 240 0
	sCb 6 0 19 27 19 54 19 67 15 94 10 255 10
	sCr 2 0 1 255 1
	cY 0 0 -6 13 8 -3 -1 0 -8 27 -44 -18 11 -2 -8 32 -71 92 13 -13 3 19 -55 99
	cCb -2 -4 -4 -1 -3 -5 -3 -4 -1 -3 -10 -5 0 -4 -3 -2 -15 30 -5 -6 -4 -1 -13 32 -26
	cCr 0 -2 -2 4 -7 -6 3 -3 -8 -4 13 4 -1 -3 -5 -6 13 16 14 7 -3 4 23 2 0
E 50050001 50884167 1 33142 1
	p 3 7 0 11 0 1 128 192 256 128 192 256
	sY 11  0 0 24 20 40 35 56 50 72 38 88 28 112 9 144 0 176 0 208 0 240 0
	sCb 7 0 19 27 19 54 19 67 15 94 10 108 9 255 9
	sCr 2 0 1 255 1
	cY 1 0 -6 13 9 -4 -1 -1 -8 28 -44 -18 11 -2 -8 32 -72 91 13 -14 3 19 -55 100
	cCb -2 -3 -5 -1 -3 -5 -2 -3 -3 -2 -11 -6 0 -5 -4 -1 -15 30 -5 -7 -4 0 -12 31 -26
	cCr 0 -3 0 6 -8 -7 4 -3 -8 -3 14 4 1 -3 -6 -7 11 16 16 6 -4 5 22 3 0
E 50884167 51718334 1 39904 1
	p 3 7 0 11 0 1 128 192 256 128 192 256
	sY 11  0 0 24 20 40 35 56 50 72 38 88 28 112 9 144 0 176 0 208 0 240 0
	sCb 7 0 20 27 20 54 20 67 16 94 11 108 10 255 10
	sCr 2 0 1 255 2
	cY -1 1 -7 13 5 -2 -1 2 -9 26 -43 -10 7 -1 -9 28 -64 88 5 -9 2 17 -48 90
	cCb -2 -4 -4 -1 -3 -4 -3 -4 -2 -4 -10 -5 -1 -4 -3 -4 -11 25 -3 -6 -3 -1 -10 25 -31
	cCr 0 -3 -2 3 -5 -5 0 -3 -9 -3 14 3 -3 -3 -6 -7 11 17 11 5 -4 2 22 3 0
E 51718334 52552501 1 46666 1
	p 3 7 0 11 0 1 128 192 256 128 192 256
	sY 11  0 0 24 20 40 35 56 50 72 38 88 28 112 9 144 0 176 0 208 0 240 0
	sCb 7 0 20 27 20 54 19 67 16 94 11 108 11 255 11
	sCr 2 0 1 255 2
	cY -1 1 -6 13 5 -2 -1 1 -9 26 -43 -10 7 -1 -8 28 -64 89 6 -9 2 16 -48 90
	cCb -2 -4 -4 -1 -2 -5 -2 -4 -2 -4 -8 -7 -1 -4 -3 -3 -10 24 -3 -6 -4 -1 -11 26 -30
	cCr 1 -2 -3 3 -6 -4 3 -3 -7 -4 13 3 -2 -3 -6 -8 12 19 13 5 -3 3 21 5 0
E 52552501 53386667 1 53428 1
	p 3 7 0 11 0 1 128 192 256 128 192 256
	sY 11  0 0 24 20 40 35 56 50 72 38 88 28 112 9 144 0 176 0 208 0 240 0
	sCb 7 0 21 27 22 54 21 67 17 94 11 108 11 255 11
	sCr 2 0 1 255 2
	cY -1 1 -8 14 5 -2 -1 1 -10 28 -44 -10 7 -2 -9 30 -67 90 5 -9 2 17 -49 91
	cCb -2 -4 -4 -1 -2 -5 -2 -4 -2 -4 -8 -5 -1 -5 -4 -3 -11 22 -5 -6 -3 -1 -9 22 -34
	cCr 0 -2 -3 5 -4 -5 1 -1 -9 -6 15 1 -5 -4 -6 -10 12 23 11 3 -4 2 23 10 0
E 53386667 54220834 1 60190 1
	p 3 7 0 11 0 1 128 192 256 128 192 256
	sY 11  0 0 24 20 40 35 56 50 72 38 88 28 112 9 144 0 176 0 208 0 240 0
	sCb 7 0 23 27 24 54 22 67 17 81 13 108 10 255 10
	sCr 2 0 2 255 2
	cY 0 1 -8 14 6 -3 -1 1 -11 30 -46 -11 9 -2 -9 32 -70 92 5 -10 2 18 -50 93
	cCb -3 -4 -4 -2 -3 -4 -2 -4 -2 -3 -8 -6 -1 -4 -3 -4 -10 20 -5 -6 -4 -1 -9 21 -41
	cCr 1 -2 -3 4 -7 -5 3 -2 -8 -6 14 0 -3 -4 -5 -11 9 22 13 4 -5 3 23 12 -1
E 54220834 55055001 1 1416 1
	p 3 7 0 11 0 1 128 192 256 128 192 256
	sY 11  0 0 24 20 40 35 56 50 72 38 88 28 112 9 144 0 176 0 208 0 240 0
	sCb 6 0 21 27 22 54 21 67 17 108 12 255 12
	sCr 2 0 2 255 2
	cY -1 2 -8 14 6 -4 0 2 -12 31 -46 -11 9 -2 -10 33 -70 92 6 -10 3 18 -51 93
	cCb -2 -4 -4 -2 -2 -6 -1 -4 0 -5 -8 -7 1 -3 -4 -3 -11 24 -3 -7 -4 0 -10 24 -31
	cCr 1 -1 -1 6 -9 -7 5 -2 -7 -5 16 -1 1 -2 -6 -10 7 23 18 5 -6 5 22 9 -1
E 55055001 55889167 1 8178 1
	p 3 7 0 11 0 1 128 192 256 128 192 256
	sY 11  0 0 24 20 40 35 56 50 72 38 88 28 112 9 144 0 176 0 208 0 240 0
	sCb 8 0 22 27 22 40 24 54 23 67 18 94 13 108 12 255 12
	sCr 2 0 2 255 2
	cY -1 2 -8 15 6 -3 0 2 -12 31 -46 -11 9 -2 -10 33 -71 92 5 -10 3 18 -51 94
	cCb -2 -5 -4 -1 -3 -5 -1 -4 -1 -4 -9 -6 -1 -5 -3 -3 -12 22 -4 -7 -3 -1 -10 24 -34
	cCr 0 -2 -2 5 -9 -5 6 -3 -7 -5 13 1 0 -2 -4 -9 6 18 15 6 -5 4 22 10 -1
E 55889167 56723334 1 14940 1
	p 3 7 0 11 0 1 128 192 256 128 192 256
	sY 11  0 0 24 20 40 35 56 50 72 38 88 28 112 9 144 0 176 0 208 0 240 0
	sCb 6 0 22 27 22 54 22 67 18 108 12 255 12
	sCr 2 0 2 255 2
	cY -1 1 -7 13 5 -3 -1 2 -9 27 -44 -11 8 -2 -8 29 -66 90 6 -10 2 16 -49 92
	cCb -2 -3 -4 -2 -3 -4 -3 -4 -2 -4 -8 -6 -1 -3 -3 -3 -12 24 -5 -6 -4 -1 -11 25 -33
	cCr 0 -2 -1 4 -7 -5 4 -3 -7 -5 13 1 -1 -2 -5 -9 9 20 14 5 -5 2 22 6 0
E 56723334 57557501 1 21702 1
	p 3 7 0 11 0 1 128 192 256 128 192 256
	sY 11  0 0 24 20 40 35 56 50 72 38 88 28 112 9 144 0 176 0 208 0 240 0
	sCb 8 0 22 27 22 40 24 54 22 67 18 81 15 108 11 255 11
	sCr 2 0 2 255 2
	cY -1 1 -8 14 6 -2 -1 2 -11 30 -45 -11 8 -2 -10 33 -71 92 5 -10 2 18 -51 94
	cCb -3 -3 -4 -1 -3 -5 -3 -4 -3 -3 -9 -5 -1 -4 -4 -3 -11 22 -4 -6 -4 -1 -10 22 -35
	cCr 1 -2 -2 4 -7 -6 3 -2 -8 -6 12 1 -2 -3 -5 -9 10 19 14 6 -5 3 23 9 0
E 57557501 58391667 1 28464 1
	p 3 7 0 11 0 1 128 192 256 128 192 256
	sY 11  0 0 24 20 40 35 56 50 72 38 88 28 112 9 144 0 176 0 208 0 240 0
	sCb 7 0 21 27 22 54 22 67 17 81 15 108 11 255 10
	sCr 2 0 2 255 2
	cY 0 0 -6 12 6 -3 -1 0 -8 26 -42 -11 8 -2 -7 29 -67 90 7 -10 2 16 -49 92
	cCb -3 -4 -3 -2 -2 -5 -2 -4 -3 -4 -8 -6 0 -4 -4 -3 -11 22 -4 -6 -4 -1 -9 23 -32
	cCr 1 -2 -2 3 -7 -5 4 -2 -7 -6 11 1 -2 -3 -5 -9 8 21 13 4 -5 2 21 8 0
E 58391667 59225834 1 35226 1
	p 3 7 0 11 0 1 128 192 256 128 192 256
	sY 11  0 0 24 20 40 35 56 50 72 38 88 28 112 9 144 0 176 0 208 0 240 0
	sCb 7 0 19 27 20 54 20 67 16 94 11 121 10 255 10
	sCr 2 0 1 255 2
	cY 1 0 -7 13 10 -5 -1 0 -12 35 -47 -19 13 -3 -10 39 -84 99 12 -14 3 19 -59 105
	cCb -1 -4 -5 0 -3 -7 0 -5 0 -6 -8 -8 3 -5 -4 -4 -7 21 1 -7 -5 0 -11 23 -27
	cCr -2 -1 0 6 -19 -12 14 -3 -4 -3 9 -6 11 0 -4 -11 2 26 31 6 -13 3 18 13 -1
E 59225834 60060001 1 41988 1
	p 3 7 0 11 0 1 128 192 256 128 192 256
	sY 11  0 0 24 20 40 35 56 50 72 38 88 28 112 9 144 0 176 0 208 0 240 0
	sCb 7 0 23 27 23 54 23 67 19 94 13 108 11 255 11
	sCr 2 0 1 255 2
	cY -1 1 -8 14 6 -3 -1 2 -11 30 -46 -11 8 -2 -10 32 -70 92 6 -9 2 18 -51 94
	cCb -3 -4 -3 -2 -2 -5 -2 -3 -2 -5 -8 -7 0 -4 -5 -3 -10 22 -3 -6 -5 -1 -11 24 -29
	cCr 1 -2 -2 5 -8 -5 4 -2 -8 -6 14 2 0 -2 -6 -9 7 17 12 6 -5 6 26 8 0
E 60060001 60894167 1 48750 1
	p 3 7 0 11 0 1 128 192 256 128 192 256
	sY 11  0 0 24 20 40 35 56 50 72 38 88 28 112 9 144 0 176 0 208 0 240 0
	sCb 7 0 20 27 20 54 21 81 13 94 11 108 10 255 10
	sCr 2 0 1 255 1
	cY 0 0 -7 13 6 -3 -1 1 -10 29 -44 -13 9 -2 -9 32 -70 93 8 -10 2 17 -52 95
	cCb -2 -4 -5 -1 -3 -5 -1 -4 -2 -4 -9 -6 0 -4 -3 -3 -10 24 -4 -6 -4 -1 -10 24 -28
	cCr 1 -2 -1 6 -10 -7 7 -3 -7 -6 15 1 1 -2 -6 -11 7 20 17 6 -6 6 24 8 -1
E 60894167 61728334 1 55512 1
	p 3 7 0 11 0 1 128 192 256 128 192 256
	sY 11  0 0 24 20 40 35 56 50 72 38 88 28 112 9 144 0 176 0 208 0 240 0
	sCb 7 0 22 27 23 54 23 81 15 94 12 108 11 255 11
	sCr 2 0 2 255 2
	cY -1 1 -7 13 6 -2 -1 1 -9 28 -44 -14 8 -2 -8 31 -70 93 9 -10 2 17 -51 96
	cCb -3 -4 -4 -2 -3 -5 -3 -5 -2 -4 -8 -6 0 -4 -4 -2 -13 24 -5 -6 -3 -1 -11 26 -28
	cCr 1 -3 -2 4 -7 -5 4 -3 -7 -5 14 2 -1 -2 -6 -9 8 18 14 4 -5 3 23 7 0
E 61728334 62562501 1 62274 1
	p 3 7 0 11 0 1 128 192 256 128 192 256
	sY 11  0 0 24 20 40 35 56 50 72 38 88 28 112 9 144 0 176 0 208 0 240 0
	sCb 6 0 19 27 20 54 20 67 17 108 9 255 9
	sCr 2 0 1 255 1
	cY 0 1 -8 14 7 -3 -1 1 -11 31 -46 -13 9 -2 -9 33 -72 94 9 -11 2 18 -53 97
	cCb -2 -4 -4 -1 -3 -5 -2 -4 -2 -4 -9 -5 -1 -4 -4 -2 -12 23 -5 -6 -4 -2 -11 25 -29
	cCr 1 -2 -2 6 -7 -5 4 -3 -8 -4 14 1 -1 -2 -6 -9 8 18 15 5 -4 4 23 6 0
E 62562501 63396667 1 3500 1
	p 3 7 0 11 0 1 128 192 256 128 192 256
	sY 11  0 0 24 20 40 35 56 50 72 38 88 28 112 9 144 0 176 0 208 0 240 0
	sCb 6 0 20 27 20 54 21 81 14 94 11 255 9
	sCr 2 0 1 255 1
	cY 0 0 -6 12 6 -3 -1 1 -9 28 -43 -13 8 -2 -9 31 -68 91 8 -10 2 17 -51 94
	cCb -3 -4 -4 -2 -3 -4 -1 -4 -2 -3 -9 -5 -1 -5 -3 -3 -12 22 -5 -6 -3 -2 -10 23 -31
	cCr 1 -2 -2 4 -6 -6 3 -3 -8 -5 13 1 -1 -2 -5 -9 10 16 13 5 -5 3 23 6 0
E 63396667 64230834 1 10262 1
	p 3 7 0 11 0 1 128 192 256 128 192 256
	sY 11  0 0 24 20 40 35 56 50 72 38 88 28 112 9 144 0 176 0 208 0 240 0
	sCb 7 0 20 27 21 54 21 81 13 94 11 108 9 255 9
	sCr 2 0 1 255 1
	cY 0 0 -6 13 7 -3 -1 1 -9 29 -44 -13 9 -2 -9 32 -71 93 8 -11 2 17 -52 96
	cCb -2 -4 -4 -2 -3 -5 -2 -3 -3 -3 -8 -6 -1 -4 -4 -2 -11 22 -5 -5 -4 -1 -11 24 -31
	cCr 0 -2 -1 4 -7 -4 4 -3 -7 -4 13 3 0 -3 -5 -8 10 16 12 5 -4 4 22 3 0
E 64230834 65065001 1 17024 1
	p 3 7 0 11 0 1 128 192 256 128 192 256
	sY 11  0 0 24 20 40 35 56 50 72 38 88 28 112 9 144 0 176 0 208 0 240 0
	sCb 7 0 23 27 23 54 23 67 19 94 12 108 11 255 11
	sCr 2 0 2 255 2
	cY 0 1 -8 14 6 -2 -1 1 -10 30 -46 -13 8 -1 -9 32 -72 94 8 -11 2 17 -52 96
	cCb -3 -4 -5 -1 -2 -6 -3 -4 -2 -4 -8 -7 0 -4 -4 -3 -12 25 -5 -6 -5 -1 -10 25 -30
	cCr 0 -3 -2 5 -7 -5 3 -3 -6 -3 14 3 0 -3 -6 -8 10 19 13 5 -4 3 23 7 -1
E 65065001 65899167 1 23786 1
	p 3 7 0 11 0 1 128 192 256 128 192 256
	sY 11  0 0 24 20 40 35 56 50 72 38 88 28 112 9 144 0 176 0 208 0 240 0
	sCb 8 0 21 27 21 40 23 54 22 67 18 94 13 121 11 255 11
	sCr 2 0 2 255 2
	cY 0 1 -8 14 7 -5 0 3 -14 34 -48 -12 10 -3 -12 38 -76 95 5 -11 3 20 -55 98
	cCb -2 -4 -4 -1 -2 -6 -1 -5 -1 -5 -8 -7 1 -4 -3 -4 -10 22 -3 -7 -4 0 -11 25 -32
	cCr 1 -2 -1 6 -12 -7 8 -3 -6 -5 15 -1 4 -2 -6 -9 6 19 19 6 -6 5 22 9 0
E 65899167 66733334 1 30548 1
	p 3 7 0 11 0 1 128 192 256 128 192 256
	sY 11  0 0 24 20 40 35 56 50 72 38 88 28 112 9 144 0 176 0 208 0 240 0
	sCb 7 0 22 27 22 40 24 54 22 67 19 94 13 255 12
	sCr 2 0 2 255 2
	cY -1 2 -10 16 6 -4 0 3 -14 34 -49 -10 9 -3 -11 36 -74 94 4 -10 3 19 -53 95
	cCb -2 -4 -4 -1 -3 -6 -2 -4 -2 -4 -8 -6 0 -4 -4 -2 -11 21 -4 -6 -4 -1 -10 22 -36
	cCr 1 -2 -1 6 -13 -8 7 -2 -6 -5 13 0 4 -2 -6 -10 7 21 21 6 -7 5 22 9 0
E 66733334 67567501 1 37310 1
	p 3 7 0 11 0 1 128 192 256 128 192 256
	sY 11  0 0 24 20 40 35 56 50 72 38 88 28 112 9 144 0 176 0 208 0 240 0
	sCb 7 0 23 27 24 54 22 67 17 81 13 108 10 255 10
	sCr 2 0 2 255 2
	cY 0 1 -7 13 7 -4 0 2 -12 32 -46 -13 10 -2 -11 36 -76 95 6 -11 3 18 -53 97
	cCb -3 -3 -4 -2 -3 -5 -2 -4 -2 -4 -8 -6 0 -4 -4 -3 -10 21 -5 -6 -3 0 -10 21 -38
	cCr -1 -2 -2 4 -12 -6 6 -2 -6 -5 10 0 1 -2 -5 -10 7 20 20 7 -6 5 22 8 0
E 67567501 67984584 1 7391 1
	p 3 7 0 11 0 1 128 192 256 128 192 256
	sY 11  0 0 24 31 40 47 56 50 72 45 88 40 112 24 144 0 176 0 208 0 240 0
	sCb 8 0 24 27 24 40 27 54 25 67 22 94 17 108 17 255 16
	sCr 2 0 1 255 1
	cY 1 1 -10 13 16 -9 1 2 -21 48 -50 -30 22 -6 -17 59 -107 106 18 -22 7 26 -73 118
	cCb -1 -5 -4 1 1 -10 1 -5 3 -5 -7 -14 9 -7 -5 -2 -15 32 1 -10 -3 2 -14 37 -26
	cCr 3 0 -1 4 -18 -10 9 -6 -1 -3 9 5 15 0 -9 -6 14 13 31 12 -8 4 19 1 0
E 67984584 68818751 1 10772 1
	p 3 7 0 11 0 1 128 192 256 128 192 256
	sY 11  0 0 24 31 40 47 56 50 72 45 88 40 112 24 144 0 176 0 208 0 240 0
	sCb 7 0 23 27 23 40 26 54 24 67 21 94 18 255 17
	sCr 2 0 2 255 2
	cY 0 1 -8 14 8 -4 -1 2 -13 35 -48 -16 12 -3 -11 40 -82 98 8 -14 3 20 -57 100
	cCb -2 -4 -4 -1 -1 -6 -1 -4 0 -4 -9 -8 3 -5 -3 -3 -11 26 -1 -7 -3 0 -12 29 -31
	cCr 1 -2 -2 7 -10 -8 5 -2 -7 -4 15 2 2 -2 -6 -9 8 19 17 8 -5 6 24 8 0
E 68818751 69652917 1 17534 1
	p 3 7 0 11 0 1 128 192 256 128 192 256
	sY 11  0 0 24 31 40 47 56 50 72 45 88 40 112 24 144 0 176 0 208 0 240 0
	sCb 7 0 23 27 24 40 27 54 27 67 24 94 21 255 21
	sCr 2 0 2 255 3
	cY 0 1 -8 14 10 -5 -1 2 -14 37 -49 -18 13 -3 -12 42 -86 100 10 -15 4 21 -60 103
	cCb -2 -3 -4 0 -2 -7 0 -4 -1 -3 -10 -9 3 -5 -3 -3 -13 29 -2 -7 -4 0 -11 31 -28
	cCr 0 -1 2 7 -15 -8 10 -2 -7 -5 12 1 7 -1 -5 -12 2 21 25 8 -8 5 22 9 0
E 69652917 70487084 1 24296 1
	p 3 7 0 11 0 1 128 192 256 128 192 256
	sY 11  0 0 24 31 40 47 56 50 72 45 88 40 112 24 144 0 176 0 208 0 240 0
	sCb 8 0 19 27 19 40 22 54 21 67 18 94 13 121 12 255 12
	sCr 2 0 2 255 2
	cY 0 0 -7 14 7 -3 -1 1 -10 30 -46 -15 10 -1 -9 34 -75 94 9 -12 3 18 -54 98
	cCb -2 -4 -4 0 -2 -6 -1 -4 -1 -3 -10 -7 2 -4 -3 -2 -14 30 -2 -7 -4 0 -13 32 -30
	cCr 0 -2 0 6 -10 -7 6 0 -6 -7 11 0 1 -1 -4 -13 1 25 22 6 -7 3 20 14 0
E 70487084 71321251 1 31058 1
	p 3 7 0 11 0 1 128 192 256 128 192 256
	sY 11  0 0 24 31 40 47 56 50 72 45 88 40 112 24 144 0 176 0 208 0 240 0
	sCb 8 0 23 27 23 40 27 54 26 67 22 94 16 121 15 255 15
	sCr 2 0 2 255 3
	cY 0 0 -7 14 7 -2 -1 1 -10 30 -45 -14 9 -1 -9 33 -74 93 8 -12 2 18 -53 97
	cCb -2 -3 -5 -2 -2 -5 -1 -3 -2 -3 -9 -7 1 -4 -4 -2 -13 29 -4 -7 -4 -1 -11 30 -31
	cCr 0 -2 0 5 -10 -6 5 -1 -7 -6 12 0 1 -1 -4 -11 6 21 18 5 -7 3 21 10 0
E 71321251 72155417 1 37820 1
	p 3 7 0 11 0 1 128 192 256 128 192 256
	sY 11  0 0 24 31 40 47 56 50 72 45 88 40 112 24 144 0 176 0 208 0 240 0
	sCb 8 0 23 27 23 40 27 54 27 67 22 94 16 108 14 255 14
	sCr 2 0 2 255 3
	cY 1 -3 -4 12 10 -3 -1 -2 -5 27 -43 -21 12 -1 -8 33 -76 94 15 -15 3 19 -57 103
	cCb -3 -3 -3 -2 -2 -5 -2 -3 -2 -2 -10 -7 0 -4 -3 -1 -16 31 -4 -7 -3 -1 -12 33 -27
	cCr 0 -2 -1 3 -8 -6 3 0 -6 -7 11 0 -2 -2 -5 -11 8 23 16 4 -6 2 21 10 0
E 72155417 72989584 1 44582 1
	p 3 7 0 11 0 1 128 192 256 128 192 256
	sY 11  0 0 24 31 40 47 56 50 72 45 88 40 112 24 144 0 176 0 208 0 240 0
	sCb 8 0 21 27 21 40 24 54 23 67 20 94 14 108 13 255 13
	sCr 2 0 2 255 2
	cY 1 -3 -4 11 10 -2 -2 -3 -4 26 -42 -23 11 0 -6 31 -76 93 17 -15 2 18 -57 104
	cCb -1 -4 -4 -1 -3 -5 -2 -4 -1 -3 -10 -6 0 -3 -3 -2 -15 31 -4 -6 -4 0 -12 33 -26
	cCr 1 -3 -1 4 -7 -5 3 -2 -8 -5 12 1 -2 -2 -5 -9 9 20 14 5 -6 2 22 8 0
E 72989584 73823751 1 51344 1
	p 3 7 0 11 0 1 128 192 256 128 192 256
	sY 11  0 0 24 31 40 47 56 50 72 45 88 40 112 24 144 0 176 0 208 0 240 0
	sCb 7 0 18 27 19 40 21 54 21 94 12 121 11 255 11
	sCr 2 0 2 255 2
	cY 1 -3 -3 11 10 -2 -2 -3 -3 24 -41 -22 10 0 -6 29 -74 93 16 -15 2 17 -55 102
	cCb -2 -4 -3 -1 -3 -4 -3 -4 -1 -4 -10 -6 -1 -4 -3 -3 -14 30 -4 -7 -4 -2 -12 31 -26
	cCr 0 -1 -2 3 -7 -5 2 -1 -6 -6 10 0 -3 -3 -4 -10 9 20 13 5 -5 1 20 8 0
E 73823751 74657917 1 58106 1
	p 3 7 0 11 0 1 128 192 256 128 192 256
	sY 11  0 0 24 31 40 47 56 50 72 45 88 40 112 24 144 0 176 0 208 0 240 0
	sCb 8 0 24 27 24 40 27 54 27 67 23 94 16 108 14 255 14
	sCr 2 0 2 255 2
	cY 1 -2 -4 12 10 -3 -2 -2 -4 25 -42 -23 11 0 -6 30 -75 93 17 -15 2 17 -56 103
	cCb -3 -2 -4 -2 -2 -5 -1 -3 -2 -3 -9 -7 0 -5 -4 -2 -15 30 -4 -5 -4 0 -13 33 -26
	cCr 1 -1 -3 3 -6 -5 3 -1 -6 -5 11 0 -3 -2 -5 -11 10 22 13 4 -5 1 20 9 0
E 74657917 75492084 1 64868 1
	p 3 7 0 11 0 1 128 192 256 128 192 256
	sY 11  0 0 24 31 40 47 56 50 72 45 88 40 112 24 144 0 176 0 208 0 240 0
	sCb 7 0 24 27 24 40 27 54 27 94 15 121 14 255 14
	sCr 2 0 2 255 3
	cY 1 -3 -3 11 8 -1 -2 -2 -3 23 -41 -20 8 0 -5 27 -71 92 16 -13 1 17 -53 100
	cCb -3 -3 -4 -1 -3 -4 -3 -4 -2 -2 -12 -4 -1 -4 -4 -1 -16 32 -6 -6 -4 0 -11 30 -26
	cCr 0 -1 -3 2 -5 -3 1 -2 -7 -5 11 -1 -6 -2 -5 -9 11 21 11 3 -4 1 20 9 0
E 75492084 76326251 1 6094 1
	p 3 7 0 11 0 1 128 192 256 128 192 256
	sY 11  0 0 24 31 40 47 56 50 72 45 88 40 112 24 144 0 176 0 208 0 240 0
	sCb 7 0 24 27 24 40 27 54 27 94 15 108 14 255 14
	sCr 2 0 2 255 2
	cY 1 -3 -3 11 8 -2 -2 -2 -2 22 -40 -20 8 1 -5 26 -69 91 16 -13 1 16 -52 99
	cCb -3 -3 -5 -1 -3 -4 -2 -4 -2 -3 -10 -6 -1 -3 -3 -3 -13 30 -4 -7 -4 -2 -10 30 -26
	cCr 1 -2 -3 2 -6 -4 1 -1 -7 -5 10 -1 -5 -2 -5 -10 11 23 11 3 -5 0 20 10 0
E 76326251 77160417 1 12856 1
	p 3 7 0 11 0 1 128 192 256 128 192 256
	sY 11  0 0 24 31 40 47 56 50 72 45 88 40 112 24 144 0 176 0 208 0 240 0
	sCb 7 0 22 27 22 40 25 54 24 94 14 121 13 255 13
	sCr 2 0 2 255 2
	cY -1 0 -5 12 5 -1 -1 0 -6 22 -40 -12 6 0 -6 25 -62 88 8 -9 1 14 -46 91
	cCb -3 -3 -4 -3 -3 -4 -3 -3 -3 -3 -9 -6 -2 -3 -3 -4 -11 25 -5 -6 -5 -2 -9 25 -32
	cCr -1 -1 -2 2 -5 -3 1 -1 -6 -6 10 -1 -5 -3 -4 -10 10 22 11 2 -5 0 19 11 0
E 77160417 77994584 1 19618 1
	p 3 7 0 11 0 1 128 192 256 128 192 256
	sY 11  0 0 24 31 40 47 56 50 72 45 88 40 112 24 144 0 176 0 208 0 240 0
	sCb 8 0 24 27 24 40 27 54 26 67 22 94 16 121 15 255 15
	sCr 2 0 2 255 2
	cY 0 0 -4 11 6 -1 -2 -1 -5 23 -40 -13 6 0 -5 26 -66 90 9 -10 1 14 -48 94
	cCb -1 -4 -4 -1 -2 -7 -1 -4 0 -5 -7 -9 2 -5 -3 -4 -8 23 0 -7 -5 -1 -10 25 -30
	cCr 1 -2 -2 4 -10 -7 9 1 -3 -8 7 -6 3 -1 -5 -12 3 31 19 2 -8 -1 16 19 0
E 77994584 78828751 1 26380 1
	p 3 7 0 11 0 1 128 192 256 128 192 256
	sY 11  0 0 24 31 40 47 56 50 72 45 88 40 112 24 144 0 176 0 208 0 240 0
	sCb 7 0 25 27 25 40 27 54 27 94 18 108 16 255 16
	sCr 2 0 2 255 2
	cY -1 0 -6 13 6 -2 -1 1 -9 27 -44 -12 7 -1 -7 29 -68 91 7 -10 2 16 -49 92
	cCb -3 -4 -4 -2 -3 -4 -3 -3 -3 -3 -9 -4 -2 -3 -3 -3 -11 22 -6 -5 -4 -2 -9 22 -37
	cCr 1 -2 -2 5 -6 -5 3 -2 -7 -4 14 3 0 -2 -6 -7 11 16 13 6 -4 4 21 4 0
E 78828751 79662917 1 33142 1
	p 3 7 0 11 0 1 128 192 256 128 192 256
	sY 11  0 0 24 31 40 47 56 50 72 45 88 40 112 24 144 0 176 0 208 0 240 0
	sCb 8 0 25 27 25 40 27 54 27 67 23 94 17 108 16 255 15
	sCr 2 0 2 255 2
	cY 0 0 -6 12 6 -2 -1 0 -8 27 -43 -12 7 -1 -7 29 -68 91 7 -10 2 15 -48 92
	cCb -2 -3 -4 -3 -3 -4 -2 -3 -3 -4 -9 -5 -2 -4 -4 -3 -10 21 -6 -5 -4 -1 -9 21 -37
	cCr 0 -2 -2 4 -6 -5 2 -3 -7 -4 13 3 -1 -2 -6 -8 11 19 13 5 -4 3 22 5 0
E 79662917 80497084 1 39904 1
	p 3 7 0 11 0 1 128 192 256 128 192 256
	sY 11  0 0 24 31 40 47 56 50 72 45 88 40 112 24 144 0 176 0 208 0 240 0
	sCb 8 0 22 27 22 40 24 54 24 81 17 94 15 121 13 255 13
	sCr 2 0 2 255 2
	cY 0 0 -6 12 5 -1 -1 0 -8 25 -43 -12 6 -1 -7 28 -66 90 7 -9 1 15 -48 92
	cCb -3 -3 -4 -3 -3 -4 -3 -2 -3 -3 -9 -5 -2 -3 -4 -2 -12 26 -4 -6 -4 -1 -11 27 -31
	cCr 0 -2 -2 3 -6 -5 3 -2 -8 -5 13 2 -2 -2 -5 -9 10 18 11 4 -5 2 22 4 0
E 80497084 81331250 1 46666 1
	p 3 7 0 11 0 1 128 192 256 128 192 256
	sY 11  0 0 24 31 40 47 56 50 72 45 88 40 112 24 144 0 176 0 208 0 240 0
	sCb 8 0 24 27 24 40 26 54 26 81 18 94 16 108 15 255 15
	sCr 2 0 2 255 2
	cY 0 0 -6 13 5 -1 -1 0 -8 26 -43 -12 6 0 -7 28 -68 91 8 -10 1 15 -49 93
	cCb -2 -4 -4 -2 -2 -4 -2 -4 -2 -3 -9 -6 -1 -3 -3 -3 -12 26 -4 -6 -4 -1 -10 27 -31
	cCr 1 -3 -3 3 -5 -5 1 -3 -8 -4 14 1 -4 -3 -5 -8 11 17 11 5 -4 3 21 4 0
E 81331250 82165417 1 53428 1
	p 3 7 0 11 0 1 128 192 256 128 192 256
	sY 11  0 0 24 31 40 47 56 50 72 45 88 40 112 24 144 0 176 0 208 0 240 0
	sCb 9 0 22 27 22 40 24 54 24 81 17 94 15 108 14 121 14 255 14
	sCr 2 0 2 255 2
	cY 0 0 -6 13 6 -2 -1 0 -8 28 -44 -15 8 -1 -8 32 -72 93 10 -11 2 17 -53 98
	cCb -2 -4 -3 -2 -2 -5 -2 -4 -1 -4 -9 -8 0 -4 -4 -3 -11 28 -2 -6 -5 -1 -11 29 -30
	cCr 1 -2 -2 5 -9 -5 6 -1 -7 -6 14 -1 -1 -2 -5 -11 6 25 14 4 -5 3 21 12 0
E 82165417 82999584 1 60190 1
	p 3 7 0 11 0 1 128 192 256 128 192 256
	sY 11  0 0 24 31 40 47 56 50 72 45 88 40 112 24 144 0 176 0 208 0 240 0
	sCb 7 0 23 27 23 40 26 54 26 67 23 108 21 255 21
	sCr 2 0 2 255 2
	cY 0 1 -8 15 8 -4 -1 1 -12 34 -48 -15 11 -2 -10 37 -80 97 8 -14 3 19 -56 99
	cCb -2 -3 -4 -1 -2 -6 -1 -5 0 -5 -7 -9 2 -5 -4 -3 -9 24 0 -7 -4 -1 -11 27 -30
	cCr 1 -1 -1 5 -10 -7 7 -3 -6 -6 13 0 4 -2 -5 -11 5 23 21 6 -7 3 22 12 0
E 82999584 83833750 1 1416 1
	p 3 7 0 11 0 1 128 192 256 128 192 256
	sY 11  0 0 24 31 40 47 56 50 72 45 88 40 112 24 144 0 176 0 208 0 240 0
	sCb 4 0 27 54 27 94 13 255 12
	sCr 2 0 1 255 1
	cY 2 -1 -8 11 16 -8 1 1 -18 46 -50 -29 21 -6 -15 55 -104 106 18 -20 6 24 -72 118
	cCb -2 -4 -4 0 -1 -8 0 -5 0 -5 -6 -10 5 -5 -5 0 -16 31 -3 -7 -5 2 -13 34 -27
	cCr 3 -2 -1 1 -18 -8 9 -5 -3 -4 10 5 13 1 -8 -6 13 10 27 10 -9 6 19 -1 0
E 83833750 84667917 1 8178 1
	p 3 7 0 11 0 1 128 192 256 128 192 256
	sY 11  0 0 24 31 40 47 56 50 72 45 88 40 112 24 144 0 176 0 208 0 240 0
	sCb 6 0 21 54 21 81 11 108 6 121 6 255 6
	sCr 2 0 2 255 2
	cY 0 -1 -5 12 8 -2 -2 -1 -7 28 -44 -18 8 -1 -7 31 -74 95 14 -12 2 16 -54 102
	cCb -2 -4 -4 0 -2 -6 -2 -4 -1 -3 -10 -7 0 -4 -3 -3 -15 32 -5 -6 -4 -1 -12 31 -27
	cCr 1 -3 -1 7 -9 -6 5 -3 -8 -6 17 3 0 -3 -6 -11 8 22 15 4 -5 6 24 8 0
E 84667917 85502084 1 14940 1
	p 3 7 0 11 0 1 128 192 256 128 192 256
	sY 11  0 0 24 31 40 47 56 50 72 45 88 40 112 24 144 0 176 0 208 0 240 0
	sCb 8 0 24 27 24 54 25 81 13 94 9 108 8 121 8 255 8
	sCr 2 0 2 255 2
	cY 2 -3 -4 11 11 -2 -2 -3 -6 29 -43 -26 12 -1 -7 36 -84 97 21 -16 3 19 -62 111
	cCb -1 -5 -5 0 -1 -9 2 -6 4 -7 -8 -13 8 -6 -4 -5 -7 24 4 -10 -4 1 -12 28 -24
	cCr 0 -1 2 4 -18 -9 12 -2 -5 -5 9 1 14 -1 -7 -9 5 20 31 9 -9 4 21 8 -1
E 85502084 86336250 1 21702 1
	p 3 7 0 11 0 1 128 192 256 128 192 256
	sY 11  0 0 24 31 40 47 56 50 72 45 88 40 112 24 144 0 176 0 208 0 240 0
	sCb 8 0 26 27 27 54 27 67 22 81 14 108 9 121 9 255 9
	sCr 2 0 2 255 2
	cY 0 -1 -5 12 7 -1 -2 -1 -6 26 -44 -17 6 1 -6 28 -71 94 13 -10 1 16 -52 99
	cCb -2 -4 -3 -3 -2 -5 -2 -4 -1 -4 -8 -7 1 -4 -4 -2 -13 30 -3 -7 -4 0 -12 32 -27
	cCr 1 -2 -2 4 -8 -6 4 -2 -7 -7 14 0 -2 -3 -5 -11 7 22 15 4 -6 5 22 9 0
E 86336250 87170417 1 28464 1
	p 3 7 0 11 0 1 128 192 256 128 192 256
	sY 11  0 0 24 31 40 47 56 50 72 45 88 40 112 24 144 0 176 0 208 0 240 0
	sCb 8 0 17 27 17 54 18 81 9 94 7 108 6 121 6 255 6
	sCr 2 0 1 255 1
	cY 1 -2 -4 10 9 -1 -2 -2 -5 26 -42 -21 8 0 -5 31 -77 96 16 -12 1 16 -55 105
	cCb -1 -4 -4 -1 -1 -8 0 -4 1 -5 -8 -11 6 -6 -3 -4 -10 27 2 -8 -5 0 -12 30 -25
	cCr 1 -1 -1 6 -13 -8 10 -1 -6 -6 12 -4 5 -2 -6 -13 4 25 24 7 -9 3 21 15 -1
E 87170417 88004584 1 35226 1
	p 3 7 0 11 0 1 128 192 256 128 192 256
	sY 11  0 0 24 31 40 47 56 50 72 45 88 40 112 24 144 0 176 0 208 0 240 0
	sCb 4 0 24 54 26 81 13 255 7
	sCr 2 0 3 255 2
	cY 0 -1 -5 11 7 -1 -2 -1 -6 27 -43 -17 7 1 -6 30 -73 94 13 -11 1 16 -53 101
	cCb -2 -4 -4 -1 -2 -5 -2 -4 -2 -3 -9 -7 1 -4 -3 -3 -15 31 -3 -7 -4 -1 -12 32 -27
	cCr 2 -1 -3 4 -8 -5 5 0 -7 -9 17 -3 -4 -1 -5 -14 4 34 12 2 -5 3 22 21 0
E 88004584 88838750 1 41988 1
	p 3 7 0 11 0 1 128 192 256 128 192 256
	sY 11  0 0 24 31 40 47 56 50 72 45 88 40 112 24 144 0 176 0 208 0 240 0
	sCb 9 0 17 27 17 40 18 67 14 81 9 94 6 108 5 121 5 255 5
	sCr 2 0 2 255 1
	cY 0 -2 -4 11 8 -1 -2 -2 -4 26 -42 -20 7 1 -5 30 -76 96 15 -11 1 16 -54 104
	cCb -2 -4 -4 0 -2 -8 1 -5 0 -5 -8 -10 4 -6 -4 -3 -11 27 0 -7 -4 1 -13 31 -26
	cCr 3 1 -3 3 -12 -6 9 0 -3 -8 16 -5 2 -1 -6 -14 1 36 16 2 -8 3 21 20 -1
E 88838750 89672917 1 48750 1
	p 3 7 0 11 0 1 128 192 256 128 192 256
	sY 11  0 0 24 31 40 47 56 50 72 45 88 40 112 24 144 0 176 0 208 0 240 0
	sCb 8 0 20 27 21 54 22 67 17 81 10 94 7 108 6 255 6
	sCr 2 0 2 255 2
	cY 0 -1 -4 11 6 -1 -2 0 -6 25 -42 -14 6 0 -6 28 -69 92 10 -10 1 15 -50 96
	cCb -3 -4 -4 -1 -3 -4 -2 -3 -2 -3 -9 -6 -1 -4 -3 -3 -12 27 -4 -6 -4 -1 -10 29 -30
	cCr 2 -1 -4 2 -6 -3 3 0 -6 -9 13 -3 -6 -2 -5 -14 7 34 11 1 -5 0 21 19 -1
E 89672917 90507084 1 55512 1
	p 3 7 0 11 0 1 128 192 256 128 192 256
	sY 11  0 0 24 31 40 47 56 50 72 45 88 40 112 24 144 0 176 0 208 0 240 0
	sCb 7 0 25 27 25 54 26 67 21 81 13 108 8 255 8
	sCr 2 0 3 255 2
	cY 0 -1 -4 10 7 -1 -2 -1 -5 25 -41 -16 6 0 -6 29 -73 93 13 -10 1 15 -52 101
	cCb -2 -3 -5 0 -2 -6 -1 -4 -1 -5 -9 -9 2 -4 -4 -4 -9 26 0 -7 -6 -1 -9 27 -28
	cCr 2 0 -2 2 -9 -6 7 1 -4 -9 12 -7 -1 -1 -5 -15 -1 40 15 0 -8 0 18 27 0
E 90507084 91341250 1 62274 1
	p 3 7 0 11 0 1 128 192 256 128 192 256
	sY 11  0 0 24 31 40 47 56 50 72 45 88 40 112 24 144 0 176 0 208 0 240 0
	sCb 8 0 21 27 21 54 22 67 17 81 11 94 8 108 6 255 6
	sCr 2 0 2 255 2
	cY -1 0 -4 11 5 -1 -2 0 -5 23 -40 -13 5 1 -6 25 -65 90 10 -9 0 14 -47 94
	cCb -3 -4 -3 -2 -3 -4 -4 -3 -3 -4 -8 -5 -2 -2 -4 -2 -12 25 -4 -6 -4 -1 -11 27 -31
	cCr 0 -1 -4 1 -5 -4 1 0 -6 -8 10 -3 -6 -4 -5 -13 10 28 12 -1 -4 -2 17 16 -1
E 91341250 92175417 1 3500 1
	p 3 7 0 11 0 1 128 192 256 128 192 256
	sY 11  0 0 24 31 40 47 56 50 72 45 88 40 112 24 144 0 176 0 208 0 240 0
	sCb 7 0 27 27 27 54 29 67 23 81 15 108 9 255 9
	sCr 2 0 3 255 2
	cY 0 -1 -4 10 6 -1 -2 -1 -5 23 -40 -15 6 1 -5 26 -67 92 11 -9 0 14 -48 96
	cCb -3 -4 -4 -2 -2 -5 -1 -4 -2 -4 -8 -8 1 -4 -3 -3 -10 24 -1 -7 -5 -1 -9 25 -29
	cCr 2 0 -3 1 -7 -4 5 -1 -4 -9 10 -6 -3 -2 -4 -15 3 38 13 -1 -6 -2 16 25 0
E 92175417 93009584 1 10262 1
	p 3 7 0 11 0 1 128 192 256 128 192 256
	sY 11  0 0 24 31 40 47 56 50 72 45 88 40 112 24 144 0 176 0 208 0 240 0
	sCb 8 0 27 27 27 54 29 67 23 81 14 94 10 108 9 255 9
	sCr 2 0 3 255 2
	cY -1 0 -5 11 5 -1 -2 0 -6 23 -41 -12 5 0 -6 25 -64 90 8 -8 0 14 -46 92
	cCb -3 -3 -3 -2 -2 -4 -3 -4 -3 -4 -8 -5 -2 -3 -3 -4 -11 25 -4 -5 -4 -2 -9 26 -31
	cCr 1 -1 -4 1 -5 -3 1 -1 -7 -7 9 -1 -6 -3 -5 -11 10 27 11 1 -5 -3 18 14 -1
E 93009584 93843750 1 17024 1
	p 3 7 0 11 0 1 128 192 256 128 192 256
	sY 11  0 0 24 31 40 47 56 50 72 45 88 40 112 24 144 0 176 0 208 0 240 0
	sCb 8 0 27 27 28 54 29 81 17 94 13 108 11 121 11 255 11
	sCr 2 0 1 255 1
	cY 3 -2 -8 12 15 -8 0 0 -16 45 -49 -30 20 -5 -14 54 -105 108 19 -20 5 23 -70 119
	cCb -2 -4 -4 0 -2 -6 -1 -4 -2 -2 -9 -6 2 -5 -4 0 -20 32 -7 -6 -4 1 -13 32 -28
	cCr 4 -3 -1 6 -12 -7 6 -4 -4 -3 14 4 7 -1 -9 -5 14 11 21 8 -8 7 23 -1 0
E 93843750 94677917 1 23786 1
	p 3 7 0 11 0 1 128 192 256 128 192 256
	sY 11  0 0 24 31 40 47 56 50 72 45 88 40 112 24 144 0 176 0 208 0 240 0
	sCb 8 0 17 27 17 54 18 81 9 94 7 108 6 121 5 255 5
	sCr 2 0 1 255 1
	cY 2 -4 -1 9 10 -1 -2 -3 -1 23 -40 -23 9 0 -4 28 -74 93 19 -14 1 16 -56 105
	cCb -3 -4 -3 -1 -2 -5 -3 -4 -2 -2 -11 -6 -1 -4 -2 -1 -16 32 -5 -6 -4 -1 -13 33 -25
	cCr 0 -4 -3 4 -7 -7 2 -4 -8 -3 15 4 -1 -3 -6 -7 12 16 14 6 -5 4 22 2 -1
E 94677917 95512084 1 30548 1
	p 3 7 0 11 0 1 128 192 256 128 192 256
	sY 11  0 0 24 31 40 47 56 50 72 45 88 40 112 24 144 0 176 0 208 0 240 0
	sCb 6 0 18 54 19 81 10 94 7 108 6 255 6
	sCr 2 0 1 255 1
	cY 1 -3 -4 11 9 -2 -2 -2 -5 28 -43 -21 9 0 -6 33 -80 98 16 -13 2 16 -56 106
	cCb -2 -5 -4 -1 -2 -8 1 -4 1 -6 -7 -10 4 -5 -4 -4 -8 25 0 -8 -4 0 -11 26 -26
	cCr 0 -1 0 4 -14 -10 7 -3 -7 -4 11 3 8 -2 -7 -9 9 20 27 10 -7 6 21 7 0
E 95512084 96346250 1 37310 1
	p 3 7 0 11 0 1 128 192 256 128 192 256
	sY 11  0 0 24 31 40 47 56 50 72 45 88 40 112 24 144 0 176 0 208 0 240 0
	sCb 8 0 25 27 25 54 26 67 21 81 13 94 9 108 8 255 8
	sCr 2 0 2 255 2
	cY 0 0 -5 11 6 -1 -1 0 -6 25 -41 -14 6 0 -6 27 -68 91 10 -10 1 15 -49 96
	cCb -3 -3 -4 -1 -3 -4 -3 -3 -2 -4 -10 -5 -1 -3 -3 -3 -12 27 -5 -6 -4 -1 -11 28 -31
	cCr 0 -1 -2 4 -5 -4 2 -2 -7 -4 14 2 -3 -4 -5 -9 12 19 12 4 -5 1 21 6 -1
E 96346250 97180417 1 44072 1
	p 3 7 0 11 0 1 128 192 256 128 192 256
	sY 11  0 0 24 31 40 47 56 50 72 45 88 40 112 24 144 0 176 0 208 0 240 0
	sCb 9 0 29 27 29 54 29 67 24 81 15 94 11 108 9 121 9 255 9
	sCr 2 0 2 255 2
	cY 0 -1 -4 10 6 0 -2 -1 -5 25 -41 -16 6 0 -5 28 -71 94 12 -10 1 14 -50 99
	cCb -3 -4 -4 -1 -3 -6 -1 -4 -1 -4 -8 -7 1 -5 -4 -4 -10 24 -2 -7 -4 -2 -10 25 -28
	cCr 2 -2 -3 3 -9 -5 5 -1 -7 -5 14 1 0 -3 -6 -9 9 24 16 4 -6 2 21 8 -1
E 97180417 98014584 1 50834 1
	p 3 7 0 11 0 1 128 192 256 128 192 256
	sY 11  0 0 24 31 40 47 56 50 72 45 88 40 112 24 144 0 176 0 208 0 240 0
	sCb 8 0 21 27 21 54 22 67 17 81 11 94 8 108 6 255 6
	sCr 2 0 2 255 2
	cY -1 0 -5 11 5 -1 -1 0 -7 24 -41 -12 5 0 -6 26 -65 91 9 -9 1 14 -47 93
	cCb -3 -4 -3 -2 -4 -3 -2 -4 -2 -4 -9 -5 -2 -3 -4 -3 -12 25 -5 -6 -5 -2 -11 26 -30
	cCr 0 -2 -2 2 -6 -4 1 -2 -7 -4 12 2 -5 -4 -5 -9 12 19 11 3 -5 0 20 5 -1
E 98014584 98848750 1 57596 1
	p 3 7 0 11 0 1 128 192 256 128 192 256
	sY 11  0 0 24 31 40 47 56 50 72 45 88 40 112 24 144 0 176 0 208 0 240 0
	sCb 8 0 28 27 28 54 29 67 23 81 15 94 10 108 9 255 9
	sCr 2 0 2 255 2
	cY 0 -1 -4 10 5 -1 -2 0 -6 23 -41 -13 5 1 -5 26 -67 92 9 -8 0 13 -47 95
	cCb -3 -3 -4 -2 -3 -5 -2 -4 -2 -4 -8 -7 0 -4 -4 -4 -9 23 -2 -7 -5 -1 -10 24 -30
	cCr 1 -1 -2 2 -6 -4 4 0 -6 -6 13 0 -3 -3 -6 -11 10 26 14 3 -6 1 20 10 -1
E 98848750 99682917 1 64358 1
	p 3 7 0 11 0 1 128 192 256 128 192 256
	sY 11  0 0 24 31 40 47 56 50 72 45 88 40 112 24 144 0 176 0 208 0 240 0
	sCb 8 0 25 27 25 54 26 67 21 81 13 94 9 108 7 255 7
	sCr 2 0 2 255 2
	cY -1 0 -5 11 4 -1 -2 0 -6 23 -41 -12 5 0 -6 25 -64 90 9 -8 0 13 -46 93
	cCb -3 -3 -4 -2 -3 -4 -3 -4 -2 -4 -9 -5 -2 -3 -3 -4 -11 25 -5 -6 -5 -2 -9 25 -31
	cCr 0 -2 -4 2 -5 -4 2 -2 -7 -5 11 1 -5 -4 -4 -8 12 19 10 3 -4 -1 18 5 -1
E 99682917 100517084 1 5584 1
	p 3 7 0 11 0 1 128 192 256 128 192 256
	sY 11  0 0 24 31 40 47 56 50 72 45 88 40 112 24 144 0 176 0 208 0 240 0
	sCb 8 0 28 27 28 54 29 67 23 81 15 94 10 108 9 255 8
	sCr 2 0 2 255 2
	cY -1 0 -4 10 5 0 -2 0 -5 22 -39 -12 4 1 -5 25 -65 90 9 -8 0 13 -45 93
	cCb -3 -4 -4 -2 -2 -6 -2 -4 -2 -5 -9 -7 1 -4 -4 -4 -9 22 -2 -7 -5 -1 -10 24 -31
	cCr 1 -2 -3 2 -6 -4 4 -1 -5 -6 11 -2 -3 -3 -5 -10 9 28 13 1 -5 0 18 10 -1
E 100517084 101351250 1 12346 1
	p 3 7 0 11 0 1 128 192 256 128 192 256
	sY 11  0 0 24 31 40 47 56 50 72 45 88 40 112 24 144 0 176 0 208 0 240 0
	sCb 8 0 21 27 21 54 22 67 18 81 11 94 7 108 6 255 6
	sCr 2 0 2 255 2
	cY -1 0 -5 11 5 -1 -1 1 -7 23 -40 -11 4 1 -6 24 -62 88 8 -8 0 13 -45 91
	cCb -2 -4 -4 -1 -3 -5 -3 -4 -2 -4 -9 -5 -2 -4 -4 -4 -10 23 -4 -6 -4 -2 -10 24 -32
	cCr 0 -2 -3 2 -4 -5 1 -2 -6 -4 10 1 -5 -3 -5 -7 12 19 9 2 -4 0 19 4 -1
E 101351250 102185417 1 19108 1
	p 3 7 0 11 0 1 128 192 256 128 192 256
	sY 11  0 0 24 31 40 47 56 50 72 45 88 40 112 24 144 0 176 0 208 0 240 0
	sCb 8 0 26 27 26 54 27 67 21 81 14 94 10 108 8 255 8
	sCr 2 0 2 255 2
	cY -1 0 -5 11 4 0 -2 0 -5 21 -39 -11 4 1 -5 23 -62 88 8 -7 0 12 -44 91
	cCb -3 -3 -4 -2 -3 -5 -2 -4 -2 -4 -8 -6 -1 -4 -3 -4 -9 23 -2 -7 -4 -3 -9 22 -31
	cCr 1 -1 -3 2 -5 -3 3 0 -5 -6 10 -2 -3 -2 -5 -11 9 25 12 2 -5 -1 17 12 -1
E 102185417 103019584 1 25870 1
	p 3 7 0 11 0 1 128 192 256 128 192 256
	sY 11  0 0 24 31 40 47 56 50 72 45 88 40 112 24 144 0 176 0 208 0 240 0
	sCb 9 0 24 27 25 40 26 54 26 67 20 81 13 94 9 108 7 255 7
	sCr 2 0 2 255 2
	cY -1 1 -5 11 4 0 -2 1 -6 22 -39 -10 4 0 -6 24 -61 88 8 -8 0 13 -44 90
	cCb -3 -3 -4 -2 -3 -4 -2 -3 -4 -4 -8 -5 -2 -4 -3 -3 -10 24 -4 -6 -3 -2 -9 24 -32
	cCr 0 -2 -3 1 -4 -4 1 -1 -6 -5 9 0 -5 -3 -4 -8 12 19 9 2 -5 -1 16 5 -1
E 103019584 103853750 1 32632 1
	p 3 7 0 11 0 1 128 192 256 128 192 256
	sY 11  0 0 24 31 40 47 56 50 72 45 88 40 112 24 144 0 176 0 208 0 240 0
	sCb 6 0 18 54 19 81 12 94 8 108 7 255 7
	sCr 2 0 1 255 1
	cY 3 -1 -9 12 16 -9 1 -1 -18 48 -52 -30 21 -6 -12 55 -107 108 19 -21 6 22 -70 119
	cCb -2 -4 -5 0 -1 -7 -1 -4 -1 -1 -10 -7 2 -5 -4 0 -19 32 -7 -6 -4 1 -13 32 -28
	cCr 2 -2 2 6 -18 -9 10 -6 -2 -4 10 4 13 -1 -8 -8 11 14 30 10 -11 5 19 2 0
E 103853750 104687917 1 39394 1
	p 3 7 0 11 0 1 128 192 256 128 192 256
	sY 11  0 0 24 31 40 47 56 50 72 45 88 40 112 24 144 0 176 0 208 0 240 0
	sCb 8 0 31 27 31 54 31 67 25 81 17 108 10 121 10 255 10
	sCr 2 0 2 255 2
	cY 0 0 -5 11 5 -2 -1 0 -7 25 -41 -13 7 -1 -6 27 -67 90 8 -10 2 15 -48 94
	cCb -4 -4 -4 -2 -3 -4 -2 -4 -3 -4 -7 -5 -1 -3 -3 -3 -10 21 -5 -5 -4 -2 -9 21 -37
	cCr 1 -2 -2 7 -7 -7 4 -4 -8 -2 16 3 -1 -3 -7 -9 9 19 14 5 -5 7 23 5 -1
E 104687917 105522084 1 46156 1
	p 3 7 0 11 0 1 128 192 256 128 192 256
	sY 11  0 0 24 31 40 47 56 50 72 45 88 40 112 24 144 0 176 0 208 0 240 0
	sCb 6 0 20 54 20 81 12 94 9 108 8 255 7
	sCr 2 0 1 255 1
	cY 2 -2 -6 11 10 -3 -1 -2 -9 33 -46 -21 12 -2 -8 39 -86 100 14 -14 3 18 -59 107
	cCb -2 -4 -3 0 -2 -7 0 -4 0 -5 -8 -8 2 -5 -4 -4 -9 22 -2 -7 -4 -1 -10 23 -30
	cCr 1 -1 2 6 -17 -11 11 -4 -4 -4 10 2 12 0 -7 -10 6 21 32 9 -11 4 18 6 -1
E 105522084 106356250 1 52918 1
	p 3 7 0 11 0 1 128 192 256 128 192 256
	sY 11  0 0 24 31 40 47 56 50 72 45 88 40 112 24 144 0 176 0 208 0 240 0
	sCb 9 0 31 27 31 54 32 67 26 81 18 94 13 108 11 121 11 255 11
	sCr 2 0 2 255 2
	cY 0 0 -5 12 6 -2 -1 0 -7 26 -43 -12 6 0 -6 28 -68 92 8 -9 1 14 -48 94
	cCb -3 -4 -4 -2 -3 -4 -3 -4 -3 -4 -8 -4 -2 -3 -3 -2 -11 20 -6 -5 -4 -2 -10 21 -37
	cCr 1 -2 -2 4 -6 -5 2 -2 -8 -4 15 2 -3 -3 -6 -9 11 19 13 3 -5 3 21 6 -1
E 106356250 107190417 1 59680 1
	p 3 7 0 11 0 1 128 192 256 128 192 256
	sY 11  0 0 24 31 40 47 56 50 72 45 88 40 112 24 144 0 176 0 208 0 240 0
	sCb 8 0 30 27 31 54 31 67 26 81 19 94 13 121 11 255 11
	sCr 2 0 2 255 2
	cY 1 -2 -5 11 8 -3 -2 -1 -8 29 -44 -17 9 -1 -7 33 -78 97 11 -12 2 16 -54 102
	cCb -2 -5 -4 0 -3 -6 -1 -5 -1 -5 -7 -8 2 -5 -4 -3 -9 21 -2 -7 -3 -1 -10 23 -32
	cCr 2 -2 -2 5 -11 -8 6 -1 -5 -5 14 -3 3 -1 -7 -9 9 25 21 4 -7 2 21 10 -1
E 107190417 108024584 1 906 1
	p 3 7 0 11 0 1 128 192 256 128 192 256
	sY 11  0 0 24 31 40 47 56 50 72 45 88 40 112 24 144 0 176 0 208 0 240 0
	sCb 6 0 31 54 32 81 18 94 12 108 10 255 10
	sCr 2 0 2 255 2
	cY 0 0 -5 11 5 -1 -1 0 -7 25 -42 -11 6 0 -6 26 -65 90 7 -9 1 14 -46 92
	cCb -4 -3 -4 -2 -3 -4 -2 -4 -4 -3 -8 -4 -2 -4 -3 -3 -10 19 -5 -5 -3 -2 -9 21 -36
	cCr -1 -2 -3 3 -5 -4 2 -2 -7 -5 13 1 -4 -2 -6 -8 11 21 11 3 -4 2 20 6 -1
E 108024584 108858750 1 7668 1
	p 3 7 0 11 0 1 128 192 256 128 192 256
	sY 11  0 0 24 31 40 47 56 50 72 45 88 40 112 24 144 0 176 0 208 0 240 0
	sCb 9 0 31 27 31 54 31 67 25 81 17 94 12 108 10 121 10 255 10
	sCr 2 0 2 255 2
	cY 0 -1 -5 11 7 -2 -1 -1 -6 27 -42 -15 8 -1 -6 29 -73 94 10 -10 1 15 -50 98
	cCb -2 -3 -5 -1 -3 -5 -1 -4 -2 -4 -9 -7 1 -4 -3 -4 -9 22 -3 -7 -5 -2 -9 22 -31
	cCr 1 -2 -2 5 -10 -6 7 -1 -7 -5 13 -2 0 -1 -5 -11 9 26 17 4 -7 0 21 10 -1
E 108858750 109692917 1 14430 1
	p 3 7 0 11 0 1 128 192 256 128 192 256
	sY 11  0 0 24 31 40 47 56 50 72 45 88 40 112 24 144 0 176 0 208 0 240 0
	sCb 9 0 28 27 28 54 29 67 23 81 16 94 10 108 9 121 8 255 8
	sCr 2 0 2 255 2
	cY 0 0 -5 11 4 -1 -1 0 -6 23 -40 -10 6 -1 -6 25 -63 88 7 -9 1 13 -45 91
	cCb -3 -3 -4 -3 -3 -4 -3 -4 -3 -3 -8 -4 -3 -4 -3 -3 -10 19 -5 -5 -4 -2 -9 20 -39
	cCr 0 -2 -4 2 -4 -4 2 -2 -7 -5 12 1 -5 -4 -5 -9 11 19 10 3 -4 1 20 6 -1
E 109692917 110527084 1 21192 1
	p 3 7 0 11 0 1 128 192 256 128 192 256
	sY 11  0 0 24 31 40 47 56 50 72 45 88 40 112 24 144 0 176 0 208 0 240 0
	sCb 9 0 31 27 31 54 31 67 25 81 17 94 12 108 10 121 9 255 9
	sCr 2 0 2 255 2
	cY 0 -1 -4 10 6 -2 -2 0 -6 25 -41 -13 6 0 -6 28 -69 93 9 -9 1 14 -48 95
	cCb -2 -4 -5 -1 -4 -5 -2 -4 -2 -4 -8 -6 0 -4 -4 -3 -9 21 -3 -6 -4 -1 -10 22 -33
	cCr 2 -1 -4 2 -8 -5 5 -1 -6 -6 14 -1 -1 -2 -5 -11 9 26 14 2 -6 0 20 12 -2
E 110527084 111361250 1 27954 1
	p 3 7 0 11 0 1 128 192 256 128 192 256
	sY 11  0 0 24 31 40 47 56 50 72 45 88 40 112 24 144 0 176 0 208 0 240 0
	sCb 9 0 31 27 31 54 32 67 26 81 18 94 12 108 10 121 10 255 10
	sCr 2 0 2 255 2
	cY -1 0 -5 11 4 -1 -1 0 -6 23 -40 -10 5 0 -6 24 -62 88 7 -8 1 13 -44 90
	cCb -3 -4 -3 -2 -4 -3 -3 -4 -3 -4 -7 -4 -2 -3 -4 -3 -10 18 -5 -5 -3 -2 -8 18 -38
	cCr 1 -2 -3 2 -5 -4 1 -3 -6 -5 11 1 -4 -3 -5 -9 11 19 10 3 -4 1 19 5 -1
E 111361250 112195417 1 34716 1
	p 3 7 0 11 0 1 128 192 256 128 192 256
	sY 11  0 0 24 31 40 47 56 50 72 45 88 40 112 24 144 0 176 0 208 0 240 0
	sCb 9 0 30 27 31 54 31 67 25 81 17 94 12 108 10 121 9 255 9
	sCr 2 0 2 255 2
	cY 0 0 -5 11 5 -1 -1 0 -6 24 -41 -12 6 0 -5 26 -67 91 8 -9 1 13 -46 93
	cCb -3 -4 -4 -1 -3 -5 -2 -4 -1 -5 -8 -7 0 -4 -4 -4 -8 20 -2 -6 -4 -1 -9 21 -34
	cCr 1 -2 -3 1 -9 -5 6 -1 -6 -7 11 -3 -1 -2 -5 -11 8 27 15 2 -6 0 19 12 -1
E 112195417 113029584 1 41478 1
	p 3 7 0 11 0 1 128 192 256 128 192 256
	sY 11  0 0 24 31 40 47 56 50 72 45 88 40 112 24 144 0 176 0 208 0 240 0
	sCb 9 0 28 27 28 54 29 67 24 81 16 94 11 108 9 121 9 255 9
	sCr 2 0 2 255 2
	cY -1 0 -5 11 4 -1 -1 0 -6 23 -40 -10 5 0 -6 24 -62 88 7 -8 1 13 -44 90
	cCb -3 -3 -4 -2 -4 -4 -3 -3 -3 -3 -7 -4 -3 -4 -4 -3 -9 18 -6 -4 -4 -1 -9 19 -38
	cCr 0 -2 -3 3 -6 -4 1 -2 -7 -5 11 0 -4 -3 -4 -9 11 20 9 3 -4 0 19 5 -1
E 113029584 113863750 1 48240 1
	p 3 7 0 11 0 1 128 192 256 128 192 256
	sY 11  0 0 24 31 40 47 56 50 72 45 88 40 112 24 144 0 176 0 208 0 240 0
	sCb 9 0 18 27 18 54 18 67 15 81 10 94 7 108 6 121 6 255 6
	sCr 2 0 1 255 1
	cY 2 0 -10 14 12 -7 0 1 -19 48 -54 -21 16 -4 -13 52 -102 107 13 -17 5 22 -67 115
	cCb -2 -4 -4 1 -1 -8 1 -5 1 -4 -8 -9 5 -6 -5 -2 -14 29 -2 -8 -4 2 -12 31 -30
	cCr 2 -2 2 7 -18 -9 11 -5 -5 -5 13 3 14 0 -8 -10 10 16 29 9 -10 7 21 2 0
E 113863750 114697917 1 55002 1
	p 3 7 0 11 0 1 128 192 256 128 192 256
	sY 11  0 0 24 31 40 47 56 50 72 45 88 40 112 24 144 0 176 0 208 0 240 0
	sCb 9 0 31 27 31 54 31 67 25 81 16 94 11 108 9 121 9 255 9
	sCr 2 0 2 255 2
	cY 0 0 -5 11 6 -2 -1 0 -8 26 -42 -12 7 -1 -6 29 -68 91 8 -10 2 15 -49 95
	cCb -2 -4 -4 -2 -3 -5 -2 -4 -2 -4 -8 -5 -1 -4 -3 -3 -10 21 -4 -6 -4 -2 -9 22 -36
	cCr 0 -2 -1 6 -8 -5 5 -4 -8 -4 16 2 0 -2 -6 -9 9 21 15 5 -5 5 21 5 0
E 114697917 115532084 1 61764 1
	p 3 7 0 11 0 1 128 192 256 128 192 256
	sY 11  0 0 24 31 40 47 56 50 72 45 88 40 112 24 144 0 176 0 208 0 240 0
	sCb 9 0 31 27 31 54 31 67 25 81 17 94 12 108 10 121 9 255 9
	sCr 2 0 2 255 2
	cY 1 -2 -6 12 9 -3 -1 -1 -8 32 -45 -21 11 -2 -8 37 -84 99 15 -14 3 18 -58 107
	cCb -2 -4 -4 0 -2 -7 1 -5 0 -6 -7 -10 4 -6 -4 -4 -8 22 0 -8 -4 0 -11 24 -29
	cCr 0 -2 0 7 -16 -11 11 -2 -5 -5 11 0 10 -2 -7 -10 7 21 30 7 -10 4 20 8 0
E 115532084 116366250 1 2990 1
	p 3 7 0 11 0 1 128 192 256 128 192 256
	sY 11  0 0 24 31 40 47 56 50 72 45 88 40 112 24 144 0 176 0 208 0 240 0
	sCb 9 0 30 27 30 54 31 67 25 81 17 94 12 108 9 121 9 255 9
	sCr 2 0 2 255 2
	cY 0 0 -6 12 5 -1 -1 0 -7 26 -42 -12 6 -1 -6 27 -67 91 8 -10 1 14 -48 94
	cCb -3 -4 -4 -2 -3 -4 -2 -4 -3 -4 -8 -5 -2 -4 -4 -3 -10 19 -5 -5 -5 -1 -9 20 -37
	cCr 1 -3 -2 4 -6 -5 3 -2 -7 -5 14 1 -3 -3 -5 -9 10 20 13 4 -4 3 21 5 -1
E 116366250 117200417 1 9752 1
	p 3 7 0 11 0 1 128 192 256 128 192 256
	sY 11  0 0 24 31 40 47 56 50 72 45 88 40 112 24 144 0 176 0 208 0 240 0
	sCb 7 0 28 27 28 54 28 67 23 81 16 108 9 255 9
	sCr 2 0 2 255 2
	cY 0 -1 -5 11 7 -2 -2 -1 -7 28 -43 -16 7 0 -7 31 -75 96 11 -11 1 16 -52 101
	cCb -2 -4 -4 -2 -2 -6 -1 -4 -1 -5 -8 -7 1 -5 -4 -4 -9 23 -2 -7 -4 -1 -10 24 -31
	cCr 1 -1 -2 5 -9 -6 7 -2 -5 -5 13 -2 3 -3 -6 -11 9 26 20 4 -8 2 19 10 -1
E 117200417 118034584 1 16514 1
	p 3 7 0 11 0 1 128 192 256 128 192 256
	sY 11  0 0 24 31 40 47 56 50 72 45 88 40 112 24 144 0 176 0 208 0 240 0
	sCb 9 0 28 27 28 54 29 67 24 81 16 94 11 108 9 121 9 255 9
	sCr 2 0 2 255 2
	cY -1 1 -5 11 4 -1 -2 0 -7 24 -41 -11 5 0 -6 25 -64 89 7 -9 1 13 -45 91
	cCb -3 -4 -4 -3 -3 -4 -3 -4 -3 -3 -7 -5 -3 -4 -4 -3 -10 19 -5 -5 -4 -2 -9 19 -38
	cCr 0 -2 -2 3 -5 -4 3 -2 -7 -4 13 1 -4 -3 -5 -10 11 20 11 2 -5 2 20 7 -1
E 118034584 118868750 1 23276 1
	p 3 7 0 11 0 1 128 192 256 128 192 256
	sY 11  0 0 24 31 40 47 56 50 72 45 88 40 112 24 144 0 176 0 208 0 240 0
	sCb 7 0 30 27 31 54 30 67 24 81 17 108 10 255 10
	sCr 2 0 2 255 2
	cY 0 0 -6 12 5 -1 -1 0 -7 26 -42 -14 6 0 -6 29 -70 93 10 -10 1 15 -50 97
	cCb -2 -4 -4 -1 -3 -5 -1 -4 -2 -5 -7 -7 0 -5 -4 -3 -8 21 -2 -6 -4 -1 -10 22 -32
	cCr 1 0 -2 3 -8 -5 5 -1 -5 -7 12 -2 -1 -2 -7 -12 9 27 16 3 -6 1 20 11 -1
E 118868750 119702917 1 30038 1
	p 3 7 0 11 0 1 128 192 256 128 192 256
	sY 11  0 0 24 31 40 47 56 50 72 45 88 40 112 24 144 0 176 0 208 0 240 0
	sCb 9 0 31 27 31 54 32 67 26 81 18 94 12 108 10 121 9 255 9
	sCr 2 0 2 255 2
	cY -1 0 -5 11 5 -1 -1 0 -6 22 -40 -11 5 0 -6 24 -62 88 7 -8 1 14 -45 90
	cCb -3 -4 -3 -2 -3 -3 -3 -4 -3 -4 -8 -5 -2 -4 -3 -4 -9 18 -5 -5 -4 -2 -8 19 -38
	cCr 0 -2 -3 2 -4 -4 1 -2 -7 -4 11 0 -4 -3 -4 -9 11 20 10 2 -4 1 18 6 -1
E 119702917 120537084 1 36800 1
	p 3 7 0 11 0 1 128 192 256 128 192 256
	sY 11  0 0 24 31 40 47 56 50 72 45 88 40 112 24 144 0 176 0 208 0 240 0
	sCb 9 0 31 27 31 54 30 67 24 81 16 94 11 108 9 121 9 255 9
	sCr 2 0 2 255 2
	cY 0 -1 -4 10 5 -1 -2 0 -6 24 -41 -12 5 0 -6 26 -67 91 9 -9 1 14 -47 94
	cCb -3 -3 -4 -2 -2 -5 -1 -4 -2 -4 -7 -6 0 -4 -3 -4 -9 21 -2 -5 -4 -1 -9 22 -33
	cCr 1 -1 -3 2 -8 -5 5 0 -6 -7 12 -1 -1 -2 -5 -11 9 27 15 2 -5 1 18 12 -1
E 120537084 121371250 1 43562 1
	p 3 7 0 11 0 1 128 192 256 128 192 256
	sY 11  0 0 24 31 40 47 56 50 72 45 88 40 112 24 144 0 176 0 208 0 240 0
	sCb 9 0 30 27 30 54 31 67 26 81 17 94 12 108 10 121 9 255 9
	sCr 2 0 2 255 2
	cY -1 1 -6 12 4 -1 -1 1 -7 23 -41 -11 5 0 -6 24 -62 88 7 -8 1 13 -44 89
	cCb -3 -4 -4 -2 -3 -4 -3 -5 -2 -4 -7 -5 -2 -4 -3 -4 -9 18 -6 -5 -4 -2 -9 19 -38
	cCr 0 -2 -2 2 -5 -3 1 -2 -6 -5 11 0 -4 -3 -5 -9 11 20 11 3 -4 1 19 6 -1
E 121371250 122205417 1 50324 1
	p 3 7 0 11 0 1 128 192 256 128 192 256
	sY 11  0 0 24 31 40 47 56 50 72 45 88 40 112 24 144 0 176 0 208 0 240 0
	sCb 7 0 30 27 31 54 30 67 24 81 16 108 9 255 9
	sCr 2 0 2 255 2
	cY -1 0 -5 11 5 -1 -2 0 -6 24 -41 -12 5 0 -6 26 -67 91 9 -9 1 14 -47 94
	cCb -3 -4 -4 -2 -2 -5 -2 -3 -2 -4 -8 -6 0 -3 -4 -3 -9 22 -3 -6 -5 -1 -9 22 -34
	cCr 1 -1 -3 1 -7 -4 4 0 -5 -7 10 -2 -2 -2 -5 -11 9 28 14 2 -6 -1 17 14 -1
E 122205417 123039584 1 57086 1
	p 3 7 0 11 0 1 128 192 256 128 192 256
	sY 11  0 0 24 31 40 47 56 50 72 45 88 40 112 24 144 0 176 0 208 0 240 0
	sCb 9 0 31 27 31 54 32 67 26 81 18 94 12 108 10 121 10 255 10
	sCr 2 0 2 255 2
	cY 0 0 -5 11 4 -1 -1 0 -6 22 -39 -10 5 -1 -5 23 -61 87 7 -8 1 13 -43 89
	cCb -3 -3 -4 -2 -4 -4 -3 -4 -3 -4 -8 -4 -3 -3 -4 -3 -10 19 -5 -5 -4 -3 -9 19 -39
	cCr 0 -1 -3 1 -5 -3 1 -2 -6 -5 9 0 -4 -3 -5 -9 11 22 10 3 -5 0 19 7 -1
E 123039584 123873750 1 63848 1
	p 3 7 0 11 0 1 128 192 256 128 192 256
	sY 11  0 0 24 31 40 47 56 50 72 45 88 40 112 24 144 0 176 0 208 0 240 0
	sCb 8 0 23 27 23 54 24 67 20 81 14 94 10 121 8 255 8
	sCr 2 0 1 255 1
	cY 3 -2 -7 11 16 -8 1 -1 -16 44 -49 -30 21 -5 -13 54 -105 106 20 -20 6 23 -71 119
	cCb -1 -3 -5 1 -2 -7 -1 -5 -1 -1 -10 -6 2 -4 -4 0 -18 31 -7 -6 -3 0 -12 31 -29
	cCr 2 -3 -2 8 -14 -8 7 -7 -5 -4 15 5 8 0 -8 -5 14 13 22 8 -7 10 24 -2 0
E 123873750 124707917 1 5074 1
	p 3 7 0 11 0 1 128 192 256 128 192 256
	sY 11  0 0 24 31 40 47 56 50 72 45 88 40 112 24 144 0 176 0 208 0 240 0
	sCb 7 0 28 27 28 54 28 67 23 81 15 108 9 255 9
	sCr 2 0 2 255 2
	cY 0 0 -6 12 6 -2 -1 0 -8 27 -43 -12 7 -1 -7 28 -68 92 7 -9 1 15 -48 94
	cCb -2 -4 -4 -2 -2 -4 -3 -3 -2 -4 -8 -6 -1 -3 -4 -3 -10 22 -4 -5 -4 -2 -9 23 -37
	cCr 0 -2 -1 6 -7 -6 4 -3 -8 -4 16 2 -1 -2 -6 -9 10 18 13 5 -4 6 22 5 -1
E 124707917 125542084 1 11836 1
	p 3 7 0 11 0 1 128 192 256 128 192 256
	sY 11  0 0 24 31 40 47 56 50 72 45 88 40 112 24 144 0 176 0 208 0 240 0
	sCb 9 0 19 27 19 54 19 67 16 81 11 94 8 108 6 121 6 255 6
	sCr 2 0 1 255 1
	cY 1 -2 -4 11 9 -3 -1 -2 -8 31 -44 -21 10 -1 -8 37 -84 99 15 -14 3 18 -58 107
	cCb -2 -4 -4 -1 -2 -8 1 -5 0 -5 -8 -9 4 -5 -4 -4 -9 23 -2 -7 -4 0 -11 24 -30
	cCr 0 -2 1 6 -15 -8 9 -4 -6 -5 13 2 11 -1 -6 -8 7 17 26 9 -8 6 23 6 -1
E 125542084 126376250 1 18598 1
	p 3 7 0 11 0 1 128 192 256 128 192 256
	sY 11  0 0 24 31 40 47 56 50 72 45 88 40 112 24 144 0 176 0 208 0 240 0
	sCb 9 0 24 27 24 54 24 67 20 81 14 94 9 108 8 121 8 255 8
	sCr 2 0 2 255 2
	cY 0 0 -5 11 5 -1 -1 0 -7 26 -41 -12 7 -1 -6 28 -68 91 8 -10 1 15 -48 94
	cCb -3 -4 -4 -2 -3 -4 -2 -3 -3 -3 -9 -5 -3 -3 -4 -3 -10 21 -5 -5 -4 -1 -9 21 -37
	cCr 1 -2 -3 4 -6 -5 3 -2 -7 -3 14 3 -2 -3 -6 -8 11 17 11 4 -4 2 22 4 -1
E 126376250 127210417 1 25360 1
	p 3 7 0 11 0 1 128 192 256 128 192 256
	sY 11  0 0 24 31 40 47 56 50 72 45 88 40 112 24 144 0 176 0 208 0 240 0
	sCb 7 0 30 27 31 54 30 67 25 81 17 108 9 255 9
	sCr 2 0 2 255 2
	cY 1 -1 -4 11 7 -1 -2 -1 -7 28 -44 -16 8 0 -7 32 -76 95 11 -11 1 16 -53 101
	cCb -3 -4 -4 -1 -3 -6 -1 -4 -2 -4 -8 -7 1 -4 -4 -3 -9 22 -2 -7 -4 0 -11 24 -31
	cCr 2 -1 -2 5 -10 -7 6 -2 -7 -5 14 0 2 -2 -6 -10 9 23 19 5 -7 3 21 8 -1
E 127210417 128044584 1 32122 1
	p 3 7 0 11 0 1 128 192 256 128 192 256
	sY 11  0 0 24 31 40 47 56 50 72 45 88 40 112 24 144 0 176 0 208 0 240 0
	sCb 9 0 28 27 28 54 29 67 24 81 16 94 11 108 9 121 8 255 8
	sCr 2 0 2 255 2
	cY -1 0 -5 11 5 -1 -1 1 -7 23 -39 -11 5 0 -6 25 -63 88 7 -8 1 14 -45 91
	cCb -3 -4 -4 -2 -3 -4 -3 -4 -3 -4 -8 -5 -3 -3 -3 -3 -9 19 -6 -4 -4 -2 -9 19 -38
	cCr 0 -2 -2 3 -6 -4 2 -2 -8 -5 13 1 -4 -3 -4 -9 11 20 12 3 -5 1 20 7 -1
E 128044584 128878750 1 38884 1
	p 3 7 0 11 0 1 128 192 256 128 192 256
	sY 11  0 0 24 31 40 47 56 50 72 45 88 40 112 24 144 0 176 0 208 0 240 0
	sCb 7 0 30 27 30 54 30 67 24 81 17 108 9 255 9
	sCr 2 0 2 255 2
	cY 0 -1 -4 10 7 -1 -2 -1 -6 25 -41 -15 7 0 -6 28 -70 93 11 -10 1 15 -50 97
	cCb -2 -4 -4 -2 -2 -5 -2 -4 -1 -5 -8 -7 1 -5 -4 -3 -9 22 -3 -7 -5 -1 -10 23 -32
	cCr 1 -1 -2 4 -9 -5 6 -1 -7 -6 14 -2 1 -1 -6 -11 10 26 16 3 -6 1 21 10 -1
E 128878750 129712917 1 45646 1
	p 3 7 0 11 0 1 128 192 256 128 192 256
	sY 11  0 0 24 31 40 47 56 50 72 45 88 40 112 24 144 0 176 0 208 0 240 0
	sCb 9 0 28 27 28 54 29 67 24 81 16 94 10 108 8 121 8 255 8
	sCr 2 0 2 255 2
	cY -1 0 -5 11 4 -1 -1 0 -6 23 -40 -11 5 -1 -6 24 -62 88 7 -8 1 13 -45 90
	cCb -3 -3 -4 -3 -3 -4 -3 -3 -3 -3 -8 -4 -2 -3 -4 -3 -10 18 -5 -5 -3 -3 -9 19 -38
	cCr 0 -2 -3 2 -6 -4 2 -2 -6 -5 11 1 -4 -3 -5 -9 12 20 11 3 -4 1 20 7 -1
E 129712917 130547084 1 52408 1
	p 3 7 0 11 0 1 128 192 256 128 192 256
	sY 11  0 0 24 31 40 47 56 50 72 45 88 40 112 24 144 0 176 0 208 0 240 0
	sCb 9 0 23 27 23 54 23 67 19 81 13 94 9 108 7 121 7 255 7
	sCr 2 0 2 255 1
	cY 0 0 -4 10 5 -1 -2 0 -6 24 -40 -12 5 0 -6 26 -66 91 9 -9 1 13 -47 94
	cCb -2 -4 -4 -2 -2 -5 -2 -4 -2 -4 -8 -7 0 -4 -4 -4 -9 21 -2 -6 -5 -2 -9 21 -33
	cCr 1 -2 -2 2 -8 -5 5 -1 -5 -6 12 -2 -1 -2 -6 -11 9 27 15 2 -7 1 18 11 -1
E 130547084 131381250 1 59170 1
	p 3 7 0 11 0 1 128 192 256 128 192 256
	sY 11  0 0 24 31 40 47 56 50 72 45 88 40 112 24 144 0 176 0 208 0 240 0
	sCb 9 0 30 27 31 54 32 67 26 81 18 94 12 108 10 121 9 255 9
	sCr 2 0 2 255 2
	cY -1 0 -4 10 4 -1 -1 0 -6 22 -39 -10 5 0 -5 23 -60 87 7 -8 1 13 -44 89
	cCb -3 -4 -4 -3 -4 -4 -2 -3 -3 -4 -8 -4 -3 -3 -4 -3 -9 19 -5 -5 -4 -2 -9 19 -38
	cCr 0 -1 -3 1 -5 -4 1 -1 -7 -5 10 0 -4 -3 -5 -9 12 20 10 2 -5 -1 19 7 -1
E 131381250 132215417 1 396 1
	p 3 7 0 11 0 1 128 192 256 128 192 256
	sY 11  0 0 24 31 40 47 56 50 72 45 88 40 112 24 144 0 176 0 208 0 240 0
	sCb 9 0 30 27 30 54 30 67 25 81 17 94 11 108 9 121 9 255 9
	sCr 2 0 2 255 2
	cY -1 0 -4 10 5 -1 -1 0 -5 23 -39 -12 5 0 -5 24 -65 89 9 -9 0 13 -46 93
	cCb -3 -4 -3 -2 -3 -5 -2 -4 -2 -5 -7 -6 -1 -4 -4 -3 -9 21 -3 -6 -3 -2 -10 22 -33
	cCr 0 -2 -2 2 -6 -5 4 -1 -5 -7 11 -1 -2 -3 -5 -10 9 26 13 3 -6 0 18 11 -2
E 132215417 133049584 1 7158 1
	p 3 7 0 11 0 1 128 192 256 128 192 256
	sY 11  0 0 24 31 40 47 56 50 72 45 88 40 112 24 144 0 176 0 208 0 240 0
	sCb 9 0 28 27 28 54 29 67 24 81 17 94 11 108 9 121 9 255 9
	sCr 2 0 2 255 2
	cY -1 0 -5 10 4 -1 -1 1 -6 22 -39 -10 5 0 -6 24 -61 87 7 -8 1 13 -44 89
	cCb -3 -4 -4 -3 -3 -4 -3 -4 -3 -4 -7 -5 -2 -4 -4 -3 -9 18 -5 -5 -4 -2 -9 18 -38
	cCr 0 -2 -3 2 -5 -4 2 -2 -6 -5 12 1 -5 -3 -4 -9 11 22 10 3 -4 0 18 6 -1
E 133049584 133883750 1 13920 1
	p 3 7 0 11 0 1 128 192 256 128 192 256
	sY 11  0 0 24 31 40 47 56 50 72 45 88 40 112 24 144 0 176 0 208 0 240 0
	sCb 7 0 27 27 27 54 29 81 17 94 12 121 9 255 9
	sCr 2 0 1 255 2
	cY 3 -2 -6 10 16 -7 0 -1 -16 45 -48 -31 20 -5 -12 54 -105 106 20 -20 5 23 -71 119
	cCb -2 -4 -5 1 -2 -6 -1 -4 -2 -1 -10 -5 2 -5 -5 1 -19 32 -7 -6 -4 1 -14 33 -28
	cCr 1 -4 0 7 -15 -9 8 -5 -4 -3 13 4 11 0 -8 -7 14 14 23 7 -9 7 20 2 0
E 133883750 134717917 1 20682 1
	p 3 7 0 11 0 1 128 192 256 128 192 256
	sY 11  0 0 24 31 40 47 56 50 72 45 88 40 112 24 144 0 176 0 208 0 240 0
	sCb 7 0 17 27 17 54 17 67 13 81 8 108 5 255 4
	sCr 2 0 1 255 1
	cY 1 -2 -4 11 8 -2 -2 -1 -5 25 -42 -19 8 0 -5 29 -73 94 15 -12 1 16 -53 101
	cCb -2 -4 -4 -2 -2 -5 -2 -4 0 -3 -9 -8 1 -4 -3 -3 -14 31 -4 -7 -5 -1 -12 32 -27
	cCr 0 -3 -2 5 -6 -7 3 -4 -8 -2 16 4 -1 -2 -6 -7 11 15 13 6 -3 6 22 2 0
E 134717917 135552084 1 27444 1
	p 3 7 0 11 0 1 128 192 256 128 192 256
	sY 11  0 0 24 31 40 47 56 50 72 45 88 40 112 24 144 0 176 0 208 0 240 0
	sCb 9 0 26 27 26 54 26 67 21 81 15 94 10 108 9 121 8 255 8
	sCr 2 0 2 255 2
	cY 1 -2 -5 12 10 -3 -2 -2 -8 32 -46 -21 11 -1 -7 36 -84 100 15 -14 2 17 -57 107
	cCb -2 -5 -4 -1 -2 -8 0 -5 1 -5 -8 -9 4 -5 -4 -4 -9 24 -1 -7 -5 0 -11 25 -29
	cCr 2 -1 0 7 -15 -9 8 -4 -6 -4 15 2 8 -2 -7 -10 8 19 27 9 -7 5 22 4 -1
E 135552084 136386250 1 34206 1
	p 3 7 0 11 0 1 128 192 256 128 192 256
	sY 11  0 0 24 31 40 47 56 50 72 45 88 40 112 24 144 0 176 0 208 0 240 0
	sCb 9 0 28 27 28 54 29 67 23 81 16 94 10 108 9 121 8 255 8
	sCr 2 0 2 255 2
	cY 0 0 -5 11 5 -1 -1 0 -6 25 -42 -13 6 0 -6 26 -67 91 8 -9 1 14 -47 93
	cCb -3 -4 -4 -3 -3 -4 -2 -4 -3 -3 -7 -4 -3 -4 -3 -3 -10 20 -6 -5 -4 -2 -9 21 -36
	cCr 0 -2 -3 3 -5 -5 2 -3 -6 -4 13 2 -2 -3 -6 -8 11 18 12 5 -4 3 20 5 -1
E 136386250 137220417 1 40968 1
	p 3 7 0 11 0 1 128 192 256 128 192 256
	sY 11  0 0 24 31 40 47 56 50 72 45 88 40 112 24 144 0 176 0 208 0 240 0
	sCb 7 0 30 27 30 54 30 67 24 81 16 108 9 255 9
	sCr 2 0 2 255 2
	cY 0 -1 -4 11 7 -1 -2 -1 -6 26 -42 -16 7 0 -6 30 -74 95 11 -11 1 15 -52 100
	cCb -2 -4 -4 -2 -2 -6 -1 -4 -2 -5 -7 -8 2 -5 -4 -3 -9 22 -2 -6 -4 -1 -11 23 -31
	cCr 1 -2 -1 4 -10 -8 6 -2 -6 -4 13 0 3 -2 -7 -10 8 24 18 4 -6 4 20 8 -1
E 137220417 138054584 1 47730 1
	p 3 7 0 11 0 1 128 192 256 128 192 256
	sY 11  0 0 24 31 40 47 56 50 72 45 88 40 112 24 144 0 176 0 208 0 240 0
	sCb 9 0 27 27 28 54 29 67 24 81 16 94 11 108 9 121 8 255 8
	sCr 2 0 2 255 2
	cY -1 0 -5 11 5 -1 -1 0 -6 22 -39 -11 5 0 -5 24 -62 88 8 -9 1 13 -45 91
	cCb -3 -4 -3 -3 -3 -4 -3 -3 -3 -4 -8 -5 -2 -4 -4 -3 -10 19 -5 -5 -3 -2 -9 20 -38
	cCr 1 -2 -3 3 -5 -5 2 -2 -7 -5 13 1 -4 -3 -5 -9 11 20 10 3 -4 1 20 6 -1
E 138054584 138888750 1 54492 1
	p 3 7 0 11 0 1 128 192 256 128 192 256
	sY 11  0 0 24 31 40 47 56 50 72 45 88 40 112 24 144 0 176 0 208 0 240 0
	sCb 7 0 30 27 30 54 30 67 24 81 16 108 9 255 9
	sCr 2 0 2 255 2
	cY 0 0 -5 11 6 -1 -1 -1 -6 26 -42 -14 7 0 -6 29 -71 93 10 -10 1 14 -49 98
	cCb -3 -5 -4 -1 -2 -6 -2 -4 -2 -4 -7 -7 1 -4 -4 -4 -9 21 -2 -6 -5 -2 -10 22 -32
	cCr 1 -1 -3 3 -8 -6 6 -1 -6 -5 13 0 -1 -2 -7 -10 10 26 16 3 -6 2 20 10 -1
E 138888750 139722917 1 61254 1
	p 3 7 0 11 0 1 128 192 256 128 192 256
	sY 11  0 0 24 31 40 47 56 50 72 45 88 40 112 24 144 0 176 0 208 0 240 0
	sCb 9 0 29 27 30 54 31 67 25 81 17 94 11 108 9 121 9 255 9
	sCr 2 0 2 255 2
	cY -1 0 -4 10 4 -1 -1 0 -5 21 -38 -11 5 0 -5 23 -60 86 7 -8 1 13 -43 89
	cCb -3 -3 -4 -3 -3 -4 -3 -4 -3 -4 -7 -5 -3 -3 -3 -3 -9 18 -5 -4 -4 -3 -8 18 -39
	cCr 0 -2 -2 3 -5 -4 2 -2 -8 -4 12 0 -5 -3 -5 -8 11 21 10 3 -5 0 18 5 -1
E 139722917 140557084 1 2480 1
	p 3 7 0 11 0 1 128 192 256 128 192 256
	sY 11  0 0 24 31 40 47 56 50 72 45 88 40 112 24 144 0 176 0 208 0 240 0
	sCb 8 0 30 27 30 54 30 67 24 81 16 94 11 121 8 255 8
	sCr 2 0 2 255 2
	cY 0 -1 -4 10 5 -1 -2 -1 -5 23 -40 -13 6 0 -6 26 -67 91 9 -9 0 13 -46 94
	cCb -3 -4 -4 -2 -3 -5 -1 -4 -2 -4 -7 -7 0 -4 -4 -3 -10 21 -2 -6 -4 -1 -9 22 -33
	cCr 2 -2 -3 1 -6 -3 4 -1 -6 -6 11 -2 -2 -2 -5 -11 9 27 14 3 -5 -1 17 11 -1
E 140557084 141391250 1 9242 1
	p 3 7 0 11 0 1 128 192 256 128 192 256
	sY 11  0 0 24 31 40 47 56 50 72 45 88 40 112 24 144 0 176 0 208 0 240 0
	sCb 9 0 28 27 28 54 29 67 24 81 16 94 10 108 8 121 8 255 8
	sCr 2 0 2 255 2
	cY -1 0 -5 11 4 -1 -1 0 -5 21 -39 -10 5 0 -5 23 -60 87 7 -8 1 13 -43 89
	cCb -3 -3 -4 -2 -4 -4 -3 -4 -3 -3 -7 -4 -3 -3 -3 -3 -9 19 -6 -5 -4 -2 -9 19 -39
	cCr 0 -2 -3 2 -4 -4 1 -2 -6 -5 11 0 -4 -3 -4 -9 12 20 10 2 -4 0 18 5 -1
E 141391250 142225417 1 16004 1
	p 3 7 0 11 0 1 128 192 256 128 192 256
	sY 11  0 0 24 31 40 47 56 50 72 45 88 40 112 24 144 0 176 0 208 0 240 0
	sCb 7 0 23 27 24 54 23 67 19 81 13 108 7 255 7
	sCr 2 0 2 255 2
	cY -1 0 -4 10 5 -1 -2 0 -6 23 -40 -12 5 0 -6 25 -65 90 8 -8 0 13 -46 93
	cCb -2 -5 -4 -2 -3 -6 -2 -4 -2 -4 -7 -6 0 -4 -4 -4 -9 20 -2 -6 -4 -2 -9 22 -34
	cCr 1 -1 -3 2 -6 -3 3 -1 -5 -6 11 -1 -3 -2 -4 -11 9 27 13 2 -5 -1 17 11 -1
E 142225417 143059584 1 22766 1
	p 3 7 0 11 0 1 128 192 256 128 192 256
	sY 11  0 0 24 31 40 47 56 50 72 45 88 40 112 24 144 0 176 0 208 0 240 0
	sCb 9 0 28 27 28 54 29 67 24 81 16 94 10 108 8 121 8 255 8
	sCr 2 0 2 255 2
	cY -1 0 -5 11 4 -1 -1 0 -5 21 -38 -10 5 0 -6 22 -59 86 7 -7 0 13 -43 88
	cCb -3 -4 -4 -2 -3 -3 -3 -3 -4 -4 -8 -5 -2 -4 -4 -3 -9 18 -5 -5 -4 -2 -8 18 -38
	cCr 0 -2 -2 2 -5 -4 1 -2 -6 -4 11 1 -4 -3 -5 -8 12 19 9 2 -4 1 17 4 -1
E 143059584 143893750 1 29528 1
	p 3 7 0 11 0 1 128 192 256 128 192 256
	sY 11  0 0 24 31 40 47 56 50 72 45 88 40 112 24 144 0 176 0 208 0 240 0
	sCb 5 0 23 54 24 81 14 108 7 255 7
	sCr 2 0 1 255 1
	cY 3 -2 -8 11 16 -9 1 0 -18 48 -52 -29 21 -6 -14 55 -107 108 19 -21 6 23 -71 119
	cCb -2 -4 -5 -1 -1 -6 -1 -4 -1 -2 -9 -6 1 -5 -4 1 -18 31 -7 -5 -4 2 -13 31 -29
	cCr 3 -4 -1 8 -14 -9 6 -6 -4 -3 17 5 8 -2 -7 -6 14 15 24 7 -10 8 21 -1 0
E 143893750 144727917 1 36290 1
	p 3 7 0 11 0 1 128 192 256 128 192 256
	sY 11  0 0 24 31 40 47 56 50 72 45 88 40 112 24 144 0 176 0 208 0 240 0
	sCb 7 0 21 27 21 54 21 67 17 81 11 108 5 255 5
	sCr 2 0 1 255 2
	cY 2 -4 -2 9 10 -1 -2 -3 -1 23 -40 -24 9 1 -5 28 -74 92 20 -14 1 17 -56 105
	cCb -2 -4 -4 0 -2 -4 -2 -4 -1 -2 -11 -6 1 -4 -3 -1 -16 33 -6 -6 -4 -1 -12 32 -26
	cCr -1 -3 -1 6 -7 -6 3 -4 -8 -2 14 4 0 -2 -5 -7 10 15 13 5 -5 5 21 1 -1
E 144727917 145562084 1 43052 1
	p 3 7 0 11 0 1 128 192 256 128 192 256
	sY 11  0 0 24 31 40 47 56 50 72 45 88 40 112 24 144 0 176 0 208 0 240 0
	sCb 7 0 25 27 25 54 25 67 20 81 13 108 6 255 6
	sCr 2 0 1 255 2
	cY 2 -3 -4 11 9 -2 -2 -2 -5 28 -43 -21 9 0 -7 34 -81 98 16 -13 1 17 -57 107
	cCb -2 -4 -5 0 -2 -7 0 -5 0 -4 -8 -11 4 -5 -4 -4 -10 25 1 -9 -4 -1 -11 26 -26
	cCr 1 -1 0 4 -14 -8 7 -4 -5 -4 13 4 10 -2 -6 -9 7 18 27 9 -7 6 22 4 -1
E 145562084 146396250 1 49814 1
	p 3 7 0 11 0 1 128 192 256 128 192 256
	sY 11  0 0 24 31 40 47 56 50 72 45 88 40 112 24 144 0 176 0 208 0 240 0
	sCb 9 0 28 27 28 54 29 67 23 81 14 94 9 108 7 121 7 255 7
	sCr 2 0 2 255 2
	cY 0 -1 -4 11 5 -1 -2 0 -6 25 -42 -14 5 0 -6 28 -69 92 10 -10 1 15 -50 97
	cCb -4 -3 -4 -1 -3 -4 -3 -3 -2 -4 -9 -6 -2 -3 -3 -2 -13 27 -4 -6 -3 -2 -11 27 -30
	cCr 0 -2 -2 3 -6 -5 2 -3 -8 -4 14 2 -3 -3 -5 -9 11 19 12 4 -4 3 21 4 -1
E 146396250 147230417 1 56576 1
	p 3 7 0 11 0 1 128 192 256 128 192 256
	sY 11  0 0 24 31 40 47 56 50 72 45 88 40 112 24 144 0 176 0 208 0 240 0
	sCb 9 0 18 27 18 54 18 67 14 81 9 94 6 108 5 121 4 255 4
	sCr 2 0 1 255 1
	cY 0 -1 -4 10 7 -1 -2 -1 -5 26 -42 -16 6 0 -5 29 -73 95 11 -10 1 14 -50 99
	cCb -2 -4 -4 -1 -3 -6 -1 -4 -1 -5 -8 -8 1 -4 -4 -4 -9 24 -1 -6 -5 -1 -11 26 -29
	cCr 2 -2 -2 5 -8 -6 3 -2 -6 -5 15 0 -1 -3 -6 -10 10 24 14 4 -6 3 21 7 -1
E 147230417 148064584 1 63338 1
	p 3 7 0 11 0 1 128 192 256 128 192 256
	sY 11  0 0 24 31 40 47 56 50 72 45 88 40 112 24 144 0 176 0 208 0 240 0
	sCb 8 0 28 27 28 54 29 67 23 81 14 94 9 108 6 255 6
	sCr 2 0 2 255 2
	cY 0 0 -5 11 5 -1 -2 0 -6 24 -41 -13 5 0 -6 26 -66 90 9 -9 0 14 -47 94
	cCb -3 -4 -4 -1 -4 -4 -3 -4 -2 -4 -9 -5 -2 -3 -3 -3 -11 26 -4 -5 -4 -2 -10 26 -31
	cCr 0 -2 -3 3 -5 -4 2 -2 -8 -5 14 2 -5 -3 -4 -9 11 21 10 3 -4 1 19 3 -1
E 148064584 148898750 1 4564 1
	p 3 7 0 11 0 1 128 192 256 128 192 256
	sY 11  0 0 24 31 40 47 56 50 72 45 88 40 112 24 144 0 176 0 208 0 240 0
	sCb 9 0 26 27 26 54 27 67 21 81 14 94 8 108 7 121 6 255 6
	sCr 2 0 2 255 2
	cY 0 -1 -4 10 6 -1 -2 -1 -5 23 -40 -14 5 0 -5 27 -68 92 10 -9 0 14 -48 97
	cCb -3 -3 -5 -1 -3 -5 -2 -4 -2 -4 -8 -7 0 -5 -3 -5 -9 24 -2 -7 -4 -2 -8 23 -30
	cCr 1 -1 -2 3 -8 -5 4 -1 -6 -6 13 -1 0 -1 -6 -11 9 27 16 3 -6 1 20 10 -1
E 148898750 149732917 1 11326 1
	p 3 7 0 11 0 1 128 192 256 128 192 256
	sY 11  0 0 24 31 40 47 56 50 72 45 88 40 112 24 144 0 176 0 208 0 240 0
	sCb 8 0 22 27 22 54 23 67 18 81 11 94 7 108 5 255 5
	sCr 2 0 2 255 2
	cY -1 0 -5 11 5 -1 -2 0 -6 22 -40 -12 4 1 -6 25 -63 88 9 -8 0 14 -46 93
	cCb -3 -4 -4 -2 -3 -4 -3 -3 -3 -3 -9 -5 -2 -4 -4 -3 -12 26 -5 -6 -4 -2 -10 27 -32
	cCr 0 -3 -2 2 -4 -4 1 -2 -7 -4 12 1 -6 -4 -5 -8 11 19 9 3 -4 0 18 5 -1
E 149732917 150567084 1 18088 1
	p 3 7 0 11 0 1 128 192 256 128 192 256
	sY 11  0 0 24 31 40 47 56 50 72 45 88 40 112 24 144 0 176 0 208 0 240 0
	sCb 7 0 29 27 29 54 29 67 23 81 15 108 7 255 6
	sCr 2 0 2 255 2
	cY 0 0 -4 10 5 -1 -2 0 -5 22 -39 -13 5 1 -5 25 -66 90 9 -8 0 13 -46 94
	cCb -2 -4 -3 -2 -3 -5 -2 -4 -2 -4 -8 -7 0 -4 -4 -3 -10 24 -2 -6 -5 -2 -9 25 -30
	cCr 1 -1 -3 2 -7 -5 3 0 -6 -7 11 -2 -2 -3 -4 -11 9 27 12 1 -6 0 17 11 -1
E 150567084 151401250 1 24850 1
	p 3 7 0 11 0 1 128 192 256 128 192 256
	sY 11  0 0 24 31 40 47 56 50 72 45 88 40 112 24 144 0 176 0 208 0 240 0
	sCb 8 0 24 27 24 54 25 67 20 81 13 94 7 108 6 255 6
	sCr 2 0 2 255 2
	cY -1 0 -5 11 4 -1 -1 0 -5 22 -39 -11 4 0 -5 23 -62 88 8 -8 0 13 -44 91
	cCb -2 -3 -4 -2 -3 -3 -3 -4 -2 -4 -8 -6 -2 -4 -3 -3 -11 25 -4 -6 -3 -2 -9 25 -32
	cCr 0 -2 -4 2 -5 -4 1 -2 -7 -5 11 0 -5 -3 -5 -8 11 19 10 2 -4 -1 18 4 -2
E 151401250 152235417 1 31612 1
	p 3 7 0 11 0 1 128 192 256 128 192 256
	sY 11  0 0 24 31 40 47 56 50 72 45 88 40 112 24 144 0 176 0 208 0 240 0
	sCb 5 0 21 54 22 67 17 108 5 255 5
	sCr 2 0 2 255 1
	cY -1 0 -4 10 4 0 -2 0 -4 20 -37 -12 4 1 -5 22 -61 88 8 -7 0 12 -44 91
	cCb -3 -3 -5 -2 -3 -5 -2 -4 -2 -4 -8 -6 0 -5 -4 -4 -9 23 -2 -6 -4 -2 -9 23 -32
	cCr 0 -1 -3 1 -6 -3 2 0 -6 -6 10 -1 -4 -1 -5 -10 9 25 10 1 -5 0 18 11 -1
E 152235417 153069584 1 38374 1
	p 3 7 0 11 0 1 128 192 256 128 192 256
	sY 11  0 0 24 31 40 47 56 50 72 45 88 40 112 24 144 0 176 0 208 0 240 0
	sCb 6 0 24 27 25 54 25 67 20 108 6 255 5
	sCr 2 0 2 255 2
	cY -1 0 -5 10 4 -1 -1 1 -5 21 -38 -11 4 1 -6 23 -61 87 8 -7 0 13 -44 90
	cCb -3 -3 -4 -2 -3 -3 -2 -3 -3 -3 -8 -5 -3 -3 -3 -4 -10 24 -5 -6 -4 -2 -9 25 -33
	cCr 0 -3 -3 2 -4 -4 0 -1 -7 -5 9 1 -5 -3 -4 -8 12 18 9 3 -3 0 18 5 -1
E 153069584 153903750 1 45136 1
	p 3 7 0 11 0 1 128 192 256 128 192 256
	sY 11  0 0 24 31 40 47 56 50 72 45 88 40 112 24 144 0 176 0 208 0 240 0
	sCb 5 0 18 54 19 81 11 108 5 255 5
	sCr 2 0 1 255 1
	cY 3 -2 -8 11 16 -8 1 -1 -16 44 -49 -31 21 -6 -14 54 -106 108 19 -20 6 23 -70 118
	cCb -2 -4 -4 -1 -2 -7 -1 -4 -1 -2 -9 -6 2 -4 -4 0 -19 32 -7 -5 -4 1 -13 33 -29
	cCr 2 -1 1 8 -16 -12 8 -6 -6 -4 17 5 8 -1 -8 -9 10 17 26 8 -7 8 20 2 -1
E 153903750 154737917 1 51898 1
	p 3 7 0 11 0 1 128 192 256 128 192 256
	sY 11  0 0 24 31 40 47 56 50 72 45 88 40 112 24 144 0 176 0 208 0 240 0
	sCb 8 0 28 27 28 54 29 67 25 81 17 108 8 121 7 255 7
	sCr 2 0 2 255 2
	cY 0 0 -6 12 5 -2 -1 0 -7 26 -42 -11 7 -1 -6 28 -67 91 6 -9 2 14 -47 93
	cCb -3 -4 -4 -2 -3 -4 -2 -4 -3 -4 -7 -6 -2 -4 -3 -3 -10 19 -4 -5 -4 -2 -8 19 -40
	cCr -1 -3 -3 7 -8 -6 4 -3 -8 -6 16 0 -1 -3 -5 -11 9 21 16 4 -5 6 24 8 -1
E 154737917 155572084 1 58660 1
	p 3 7 0 11 0 1 128 192 256 128 192 256
	sY 11  0 0 24 31 40 47 56 50 72 45 88 40 112 24 144 0 176 0 208 0 240 0
	sCb 8 0 24 27 24 54 25 67 21 81 14 108 7 121 7 255 7
	sCr 2 0 1 255 1
	cY 2 -1 -7 12 11 -5 -1 -1 -11 36 -47 -22 14 -3 -9 42 -90 102 14 -15 4 19 -61 109
	cCb -2 -4 -5 -1 -3 -6 -1 -4 0 -5 -8 -8 2 -5 -4 -4 -9 22 -2 -8 -4 0 -10 23 -32
	cCr 2 -1 1 6 -17 -9 10 -4 -5 -4 14 1 11 -1 -7 -9 9 20 29 9 -9 6 19 5 0
E 155572084 156406250 1 65422 1
	p 3 7 0 11 0 1 128 192 256 128 192 256
	sY 11  0 0 24 31 40 47 56 50 72 45 88 40 112 24 144 0 176 0 208 0 240 0
	sCb 8 0 31 27 32 54 32 67 27 81 18 108 8 121 8 255 8
	sCr 2 0 2 255 2
	cY 0 0 -5 11 6 -2 -1 0 -7 27 -43 -13 7 -1 -6 29 -70 92 9 -10 2 15 -49 96
	cCb -3 -4 -4 -2 -3 -4 -3 -4 -3 -3 -8 -4 -2 -3 -4 -2 -12 21 -6 -5 -4 -1 -11 23 -36
	cCr 1 -3 -3 5 -6 -5 3 -3 -8 -5 15 2 -2 -3 -5 -8 11 18 13 5 -4 3 20 3 0
E 156406250 157240417 1 6648 1
	p 3 7 0 11 0 1 128 192 256 128 192 256
	sY 11  0 0 24 31 40 47 56 50 72 45 88 40 112 24 144 0 176 0 208 0 240 0
	sCb 8 0 32 27 32 54 33 67 27 81 19 108 9 121 8 255 8
	sCr 2 0 2 255 2
	cY 1 -2 -4 10 9 -3 -1 -1 -9 31 -45 -18 11 -2 -7 36 -81 98 12 -13 3 17 -56 104
	cCb -2 -4 -5 -1 -3 -6 -1 -4 -2 -4 -8 -6 0 -4 -4 -2 -9 20 -3 -6 -4 0 -11 23 -34
	cCr 1 -1 0 5 -12 -7 7 -2 -6 -6 14 0 5 -1 -6 -10 9 23 22 6 -8 4 20 9 -1
E 157240417 158074584 1 13410 1
	p 3 7 0 11 0 1 128 192 256 128 192 256
	sY 11  0 0 24 31 40 47 56 50 72 45 88 40 112 24 144 0 176 0 208 0 240 0
	sCb 9 0 30 27 30 54 31 67 25 81 16 94 10 108 7 121 7 255 7
	sCr 2 0 2 255 2
	cY 0 0 -5 11 6 -2 -1 0 -7 25 -41 -13 7 0 -7 28 -68 91 8 -10 1 14 -48 94
	cCb -3 -4 -4 -2 -3 -4 -3 -4 -2 -3 -8 -4 -3 -4 -4 -3 -11 21 -5 -5 -4 -1 -9 21 -38
	cCr 1 -3 -3 3 -6 -5 3 -3 -8 -5 14 0 -3 -3 -6 -9 11 20 12 5 -5 2 20 6 -1
E 158074584 158908750 1 20172 1
	p 3 7 0 11 0 1 128 192 256 128 192 256
	sY 11  0 0 24 31 40 47 56 50 72 45 88 40 112 24 144 0 176 0 208 0 240 0
	sCb 8 0 23 27 24 54 25 67 20 81 13 94 8 121 5 255 5
	sCr 2 0 2 255 1
	cY 0 -1 -5 11 8 -2 -1 0 -8 29 -44 -16 9 -1 -8 34 -78 97 10 -11 2 17 -54 101
	cCb -2 -4 -5 -1 -3 -5 -1 -4 -1 -4 -8 -7 1 -4 -3 -4 -9 20 -2 -7 -4 -1 -9 21 -35
	cCr 2 -1 -2 5 -9 -6 6 -2 -6 -6 13 -1 1 -1 -8 -11 8 25 17 5 -6 3 20 12 -1
E 158908750 159742917 1 26934 1
	p 3 7 0 11 0 1 128 192 256 128 192 256
	sY 11  0 0 24 31 40 47 56 50 72 45 88 40 112 24 144 0 176 0 208 0 240 0
	sCb 9 0 28 27 29 54 29 67 24 81 15 94 9 108 7 121 7 255 7
	sCr 2 0 2 255 2
	cY 0 0 -5 11 5 -1 -1 0 -7 25 -41 -12 6 0 -6 27 -67 91 8 -9 1 14 -47 93
	cCb -2 -5 -4 -2 -3 -5 -3 -4 -2 -4 -8 -4 -2 -4 -3 -2 -10 20 -5 -5 -4 -2 -10 21 -38
	cCr 1 -2 -3 3 -6 -4 2 -2 -7 -5 13 2 -3 -3 -5 -8 12 20 12 4 -5 1 20 5 -1
E 159742917 160577084 1 33696 1
	p 3 7 0 11 0 1 128 192 256 128 192 256
	sY 11  0 0 24 31 40 47 56 50 72 45 88 40 112 24 144 0 176 0 208 0 240 0
	sCb 9 0 24 27 24 54 25 67 20 81 13 94 8 108 6 121 6 255 6
	sCr 2 0 2 255 1
	cY 1 -1 -5 11 7 -2 -1 -1 -7 27 -43 -15 8 -1 -6 31 -74 94 10 -11 2 15 -52 99
	cCb -2 -4 -4 -2 -3 -5 -2 -5 -2 -4 -8 -6 -1 -5 -3 -3 -10 20 -4 -5 -4 -1 -11 21 -35
	cCr 2 -1 -2 4 -9 -6 6 -1 -4 -6 12 -3 2 -2 -6 -11 8 29 18 4 -8 0 17 12 -1
E 160577084 161411250 1 40458 1
	p 3 7 0 11 0 1 128 192 256 128 192 256
	sY 11  0 0 24 31 40 47 56 50 72 45 88 40 112 24 144 0 176 0 208 0 240 0
	sCb 9 0 27 27 27 54 28 67 23 81 15 94 8 108 6 121 6 255 6
	sCr 2 0 2 255 2
	cY 0 0 -5 11 5 -1 -1 1 -7 26 -42 -11 6 0 -7 27 -67 91 7 -9 1 14 -47 93
	cCb -3 -4 -4 -2 -3 -5 -2 -4 -3 -3 -8 -5 -2 -4 -3 -3 -10 20 -5 -6 -3 -2 -9 21 -38
	cCr 1 -2 -3 2 -5 -4 3 -2 -6 -4 12 1 -4 -3 -5 -9 12 20 10 3 -4 1 18 6 -1
E 161411250 162245417 1 47220 1
	p 3 7 0 11 0 1 128 192 256 128 192 256
	sY 11  0 0 24 31 40 47 56 50 72 45 88 40 112 24 144 0 176 0 208 0 240 0
	sCb 9 0 23 27 24 54 25 67 20 81 13 94 8 108 6 121 5 255 5
	sCr 2 0 2 255 1
	cY 0 -1 -5 11 6 -2 -1 -1 -7 27 -43 -14 8 -1 -6 30 -73 93 9 -11 2 15 -50 98
	cCb -3 -4 -4 -1 -3 -5 -1 -4 -2 -4 -7 -6 0 -5 -3 -4 -8 20 -3 -6 -4 -2 -9 20 -36
	cCr 2 -1 -2 3 -8 -5 6 -1 -4 -5 12 -2 0 -2 -7 -10 10 26 16 2 -6 0 18 12 -1
E 162245417 163079584 1 53982 1
	p 3 7 0 11 0 1 128 192 256 128 192 256
	sY 11  0 0 24 31 40 47 56 50 72 45 88 40 112 24 144 0 176 0 208 0 240 0
	sCb 9 0 30 27 31 54 31 67 25 81 16 94 9 108 7 121 6 255 6
	sCr 2 0 2 255 2
	cY 0 0 -5 12 5 -1 -1 0 -7 24 -41 -11 6 0 -6 26 -65 89 7 -9 1 14 -47 92
	cCb -2 -4 -3 -2 -3 -4 -2 -4 -2 -4 -8 -5 -2 -4 -3 -4 -10 20 -6 -5 -4 -2 -9 21 -38
	cCr 0 -2 -2 3 -7 -4 3 -2 -7 -4 11 1 -2 -3 -4 -8 10 20 12 3 -5 1 18 6 -1
E 163079584 163913751 1 60744 1
	p 3 7 0 11 0 1 128 192 256 128 192 256
	sY 11  0 0 24 31 40 47 56 50 72 45 88 40 112 24 144 0 176 0 208 0 240 0
	sCb 8 0 28 27 28 54 29 67 23 81 15 94 9 121 7 255 7
	sCr 2 0 1 255 2
	cY 3 -2 -8 11 16 -8 0 -1 -17 46 -50 -30 21 -5 -13 54 -106 107 20 -20 6 23 -71 119
	cCb -2 -3 -5 0 -2 -6 -1 -3 -2 -2 -9 -6 2 -4 -4 0 -19 31 -7 -5 -4 2 -13 31 -30
	cCr 1 -2 1 10 -12 -9 7 -6 -6 -4 18 5 9 -1 -8 -8 13 14 22 7 -7 10 23 0 0
E 163913751 164747917 1 1970 1
	p 3 7 0 11 0 1 128 192 256 128 192 256
	sY 11  0 0 24 31 40 47 56 50 72 45 88 40 112 24 144 0 176 0 208 0 240 0
	sCb 9 0 24 27 25 54 25 67 19 81 12 94 7 108 5 121 5 255 5
	sCr 2 0 2 255 2
	cY 2 -4 -3 10 10 -2 -2 -4 -2 24 -40 -23 10 0 -5 30 -76 94 19 -14 2 17 -57 106
	cCb -3 -3 -3 -1 -3 -5 -2 -3 -2 -3 -9 -6 -1 -3 -4 -1 -15 31 -5 -6 -4 0 -14 32 -26
	cCr 0 -3 -2 6 -5 -5 2 -4 -7 -3 15 4 -1 -3 -6 -8 11 17 13 5 -4 3 20 3 0
E 164747917 165582084 1 8732 1
	p 3 7 0 11 0 1 128 192 256 128 192 256
	sY 11  0 0 24 31 40 47 56 50 72 45 88 40 112 24 144 0 176 0 208 0 240 0
	sCb 8 0 24 27 25 54 24 67 19 81 12 108 5 121 5 255 5
	sCr 2 0 2 255 2
	cY 1 -3 -3 10 10 -2 -2 -2 -6 28 -43 -21 10 0 -7 33 -80 97 16 -13 2 17 -57 106
	cCb -2 -5 -4 -2 -1 -9 1 -4 1 -6 -7 -11 6 -5 -4 -4 -10 25 2 -10 -4 0 -12 29 -27
	cCr 0 -2 1 6 -15 -11 9 -3 -6 -4 14 3 9 -1 -7 -10 9 21 29 8 -8 4 20 7 -1
E 165582084 166416251 1 15494 1
	p 3 7 0 11 0 1 128 192 256 128 192 256
	sY 11  0 0 24 31 40 47 56 50 72 45 88 40 112 24 144 0 176 0 208 0 240 0
	sCb 9 0 25 27 25 54 26 67 20 81 11 94 7 108 5 121 5 255 5
	sCr 2 0 2 255 2
	cY -1 0 -5 11 5 -1 -1 0 -7 24 -41 -12 5 0 -6 26 -66 90 9 -9 0 14 -48 94
	cCb -3 -3 -4 -2 -4 -3 -3 -3 -3 -3 -9 -5 -2 -4 -3 -3 -11 26 -4 -6 -3 -1 -9 25 -32
	cCr 0 -2 -2 5 -5 -5 1 -2 -8 -5 13 2 -3 -4 -5 -8 13 20 12 3 -6 0 19 5 -1
E 166416251 167250417 1 22256 1
	p 3 7 0 11 0 1 128 192 256 128 192 256
	sY 11  0 0 24 31 40 47 56 50 72 45 88 40 112 24 144 0 176 0 208 0 240 0
	sCb 9 0 31 27 32 54 31 67 25 81 16 94 9 108 7 121 6 255 6
	sCr 2 0 2 255 2
	cY 0 0 -5 11 5 -1 -1 0 -6 24 -41 -12 6 0 -6 26 -66 91 8 -9 1 14 -46 93
	cCb -3 -4 -4 -2 -3 -4 -2 -4 -3 -4 -7 -5 -2 -3 -4 -3 -9 19 -4 -5 -5 -2 -9 20 -38
	cCr 2 -1 -3 4 -8 -6 5 -1 -7 -6 14 -2 -1 -2 -6 -11 9 27 15 3 -6 1 21 11 -1
E 167250417 167667501 1 29018 1
	p 3 7 0 11 0 1 128 192 256 128 192 256
	sY 11  0 0 24 31 40 47 56 50 72 45 88 40 112 24 144 0 176 0 208 0 240 0
	sCb 9 0 27 27 27 54 27 67 22 81 13 94 8 108 5 121 5 255 5
	sCr 2 0 2 255 2
	cY 0 0 -5 11 5 -1 -1 0 -7 25 -42 -12 6 -1 -6 27 -66 91 8 -10 2 14 -47 92
	cCb -2 -4 -4 -1 -4 -4 -2 -4 -3 -3 -8 -5 -2 -3 -3 -3 -10 20 -5 -5 -4 -2 -9 21 -38
	cCr 1 -3 -3 3 -5 -4 2 -1 -7 -4 12 1 -4 -3 -6 -9 11 20 11 4 -5 2 23 7 -1
E 167667501 168084584 1 32399 1
	p 3 7 0 11 0 1 128 192 256 128 192 256
	sY 11  0 0 24 31 40 47 56 50 72 45 88 40 112 24 144 0 176 0 208 0 240 0
	sCb 9 0 32 27 32 54 32 67 25 81 16 94 9 108 6 121 6 255 6
	sCr 2 0 2 255 2
	cY 0 0 -5 11 5 -2 -1 0 -7 25 -42 -12 6 0 -6 27 -67 91 8 -9 1 14 -47 93
	cCb -3 -4 -3 -2 -3 -3 -3 -4 -3 -4 -8 -4 -3 -3 -4 -3 -9 20 -5 -4 -4 -2 -10 21 -37
	cCr 1 -2 -2 4 -5 -4 2 -2 -7 -4 14 1 -4 -3 -5 -8 11 19 11 3 -4 1 18 4 -1
E 168084584 168918751 1 35780 1
	p 3 7 0 11 0 1 128 192 256 128 192 256
	sY 11  0 0 24 31 40 47 56 50 72 45 88 40 112 24 144 0 176 0 208 0 240 0
	sCb 9 0 31 27 31 54 31 67 25 81 16 94 9 108 6 121 6 255 6
	sCr 2 0 2 255 2
	cY 0 -1 -4 11 7 -2 -1 -1 -7 27 -42 -15 8 -1 -6 31 -73 94 10 -11 2 15 -51 98
	cCb -2 -5 -4 -2 -3 -5 -1 -3 -2 -4 -7 -6 0 -4 -4 -4 -10 20 -4 -6 -4 -1 -10 21 -35
	cCr 1 -2 -2 3 -8 -5 5 -2 -6 -6 12 -2 1 -2 -6 -11 10 25 18 3 -7 1 20 11 -1
E 168918751 169752917 1 42542 1
	p 3 7 0 11 0 1 128 192 256 128 192 256
	sY 11  0 0 24 31 40 47 56 50 72 45 88 40 112 24 144 0 176 0 208 0 240 0
	sCb 9 0 31 27 31 54 31 67 24 81 15 94 8 108 6 121 6 255 6
	sCr 2 0 2 255 2
	cY 0 0 -5 11 5 -1 -2 0 -7 25 -41 -11 5 0 -6 27 -66 90 7 -8 1 14 -46 92
	cCb -3 -4 -3 -2 -3 -5 -3 -4 -3 -3 -8 -5 -2 -4 -4 -3 -10 20 -4 -5 -4 -2 -9 21 -39
	cCr 1 -2 -3 3 -5 -4 1 -1 -7 -5 12 1 -4 -3 -5 -9 12 20 11 3 -4 1 19 6 -1
E 169752917 170587084 1 49304 1
	p 3 7 0 11 0 1 128 192 256 128 192 256
	sY 11  0 0 24 31 40 47 56 50 72 45 88 40 112 24 144 0 176 0 208 0 240 0
	sCb 9 0 31 27 32 54 32 67 26 81 16 94 9 108 6 121 6 255 6
	sCr 2 0 2 255 2
	cY 1 -1 -5 11 7 -1 -2 -1 -7 27 -42 -15 8 0 -7 31 -73 94 9 -11 2 16 -51 98
	cCb -3 -4 -4 -1 -3 -5 -2 -4 -2 -4 -9 -5 0 -4 -4 -3 -10 21 -4 -6 -4 -1 -9 21 -35
	cCr 1 -2 -3 4 -8 -5 6 -1 -5 -7 13 -2 0 -2 -6 -10 10 26 16 2 -6 0 18 11 -1
E 170587084 171421251 1 56066 1
	p 3 7 0 11 0 1 128 192 256 128 192 256
	sY 11  0 0 24 31 40 47 56 50 72 45 88 40 112 24 144 0 176 0 208 0 240 0
	sCb 9 0 30 27 31 54 31 67 24 81 15 94 8 108 6 121 5 255 5
	sCr 2 0 2 255 2
	cY 0 0 -5 11 5 -1 -1 0 -7 24 -41 -11 6 0 -6 27 -66 90 7 -9 1 14 -47 93
	cCb -3 -3 -4 -2 -3 -4 -2 -4 -3 -4 -7 -5 -2 -4 -4 -3 -9 20 -5 -5 -4 -1 -9 20 -38
	cCr 0 -2 -2 2 -4 -3 1 -2 -7 -4 12 0 -3 -3 -4 -9 11 20 11 3 -4 2 19 6 -2
E 171421251 172255417 1 62828 1
	p 3 7 0 11 0 1 128 192 256 128 192 256
	sY 11  0 0 24 31 40 47 56 50 72 45 88 40 112 24 144 0 176 0 208 0 240 0
	sCb 9 0 29 27 29 54 30 67 24 81 14 94 8 108 6 121 6 255 6
	sCr 2 0 2 255 2
	cY 0 -1 -5 11 7 -2 -1 -1 -7 27 -43 -14 8 -1 -6 30 -72 94 9 -11 2 15 -50 97
	cCb -3 -4 -4 -2 -3 -6 -1 -4 -2 -4 -7 -6 0 -5 -4 -4 -10 20 -4 -6 -4 -2 -10 21 -37
	cCr 1 -2 -1 4 -8 -5 7 -1 -5 -5 11 -2 1 -1 -6 -10 9 25 17 4 -6 1 17 11 -1
E 172255417 173089584 1 4054 1
	p 3 7 0 11 0 1 128 192 256 128 192 256
	sY 11  0 0 24 31 40 47 56 50 72 45 88 40 112 24 144 0 176 0 208 0 240 0
	sCb 9 0 29 27 29 54 29 67 23 81 14 94 7 108 5 121 5 255 5
	sCr 2 0 2 255 2
	cY -1 0 -5 11 5 -1 -1 0 -7 25 -41 -12 6 0 -6 27 -66 90 8 -9 1 15 -47 93
	cCb -3 -4 -3 -3 -3 -5 -2 -5 -3 -4 -8 -5 -2 -4 -4 -2 -11 21 -6 -5 -4 -1 -10 22 -37
	cCr 0 -3 -2 3 -5 -4 2 -2 -6 -4 12 1 -3 -3 -5 -9 12 19 10 3 -5 1 19 5 -1
E 173089584 173506667 1 7391 1
	p 3 7 0 11 0 1 128 192 256 128 192 256
	sY 11  0 0 24 50 40 49 56 26 72 0 88 0 112 0 144 0 176 0 208 0 240 0
	sCb 3 0 1 54 1 255 1
	sCr 2 0 0 255 0
	cY 2 2 -11 11 12 -10 2 3 -29 60 -54 -16 22 -8 -19 71 -125 113 -1 -20 7 22 -71 119
	cCb -2 -5 -5 16 -10 -20 14 3 5 -4 -6 -36 14 1 -7 -15 4 29 63 4 -19 -4 6 44 -1
	cCr -1 0 2 1 -19 -8 14 -5 -2 -3 3 7 26 -1 -6 -4 7 10 41 14 -10 5 18 -3 -1
E 173506667 174340834 1 10772 1
	p 3 7 0 11 0 1 128 192 256 128 192 256
	sY 11  0 0 24 50 40 49 56 26 72 0 88 0 112 0 144 0 176 0 208 0 240 0
	sCb 2 0 1 255 1
	sCr 2 0 1 255 1
	cY 0 0 -5 9 5 -2 -2 -1 -7 25 -36 -9 8 -1 -6 30 -71 83 -1 -12 3 14 -48 92
	cCb -1 -1 -2 0 -6 -5 2 -2 0 -5 0 -5 1 -1 -3 -10 -1 30 14 2 -9 -5 4 37 -4
	cCr 1 -2 -1 3 -8 -5 6 -3 -6 -4 9 3 4 -1 -5 -7 9 14 19 7 -5 2 19 1 -1
E 174340834 175175001 1 17534 1
	p 3 7 0 11 0 1 128 192 256 128 192 256
	sY 11  0 0 24 50 40 49 56 26 72 0 88 0 112 0 144 0 176 0 208 0 240 0
	sCb 2 0 1 255 1
	sCr 2 0 1 255 1
	cY 0 -1 -4 9 4 -2 -2 -1 -6 24 -35 -9 8 -1 -6 30 -70 83 -1 -12 3 14 -47 92
	cCb 0 -1 -3 0 -5 -5 3 -1 -1 -6 1 -6 0 -2 -2 -9 0 30 17 0 -9 -5 4 34 -4
	cCr 1 -3 -2 3 -9 -5 6 -2 -6 -4 10 3 3 -2 -5 -7 10 15 18 7 -6 3 19 2 -2
E 175175001 176009167 1 24296 1
	p 3 7 0 11 0 1 128 192 256 128 192 256
	sY 11  0 0 24 50 40 49 56 26 72 0 88 0 112 0 144 0 176 0 208 0 240 0
	sCb 2 0 1 255 1
	sCr 2 0 1 255 1
	cY 0 -1 -4 9 4 -2 -1 -1 -6 23 -35 -7 7 -1 -6 28 -67 81 -2 -11 3 13 -45 88
	cCb -1 -1 -3 -1 -5 -6 1 -1 -2 -7 1 -3 -3 -2 -3 -10 2 31 15 -1 -8 -4 6 32 -4
	cCr 1 -3 -1 3 -8 -5 4 -3 -6 -4 11 2 -1 -2 -5 -8 10 15 15 4 -4 2 20 1 -1
E 176009167 176843334 1 31058 1
	p 3 7 0 11 0 1 128 192 256 128 192 256
	sY 11  0 0 24 50 40 49 56 26 72 0 88 0 112 0 144 0 176 0 208 0 240 0
	sCb 2 0 1 255 1
	sCr 2 0 1 255 1
	cY 0 -1 -4 9 4 -2 -1 -1 -6 23 -35 -8 8 -2 -5 28 -68 81 -1 -12 3 13 -47 91
	cCb 0 -1 -3 0 -6 -4 1 0 -1 -9 2 -5 -2 0 -2 -11 1 36 14 1 -7 -4 5 35 -3
	cCr 1 -2 -2 1 -8 -5 6 -2 -6 -4 10 2 0 -3 -5 -8 12 16 17 5 -6 2 20 2 -1
E 176843334 177677501 1 37820 1
	p 3 7 0 11 0 1 128 192 256 128 192 256
	sY 11  0 0 24 50 40 49 56 26 72 0 88 0 112 0 144 0 176 0 208 0 240 0
	sCb 2 0 1 255 1
	sCr 2 0 1 255 1
	cY 0 -1 -4 9 4 -2 -2 -1 -5 22 -34 -8 7 -1 -5 27 -64 79 -1 -11 2 13 -44 87
	cCb -1 -2 -3 0 -5 -4 1 -1 -2 -6 4 -2 -2 -3 -3 -10 2 31 13 -1 -6 -4 8 31 -4
	cCr 1 -2 -2 2 -6 -5 3 -3 -6 -4 11 2 -1 -3 -5 -7 11 17 13 5 -5 2 20 2 -1
E 177677501 178511667 1 44582 1
	p 3 7 0 11 0 1 128 192 256 128 192 256
	sY 11  0 0 24 50 40 49 56 26 72 0 88 0 112 0 144 0 176 0 208 0 240 0
	sCb 2 0 1 255 1
	sCr 2 0 1 255 1
	cY 0 -1 -4 8 4 -2 -1 -1 -5 22 -34 -8 7 -1 -5 26 -65 80 -1 -11 2 12 -44 89
	cCb 0 -1 -2 0 -5 -3 2 -3 -2 -8 5 -4 -3 -2 -3 -11 4 30 14 -1 -6 -4 7 33 -4
	cCr 1 -2 -2 2 -6 -4 3 -2 -6 -4 11 2 -2 -3 -6 -8 12 16 12 4 -5 2 20 2 -1
E 178511667 179345834 1 51344 1
	p 3 7 0 11 0 1 128 192 256 128 192 256
	sY 11  0 0 24 50 40 49 56 26 72 0 88 0 112 0 144 0 176 0 208 0 240 0
	sCb 2 0 1 255 1
	sCr 2 0 1 255 1
	cY -1 0 -4 9 3 -1 -2 -1 -4 18 -31 -6 5 0 -4 20 -55 73 0 -9 1 11 -40 82
	cCb 0 -1 -3 -1 -5 -3 1 -1 -2 -9 3 -4 -4 -2 -2 -11 5 31 11 -1 -5 -5 6 29 -4
	cCr 0 -2 -3 1 -6 -5 2 -2 -6 -5 10 1 -4 -3 -4 -8 11 16 11 4 -5 -1 18 4 -1
E 179345834 180180001 1 58106 1
	p 3 7 0 11 0 1 128 192 256 128 192 256
	sY 11  0 0 24 50 40 49 56 26 72 0 88 0 112 0 144 0 176 0 208 0 240 0
	sCb 2 0 1 255 1
	sCr 2 0 1 255 1
	cY 0 0 -4 9 4 -2 -1 -1 -5 21 -34 -7 7 -1 -5 25 -62 78 -1 -11 2 13 -43 86
	cCb -1 -2 -3 -1 -3 -3 -1 -1 -2 -7 4 -2 -3 -2 -4 -9 3 26 8 -1 -6 -5 8 31 -4
	cCr 0 -2 -2 2 -6 -4 2 -2 -6 -3 10 1 -2 -2 -6 -7 13 16 12 5 -4 0 19 3 -1
E 180180001 181014167 1 64868 1
	p 3 7 0 11 0 1 128 192 256 128 192 256
	sY 11  0 0 24 50 40 49 56 26 72 0 88 0 112 0 144 0 176 0 208 0 240 0
	sCb 2 0 1 255 1
	sCr 2 0 1 255 1
	cY -1 0 -4 9 2 -1 -2 0 -3 14 -28 -6 4 0 -3 16 -48 68 0 -9 1 10 -37 78
	cCb -2 -2 -3 0 -4 -2 0 -2 -2 -5 2 -2 -4 -2 -3 -11 0 24 5 -3 -6 -5 4 33 -8
	cCr 0 -2 -3 1 -5 -3 2 0 -6 -5 9 0 -5 -4 -4 -7 14 17 10 3 -5 -1 19 5 -2
E 181014167 181848334 1 6094 1
	p 3 7 0 11 0 1 128 192 256 128 192 256
	sY 11  0 0 24 50 40 49 56 26 72 0 88 0 112 0 144 0 176 0 208 0 240 0
	sCb 2 0 1 255 1
	sCr 2 0 1 255 1
	cY 0 0 -3 9 3 -1 -1 -1 -4 18 -32 -7 6 -1 -4 22 -57 75 -1 -10 1 12 -41 83
	cCb -1 -2 -2 0 -3 -4 -1 -1 -2 -7 4 -3 -3 -3 -3 -9 0 29 4 -1 -5 -2 5 27 -7
	cCr 1 -2 -3 1 -5 -4 1 -1 -6 -4 10 2 -3 -3 -5 -7 14 16 10 4 -4 0 18 3 -2
E 181848334 182682501 1 12856 1
	p 3 7 0 11 0 1 128 192 256 128 192 256
	sY 11  0 0 24 50 40 49 56 26 72 0 88 0 112 0 144 0 176 0 208 0 240 0
	sCb 2 0 1 255 1
	sCr 2 0 1 255 1
	cY 0 0 -4 9 4 -1 -1 -1 -4 20 -33 -7 6 -1 -4 23 -59 76 -1 -10 2 12 -42 85
	cCb 0 -2 -2 -1 -4 -4 0 -1 -3 -6 3 -3 -2 -3 -4 -10 1 24 6 -2 -7 -4 7 32 -5
	cCr 0 -3 -3 2 -6 -4 2 -2 -5 -3 9 1 -3 -3 -4 -6 13 16 11 4 -5 -1 18 2 -1
E 182682501 183516667 1 19618 1
	p 3 7 0 11 0 1 128 192 256 128 192 256
	sY 11  0 0 24 50 40 49 56 26 72 0 88 0 112 0 144 0 176 0 208 0 240 0
	sCb 2 0 1 255 1
	sCr 2 0 1 255 1
	cY 0 0 -4 9 4 -1 -1 -1 -4 18 -31 -7 5 0 -4 22 -58 75 0 -10 1 12 -42 85
	cCb -1 -2 -2 0 -2 -6 1 -2 -3 -5 3 -5 0 -3 -2 -9 -3 31 11 -3 -8 -4 3 35 -5
	cCr 1 -2 -2 0 -7 -5 4 -2 -5 -5 9 0 -2 -2 -4 -9 12 20 13 3 -5 0 17 5 -2
E 183516667 184350834 1 26380 1
	p 3 7 0 11 0 1 128 192 256 128 192 256
	sY 11  0 0 24 50 40 49 56 26 72 0 88 0 112 0 144 0 176 0 208 0 240 0
	sCb 2 0 1 255 1
	sCr 2 0 1 255 1
	cY -1 0 -5 10 3 -1 -2 -1 -5 21 -34 -7 6 -1 -5 24 -62 78 0 -11 2 13 -44 87
	cCb -1 -3 -2 2 -7 -7 4 -1 -2 -6 2 -7 1 -2 -3 -9 4 34 22 3 -10 -5 7 28 -2
	cCr -2 -3 0 2 -8 -4 7 -3 -5 -4 6 1 2 -1 -4 -9 8 16 22 6 -6 0 16 4 -2
E 184350834 185185001 1 33142 1
	p 3 7 0 11 0 1 128 192 256 128 192 256
	sY 11  0 0 24 50 40 49 56 26 72 0 88 0 112 0 144 0 176 0 208 0 240 0
	sCb 2 0 1 255 1
	sCr 2 0 1 255 1
	cY -1 0 -5 10 4 -1 -2 -1 -5 21 -34 -7 6 -1 -4 25 -62 78 0 -11 2 12 -43 87
	cCb -1 -2 -5 0 -6 -6 3 -1 -1 -7 2 -6 -2 -2 -3 -10 5 32 21 2 -8 -5 6 30 -1
	cCr -1 -3 -1 2 -8 -4 5 -3 -5 -4 7 3 3 -2 -4 -7 7 15 21 7 -6 1 17 2 -1
E 185185001 186019167 1 39904 1
	p 3 7 0 11 0 1 128 192 256 128 192 256
	sY 11  0 0 24 50 40 49 56 26 72 0 88 0 112 0 144 0 176 0 208 0 240 0
	sCb 2 0 1 255 1
	sCr 2 0 1 255 1
	cY 0 0 -4 9 4 -2 -1 -1 -6 23 -35 -8 8 -2 -5 28 -67 81 -1 -12 3 13 -45 89
	cCb -1 -1 -2 0 -3 -5 1 -1 -2 -7 2 -5 -2 -1 -2 -11 3 31 13 1 -7 -5 7 35 -4
	cCr 1 -2 -3 2 -7 -4 4 -2 -6 -5 9 1 0 -2 -5 -8 10 15 16 6 -5 1 19 3 -1
E 186019167 186853334 1 46666 1
	p 3 7 0 11 0 1 128 192 256 128 192 256
	sY 11  0 0 24 50 40 49 56 26 72 0 88 0 112 0 144 0 176 0 208 0 240 0
	sCb 2 0 1 255 1
	sCr 2 0 1 255 1
	cY 0 -1 -4 9 4 -2 -1 -1 -6 24 -36 -8 8 -1 -5 29 -69 82 -1 -12 3 13 -46 91
	cCb -1 -1 -3 0 -5 -3 -1 -2 -2 -5 4 -4 -3 -2 -3 -8 3 28 13 1 -6 -4 5 31 -4
	cCr 1 -2 -2 1 -8 -5 4 -2 -5 -5 9 2 0 -2 -5 -8 10 16 15 5 -5 2 20 3 -2
E 186853334 187687501 1 53428 1
	p 3 7 0 11 0 1 128 192 256 128 192 256
	sY 11  0 0 24 50 40 49 56 26 72 0 88 0 112 0 144 0 176 0 208 0 240 0
	sCb 2 0 1 255 1
	sCr 2 0 1 255 1
	cY 0 -1 -4 9 4 -2 -1 -1 -5 22 -34 -8 7 -1 -5 26 -64 79 -1 -11 2 12 -44 88
	cCb 0 -2 -3 0 -5 -3 0 -1 -2 -6 6 -3 -3 -2 -3 -9 1 23 10 -3 -8 -4 7 32 -4
	cCr 0 -2 -3 1 -6 -4 3 -2 -6 -4 9 2 -1 -3 -6 -7 11 16 14 5 -6 1 19 3 -1
E 187687501 188521667 1 60190 1
	p 3 7 0 11 0 1 128 192 256 128 192 256
	sY 11  0 0 24 50 40 49 56 26 72 0 88 0 112 0 144 0 176 0 208 0 240 0
	sCb 2 0 1 255 1
	sCr 2 0 1 255 1
	cY 0 -1 -4 9 4 -2 -1 -1 -5 22 -34 -8 7 -1 -5 27 -66 80 -1 -12 2 13 -46 90
	cCb 0 -2 -3 -1 -4 -3 0 0 -1 -7 2 -4 -4 -1 -2 -11 2 32 13 -1 -8 -5 7 33 -4
	cCr 1 -3 -3 2 -7 -4 4 -3 -6 -4 10 1 -1 -2 -5 -7 11 16 14 5 -5 1 18 2 -1
E 188521667 189355834 1 1416 1
	p 3 7 0 11 0 1 128 192 256 128 192 256
	sY 11  0 0 24 50 40 49 56 26 72 0 88 0 112 0 144 0 176 0 208 0 240 0
	sCb 2 0 1 255 1
	sCr 2 0 1 255 1
	cY 0 0 -4 8 4 -2 -1 -1 -6 21 -33 -7 7 -1 -5 26 -64 79 -1 -11 2 13 -44 88
	cCb -1 -1 -2 1 -4 -6 1 -1 -2 -8 2 -4 -3 -2 -2 -9 4 28 13 0 -8 -6 5 33 -4
	cCr 1 -2 -3 1 -6 -4 2 -3 -6 -4 10 2 -2 -3 -5 -8 12 16 12 5 -4 1 19 2 -1
E 189355834 190190001 1 8178 1
	p 3 7 0 11 0 1 128 192 256 128 192 256
	sY 11  0 0 24 50 40 49 56 26 72 0 88 0 112 0 144 0 176 0 208 0 240 0
	sCb 2 0 1 255 1
	sCr 2 0 1 255 1
	cY 0 -1 -4 9 4 -2 -1 -1 -5 22 -34 -8 7 -1 -5 27 -66 80 -1 -11 2 12 -44 88
	cCb 0 -2 -3 0 -5 -3 1 -1 0 -6 2 -6 -1 -3 -4 -9 4 29 14 -1 -8 -5 6 31 -5
	cCr 0 -2 -3 2 -6 -3 3 -3 -5 -4 9 1 -1 -3 -5 -6 12 15 13 4 -5 0 19 2 -1
E 190190001 191024167 1 14940 1
	p 3 7 0 11 0 1 128 192 256 128 192 256
	sY 11  0 0 24 50 40 49 56 26 72 0 88 0 112 0 144 0 176 0 208 0 240 0
	sCb 2 0 1 255 1
	sCr 2 0 1 255 1
	cY 0 0 -5 9 3 -1 -2 -1 -6 22 -33 -8 7 -1 -5 27 -65 79 0 -12 2 13 -46 91
	cCb -1 -2 -2 -1 -4 -4 -1 -2 -2 -4 2 -3 -3 -4 -2 -10 2 27 8 -3 -7 -4 5 32 -5
	cCr 1 -2 -2 1 -6 -5 2 -2 -6 -3 9 2 -2 -2 -4 -7 12 15 12 5 -5 2 20 2 -1
E 191024167 191858334 1 21702 1
	p 3 7 0 11 0 1 128 192 256 128 192 256
	sY 11  0 0 24 50 40 49 56 26 72 0 88 0 112 0 144 0 176 0 208 0 240 0
	sCb 2 0 1 255 1
	sCr 2 0 1 255 1
	cY -1 0 -5 9 4 -2 -1 -1 -6 23 -34 -7 7 -1 -5 26 -65 79 0 -12 2 13 -46 90
	cCb -1 -2 -3 0 -4 -3 0 -1 -1 -6 3 -4 -3 -4 -4 -11 4 28 10 0 -8 -4 5 33 -4
	cCr 1 -3 -2 1 -7 -4 2 -3 -6 -4 8 2 -2 -3 -4 -6 13 13 12 5 -5 1 20 2 -1
E 191858334 192692501 1 28464 1
	p 3 7 0 11 0 1 128 192 256 128 192 256
	sY 11  0 0 24 50 40 49 56 26 72 0 88 0 112 0 144 0 176 0 208 0 240 0
	sCb 2 0 1 255 1
	sCr 2 0 1 255 1
	cY 0 0 -4 9 3 -1 -1 -1 -4 21 -33 -7 7 -1 -4 24 -62 78 -1 -11 2 12 -42 85
	cCb -1 -2 -4 -1 -3 -4 1 -2 -2 -6 3 -3 -4 -2 -2 -9 3 29 10 -2 -7 -5 7 31 -5
	cCr 0 -2 -3 1 -6 -4 2 -1 -5 -4 8 1 -2 -3 -5 -6 12 15 12 4 -4 0 19 2 -1
E 192692501 193526667 1 35226 1
	p 3 7 0 11 0 1 128 192 256 128 192 256
	sY 11  0 0 24 50 40 49 56 26 72 0 88 0 112 0 144 0 176 0 208 0 240 0
	sCb 2 0 1 255 1
	sCr 2 0 1 255 1
	cY 0 0 -4 9 4 -2 -2 -1 -5 23 -34 -8 7 -1 -5 27 -66 80 -1 -12 2 13 -45 89
	cCb -1 -2 -4 1 -4 -7 3 -1 -2 -7 3 -5 -1 -2 -3 -9 -1 27 13 -1 -8 -5 6 37 -4
	cCr 1 -1 -3 1 -9 -5 7 -1 -5 -5 7 -2 1 -2 -6 -8 11 19 16 3 -7 0 18 7 -2
E 193526667 194360834 1 41988 1
	p 3 7 0 11 0 1 128 192 256 128 192 256
	sY 11  0 0 24 50 40 49 56 26 72 0 88 0 112 0 144 0 176 0 208 0 240 0
	sCb 3 0 1 40 1 255 1
	sCr 2 0 1 255 1
	cY 0 -1 -4 8 4 -2 -1 -1 -7 23 -34 -7 7 -2 -5 28 -68 81 -2 -12 3 13 -46 90
	cCb -1 -3 -2 1 -5 -4 3 -2 -2 -7 4 -5 0 -3 -4 -10 -3 26 8 -1 -8 -3 5 34 -6
	cCr 1 -2 -1 5 -9 -5 7 -2 -7 -7 11 0 1 -1 -5 -12 6 17 19 5 -6 5 21 5 -1
E 194360834 195195001 1 48750 1
	p 3 7 0 11 0 1 128 192 256 128 192 256
	sY 11  0 0 24 50 40 49 56 26 72 0 88 0 112 0 144 0 176 0 208 0 240 0
	sCb 3 0 1 40 1 255 1
	sCr 2 0 1 255 1
	cY 0 -1 -4 8 5 -3 -1 -1 -8 26 -35 -7 8 -2 -6 31 -71 83 -4 -12 3 13 -46 90
	cCb -1 -3 -3 2 -6 -2 3 -1 -2 -7 5 -4 -2 -3 -4 -10 -1 26 13 -2 -8 -2 8 31 -5
	cCr 1 -3 -1 6 -10 -6 8 -2 -7 -7 11 0 3 -1 -5 -11 6 17 19 4 -7 6 21 4 -1
E 195195001 196029167 1 55512 1
	p 3 7 0 11 0 1 128 192 256 128 192 256
	sY 11  0 0 24 50 40 49 56 26 72 0 88 0 112 0 144 0 176 0 208 0 240 0
	sCb 2 0 1 255 1
	sCr 2 0 1 255 1
	cY 0 0 -5 9 4 -2 -1 -1 -6 23 -34 -8 7 -1 -5 27 -67 80 0 -12 2 13 -47 91
	cCb -2 -1 -2 2 -4 -5 1 -1 -1 -8 1 -4 0 -2 -3 -10 1 31 12 1 -8 -5 9 33 -4
	cCr 1 -2 -2 3 -7 -5 4 -2 -6 -4 9 1 0 -3 -4 -8 10 16 15 5 -6 1 19 2 -1
E 196029167 196863334 1 62274 1
	p 3 7 0 11 0 1 128 192 256 128 192 256
	sY 11  0 0 24 50 40 49 56 26 72 0 88 0 112 0 144 0 176 0 208 0 240 0
	sCb 2 0 1 255 1
	sCr 2 0 1 255 1
	cY 0 -1 -4 9 4 -2 -2 -1 -6 24 -35 -8 7 -1 -5 29 -69 82 -1 -12 3 13 -47 92
	cCb -1 -2 -2 0 -5 -5 3 -1 -2 -8 1 -4 -2 -3 -2 -10 3 29 12 0 -8 -5 8 33 -4
	cCr 1 -3 -2 2 -8 -5 4 -2 -7 -5 9 1 1 -3 -6 -8 10 15 15 5 -6 1 20 3 -1
E 196863334 197697501 1 3500 1
	p 3 7 0 11 0 1 128 192 256 128 192 256
	sY 11  0 0 24 50 40 49 56 26 72 0 88 0 112 0 144 0 176 0 208 0 240 0
	sCb 2 0 1 255 1
	sCr 2 0 1 255 1
	cY 0 -1 -4 9 4 -1 -2 -1 -5 22 -34 -8 7 -1 -5 26 -66 80 0 -12 2 13 -45 90
	cCb -1 -2 -3 0 -5 -4 1 -2 -2 -8 4 -4 -1 -2 -3 -9 2 29 10 -3 -7 -4 6 31 -4
	cCr 2 -3 -2 2 -6 -4 3 -2 -6 -4 9 1 -2 -4 -5 -7 11 14 13 4 -4 1 19 2 -1
E 197697501 198531667 1 10262 1
	p 3 7 0 11 0 1 128 192 256 128 192 256
	sY 11  0 0 24 50 40 49 56 26 72 0 88 0 112 0 144 0 176 0 208 0 240 0
	sCb 2 0 1 255 1
	sCr 2 0 1 255 1
	cY 0 -1 -4 9 4 -1 -2 -1 -5 23 -34 -8 7 -1 -5 28 -68 81 0 -12 2 13 -47 92
	cCb 0 -3 -3 1 -4 -4 1 -1 -1 -7 2 -3 -2 -3 -2 -10 2 25 11 0 -6 -4 8 32 -4
	cCr 0 -3 -3 1 -7 -5 4 -2 -7 -4 9 1 -1 -3 -5 -8 11 15 14 5 -5 2 21 3 -1
E 198531667 199365834 1 17024 1
	p 3 7 0 11 0 1 128 192 256 128 192 256
	sY 11  0 0 24 50 40 49 56 26 72 0 88 0 112 0 144 0 176 0 208 0 240 0
	sCb 2 0 1 255 1
	sCr 2 0 1 255 1
	cY 0 -1 -4 9 4 -2 -2 -1 -6 22 -33 -9 7 -1 -5 27 -67 80 0 -12 2 13 -47 92
	cCb 0 -1 -5 0 -4 -4 0 -1 0 -6 4 -3 -3 -2 -5 -8 1 26 8 -3 -7 -4 8 28 -3
	cCr 0 -3 -3 1 -7 -5 3 -2 -6 -4 10 2 -2 -3 -4 -7 12 14 12 4 -5 1 19 1 -1
E 199365834 200200001 1 23786 1
	p 3 7 0 11 0 1 128 192 256 128 192 256
	sY 11  0 0 24 50 40 49 56 26 72 0 88 0 112 0 144 0 176 0 208 0 240 0
	sCb 2 0 1 255 1
	sCr 2 0 1 255 1
	cY 0 -1 -3 9 4 -1 -2 -2 -5 23 -35 -8 8 -1 -5 28 -68 83 -1 -12 2 12 -44 90
	cCb 0 -2 -2 1 -3 -4 1 -1 -4 -6 1 -5 -3 -2 -3 -10 5 31 11 -2 -7 -3 7 29 -4
	cCr 0 -2 -4 1 -7 -5 3 -2 -6 -4 9 2 -1 -2 -5 -6 12 13 12 5 -5 1 19 1 -1
E 200200001 201034167 1 30548 1
	p 3 7 0 11 0 1 128 192 256 128 192 256
	sY 11  0 0 24 50 40 49 56 26 72 0 88 0 112 0 144 0 176 0 208 0 240 0
	sCb 2 0 1 255 1
	sCr 2 0 1 255 1
	cY 0 -1 -4 9 4 -1 -2 -1 -5 22 -33 -8 7 -1 -5 26 -66 80 0 -12 2 13 -46 90
	cCb -1 -1 -2 -1 -4 -4 2 -2 -2 -6 3 -4 -2 -2 -4 -10 3 22 7 -5 -6 -5 6 33 -4
	cCr 1 -2 -2 1 -7 -5 3 -2 -7 -4 10 1 -2 -2 -5 -8 12 15 11 4 -4 0 19 1 -1
E 201034167 201868334 1 37310 1
	p 3 7 0 11 0 1 128 192 256 128 192 256
	sY 11  0 0 24 50 40 49 56 26 72 0 88 0 112 0 144 0 176 0 208 0 240 0
	sCb 2 0 1 255 1
	sCr 2 0 1 255 1
	cY 0 -1 -4 9 4 -1 -2 -2 -5 23 -35 -8 7 -1 -5 28 -68 82 -1 -12 2 13 -46 90
	cCb -1 -3 -3 0 -5 -3 1 0 -2 -7 2 -3 -3 -2 -3 -9 4 29 12 -1 -7 -3 8 26 -4
	cCr 1 -2 -3 1 -7 -4 5 -2 -6 -4 9 2 0 -2 -4 -6 11 14 13 5 -5 1 19 1 -2
E 201868334 202702501 1 44072 1
	p 3 7 0 11 0 1 128 192 256 128 192 256
	sY 11  0 0 24 50 40 49 56 26 72 0 88 0 112 0 144 0 176 0 208 0 240 0
	sCb 2 0 1 255 1
	sCr 2 0 1 255 1
	cY 0 0 -5 9 3 -1 -2 -1 -5 22 -33 -8 7 -1 -5 25 -65 78 0 -12 2 13 -46 90
	cCb 0 -3 -2 0 -4 -4 0 -2 -3 -6 4 -3 -2 -2 -3 -8 2 22 8 -2 -7 -3 8 30 -4
	cCr 0 -2 -2 1 -6 -5 3 -2 -6 -4 8 1 -1 -3 -4 -7 11 14 12 5 -5 1 19 2 -1
E 202702501 203536667 1 50834 1
	p 3 7 0 11 0 1 128 192 256 128 192 256
	sY 11  0 0 24 50 40 49 56 26 72 0 88 0 112 0 144 0 176 0 208 0 240 0
	sCb 3 0 1 40 1 255 1
	sCr 2 0 1 255 1
	cY 0 -1 -4 9 4 -2 -2 -1 -6 23 -34 -8 7 -1 -5 28 -68 82 0 -12 2 13 -46 91
	cCb -1 -2 -3 1 -3 -7 4 -2 -2 -7 0 -7 2 -4 -3 -12 0 31 15 -3 -8 -4 6 34 -4
	cCr 1 -2 -3 1 -10 -4 7 -1 -5 -5 9 -1 1 -2 -5 -9 10 20 17 4 -7 1 18 6 -2
E 203536667 204370834 1 57596 1
	p 3 7 0 11 0 1 128 192 256 128 192 256
	sY 11  0 0 24 50 40 49 56 26 72 0 88 0 112 0 144 0 176 0 208 0 240 0
	sCb 3 0 1 40 1 255 1
	sCr 2 0 1 255 1
	cY 1 -1 -4 8 5 -2 -1 -2 -7 25 -35 -8 9 -2 -5 31 -73 84 -3 -13 3 13 -48 93
	cCb 0 -3 -3 1 -5 -5 3 -1 -2 -7 1 -6 2 -2 -3 -9 -1 27 13 -4 -6 0 7 31 -4
	cCr 1 -3 -2 6 -11 -6 10 -2 -7 -7 10 -1 3 -1 -5 -11 6 17 20 4 -7 6 21 5 -1
E 204370834 205205001 1 64358 1
	p 3 7 0 11 0 1 128 192 256 128 192 256
	sY 11  0 0 24 50 40 49 56 26 72 0 88 0 112 0 144 0 176 0 208 0 240 0
	sCb 3 0 1 40 1 255 1
	sCr 2 0 1 255 1
	cY 1 -1 -3 8 5 -3 -1 -2 -7 26 -35 -8 9 -3 -6 33 -74 85 -4 -12 4 13 -47 92
	cCb -1 -2 -2 2 -5 -5 4 -3 -2 -8 4 -4 1 -2 -4 -10 -2 26 8 -4 -8 -2 5 34 -5
	cCr 2 -3 -2 6 -10 -7 8 -3 -7 -6 11 0 2 -2 -5 -11 7 16 18 4 -6 6 22 4 -1
E 205205001 206039167 1 5584 1
	p 3 7 0 11 0 1 128 192 256 128 192 256
	sY 11  0 0 24 50 40 49 56 26 72 0 88 0 112 0 144 0 176 0 208 0 240 0
	sCb 3 0 1 40 1 255 1
	sCr 2 0 1 255 1
	cY 0 -1 -4 9 4 -1 -2 -2 -5 23 -34 -8 8 -1 -5 28 -69 82 0 -13 3 13 -46 92
	cCb -2 -2 -2 1 -5 -4 1 -1 -2 -7 1 -4 -1 -2 -2 -10 1 27 10 -1 -8 -4 6 33 -3
	cCr 0 -2 -2 2 -7 -5 4 -2 -6 -4 9 1 0 -3 -5 -9 11 16 15 5 -6 2 19 2 -2
E 206039167 206873334 1 12346 1
	p 3 7 0 11 0 1 128 192 256 128 192 256
	sY 11  0 0 24 50 40 49 56 26 72 0 88 0 112 0 144 0 176 0 208 0 240 0
	sCb 3 0 1 40 1 255 1
	sCr 2 0 1 255 1
	cY 0 -1 -4 9 4 -1 -2 -1 -6 24 -35 -8 8 -1 -5 29 -70 82 0 -12 2 13 -47 92
	cCb -1 -1 -3 0 -5 -3 1 -2 -1 -7 3 -4 -1 -2 -3 -11 1 25 10 -2 -7 -3 6 33 -4
	cCr 1 -2 -3 1 -7 -5 4 -2 -6 -4 10 2 0 -3 -5 -7 11 15 14 5 -5 2 19 2 -1
E 206873334 207707501 1 19108 1
	p 3 7 0 11 0 1 128 192 256 128 192 256
	sY 11  0 0 24 50 40 49 56 26 72 0 88 0 112 0 144 0 176 0 208 0 240 0
	sCb 2 0 1 255 1
	sCr 2 0 1 255 1
	cY 0 0 -4 9 3 -1 -2 -2 -4 22 -34 -8 7 -1 -4 26 -65 80 -1 -11 2 12 -43 88
	cCb 0 -2 -2 0 -4 -4 1 0 -1 -8 3 -5 -2 -2 -2 -10 2 29 12 -1 -8 -3 7 30 -4
	cCr 1 -2 -3 1 -7 -5 3 -2 -6 -4 10 1 -1 -3 -5 -8 12 16 14 5 -5 1 19 3 -1
E 207707501 208124584 1 25870 1
	p 3 7 0 11 0 1 128 192 256 128 192 256
	sY 11  0 0 24 50 40 49 56 26 72 0 88 0 112 0 144 0 176 0 208 0 240 0
	sCb 3 0 1 40 1 255 1
	sCr 2 0 1 255 1
	cY 0 -1 -3 8 4 -2 -1 -2 -5 24 -34 -8 8 -2 -5 29 -70 83 -2 -12 3 12 -45 91
	cCb -1 -1 -3 1 -6 -6 4 0 -1 -10 4 -7 1 -2 -3 -10 0 34 13 -2 -6 -3 5 32 -3
	cCr 2 -2 -4 3 -10 -6 7 -2 -6 -5 9 -3 2 -1 -5 -11 8 20 19 4 -7 2 20 7 -1
E 208124584 208541667 1 7391 1
	p 3 7 0 11 0 1 128 192 256 128 192 256
	sY 11  0 0 24 11 40 16 56 0 72 0 88 0 112 0 144 0 176 0 208 0 240 0
	sCb 5 0 1 27 1 40 1 54 0 255 0
	sCr 2 0 0 255 0
	cY 1 -4 2 7 8 0 -1 -4 7 8 -28 -21 4 2 1 14 -55 81 25 -8 1 13 -51 111
	cCb -1 -1 -3 3 4 -9 3 -2 2 -3 -2 -14 8 -4 -1 -1 -19 50 16 -3 -4 0 -10 60 -1
	cCr 1 1 -1 10 -9 -11 9 0 -2 -11 15 -12 5 -2 -6 -16 -6 48 31 3 -8 5 18 40 -1
E 208541667 209375834 1 10772 1
	p 3 7 0 11 0 1 128 192 256 128 192 256
	sY 11  0 0 24 11 40 16 56 0 72 0 88 0 112 0 144 0 176 0 208 0 240 0
	sCb 6 0 1 27 1 40 1 54 1 67 1 255 1
	sCr 2 0 0 255 0
	cY 0 -2 0 7 5 1 0 -1 2 9 -28 -13 1 1 -1 12 -47 80 16 -4 1 9 -38 95
	cCb -1 -2 -1 1 -1 -2 -2 -1 -2 -2 -1 -2 -1 -2 -3 -2 -3 33 10 0 -3 0 -3 38 -3
	cCr 1 0 -1 7 -5 -4 4 1 -4 -10 11 -5 -4 -1 -4 -13 3 45 26 5 -4 1 12 42 -2
E 209375834 210210001 1 17534 1
	p 3 7 0 11 0 1 128 192 256 128 192 256
	sY 11  0 0 24 11 40 16 56 0 72 0 88 0 112 0 144 0 176 0 208 0 240 0
	sCb 5 0 1 27 1 40 1 81 1 255 1
	sCr 2 0 0 255 0
	cY 0 -1 0 7 5 1 -1 -1 2 10 -29 -13 2 2 -1 12 -47 80 16 -4 1 9 -37 94
	cCb -2 -2 -1 1 -1 -2 -2 -1 -2 -2 -1 0 -1 -2 -1 -1 -4 35 7 0 -3 -2 -4 39 -3
	cCr 1 -1 -2 7 -5 -4 5 0 -5 -9 10 -6 -5 -2 -3 -14 2 45 26 6 -4 1 13 42 -1
E 210210001 211044167 1 24296 1
	p 3 7 0 11 0 1 128 192 256 128 192 256
	sY 11  0 0 24 11 40 16 56 0 72 0 88 0 112 0 144 0 176 0 208 0 240 0
	sCb 5 0 1 27 1 40 1 54 1 255 1
	sCr 2 0 0 255 0
	cY 0 -1 -1 7 5 0 -1 -1 1 10 -28 -13 2 1 -2 12 -46 80 16 -3 0 9 -37 94
	cCb -2 -1 -2 2 0 -2 -2 0 -2 -1 -2 -2 0 -3 -2 -2 -4 35 9 -1 -2 -1 -5 43 -3
	cCr 1 0 -1 5 -4 -3 3 0 -4 -8 9 -4 -5 -3 -3 -13 8 42 26 7 -3 1 13 39 -2
E 211044167 211878334 1 31058 1
	p 3 7 0 11 0 1 128 192 256 128 192 256
	sY 11  0 0 24 11 40 16 56 0 72 0 88 0 112 0 144 0 176 0 208 0 240 0
	sCb 5 0 1 27 1 40 1 54 1 255 1
	sCr 2 0 0 255 0
	cY 0 0 0 6 4 1 0 -2 1 11 -29 -13 0 2 -2 13 -47 82 16 -4 1 9 -38 93
	cCb -1 -1 -2 2 0 -1 -2 -2 -2 0 -4 -1 0 -1 -2 -2 -5 35 7 0 -3 -2 -3 38 -2
	cCr 1 0 -2 3 -4 -2 3 -1 -4 -8 9 -3 -4 -3 -5 -12 5 42 25 6 -4 1 14 40 -2
E 211878334 212712501 1 37820 1
	p 3 7 0 11 0 1 128 192 256 128 192 256
	sY 11  0 0 24 11 40 16 56 0 72 0 88 0 112 0 144 0 176 0 208 0 240 0
	sCb 5 0 1 27 1 40 1 54 1 255 1
	sCr 2 0 0 255 0
	cY -1 -1 0 6 4 1 0 -2 2 11 -28 -14 -1 2 -1 12 -48 81 17 -2 1 8 -37 93
	cCb -2 -2 -3 1 1 -2 -1 -2 0 -2 -2 -2 -1 -3 -2 -3 -6 40 10 0 -3 0 -6 45 -1
	cCr 1 0 -2 5 -4 -3 3 0 -4 -9 11 -3 -4 -2 -4 -13 5 40 23 6 -2 1 15 37 -3
E 212712501 213546667 1 44582 1
	p 3 7 0 11 0 1 128 192 256 128 192 256
	sY 11  0 0 24 11 40 16 56 0 72 0 88 0 112 0 144 0 176 0 208 0 240 0
	sCb 5 0 1 27 1 40 1 54 1 255 0
	sCr 2 0 0 255 0
	cY 0 -2 0 6 5 1 -1 -1 4 10 -27 -14 0 3 0 10 -49 81 17 -2 0 8 -35 93
	cCb 0 -2 0 1 -1 -2 0 -1 -1 -3 0 -5 1 -4 -3 -3 -8 44 14 1 -3 1 -6 51 0
	cCr 2 1 -2 6 -4 -3 3 0 -3 -8 7 -5 -3 -3 -3 -13 2 43 25 5 -4 -1 13 44 -3
E 213546667 214380834 1 51344 1
	p 3 7 0 11 0 1 128 192 256 128 192 256
	sY 11  0 0 24 11 40 16 56 0 72 0 88 0 112 0 144 0 176 0 208 0 240 0
	sCb 4 0 1 27 1 54 1 255 1
	sCr 2 0 0 255 0
	cY -1 -1 -1 6 4 1 -1 -1 2 11 -27 -13 1 2 -1 11 -49 80 17 -2 1 8 -34 93
	cCb -1 0 -5 2 0 -2 -3 -2 -2 -2 1 -4 -1 -1 -2 -2 -7 43 15 2 -4 1 -6 51 0
	cCr 1 0 -1 4 -4 -1 2 0 -3 -8 6 -5 -4 -1 -2 -13 2 46 25 3 -4 0 11 46 -4
E 214380834 215215001 1 58106 1
	p 3 7 0 11 0 1 128 192 256 128 192 256
	sY 11  0 0 24 11 40 16 56 0 72 0 88 0 112 0 144 0 176 0 208 0 240 0
	sCb 3 0 1 54 1 255 1
	sCr 2 0 0 255 0
	cY 0 -2 1 5 5 1 -1 -1 3 10 -26 -14 1 1 -1 11 -49 81 16 -3 1 8 -34 93
	cCb -1 -1 -4 4 1 -2 -2 -1 -3 -1 -3 -3 0 -2 -3 -1 -8 45 12 0 -4 0 -6 51 0
	cCr 1 0 -2 6 -2 -2 1 1 -3 -9 6 -6 -4 -2 -3 -14 2 45 24 4 -4 -1 11 46 -4
E 215215001 216049167 1 64868 1
	p 3 7 0 11 0 1 128 192 256 128 192 256
	sY 11  0 0 24 11 40 16 56 0 72 0 88 0 112 0 144 0 176 0 208 0 240 0
	sCb 4 0 1 27 1 54 1 255 1
	sCr 2 0 0 255 0
	cY 0 -1 0 6 5 0 -1 -1 1 11 -27 -14 1 1 -1 11 -48 81 16 -3 1 9 -34 92
	cCb -2 -1 -3 4 1 -2 -3 -2 -2 -1 -1 -3 -1 -3 -2 -2 -4 40 13 1 -3 1 -5 46 -1
	cCr 0 1 -2 5 -3 -2 2 1 -2 -9 6 -4 -5 -2 -3 -14 4 45 24 5 -4 -1 11 46 -3
E 216049167 216883334 1 6094 1
	p 3 7 0 11 0 1 128 192 256 128 192 256
	sY 11  0 0 24 11 40 16 56 0 72 0 88 0 112 0 144 0 176 0 208 0 240 0
	sCb 5 0 1 27 1 40 1 54 1 255 1
	sCr 2 0 0 255 0
	cY 0 -1 0 7 4 0 -1 -1 2 10 -27 -12 1 1 -1 11 -47 80 15 -2 1 8 -33 90
	cCb -1 -3 -1 1 1 -2 -2 -2 -2 -1 -1 -4 -1 -2 -3 1 -5 38 13 1 -3 -1 -5 46 -3
	cCr 0 1 -2 4 -3 -1 2 0 -3 -8 6 -5 -6 -2 -2 -14 3 46 25 4 -3 -1 11 46 -3
E 216883334 217717501 1 12856 1
	p 3 7 0 11 0 1 128 192 256 128 192 256
	sY 11  0 0 24 11 40 16 56 0 72 0 88 0 112 0 144 0 176 0 208 0 240 0
	sCb 5 0 1 27 1 40 1 54 1 255 1
	sCr 2 0 0 255 0
	cY 0 0 -1 6 4 0 -1 -1 1 10 -26 -11 1 1 -1 10 -45 78 14 -2 1 8 -32 89
	cCb -2 -1 -3 2 1 -2 -3 -2 -3 0 -1 -2 -1 -3 -1 -2 -3 37 12 1 -3 -1 -3 43 -3
	cCr 1 1 -1 3 -4 -2 2 1 -4 -9 6 -5 -5 -2 -3 -13 5 44 25 5 -3 -2 11 47 -4
E 217717501 218551667 1 19618 1
	p 3 7 0 11 0 1 128 192 256 128 192 256
	sY 11  0 0 24 11 40 16 56 0 72 0 88 0 112 0 144 0 176 0 208 0 240 0
	sCb 4 0 1 27 1 54 1 255 1
	sCr 2 0 0 255 0
	cY 0 -1 -1 6 4 1 -1 -1 3 10 -27 -12 1 1 -1 11 -49 82 16 -2 0 8 -33 92
	cCb -1 -2 -2 2 1 -4 -1 -1 0 -4 0 -7 3 -4 -2 -1 -10 43 13 -2 -3 -1 -7 51 -2
	cCr 0 0 -3 5 -3 -4 4 0 1 -9 8 -10 0 -2 -3 -15 -6 50 22 1 -5 1 10 50 -4
E 218551667 219385834 1 26380 1
	p 3 7 0 11 0 1 128 192 256 128 192 256
	sY 11  0 0 24 11 40 16 56 0 72 0 88 0 112 0 144 0 176 0 208 0 240 0
	sCb 5 0 1 27 1 40 1 54 1 255 1
	sCr 2 0 0 255 0
	cY 0 -2 1 5 5 1 -1 -2 3 10 -27 -14 1 2 -1 12 -51 82 18 -4 1 9 -37 95
	cCb 0 -2 -2 2 0 -2 -1 -2 -2 -3 -2 -4 -2 -3 -2 -2 -5 41 14 0 -3 -1 -5 51 -2
	cCr 2 0 -2 5 -3 -4 3 0 -4 -8 8 -4 -4 -2 -5 -14 6 39 27 7 -6 1 15 43 -3
E 219385834 220220001 1 33142 1
	p 3 7 0 11 0 1 128 192 256 128 192 256
	sY 11  0 0 24 11 40 16 56 0 72 0 88 0 112 0 144 0 176 0 208 0 240 0
	sCb 5 0 1 27 1 40 1 67 1 255 1
	sCr 2 0 0 255 0
	cY 0 -2 1 5 5 1 -1 -1 2 11 -26 -14 1 1 0 11 -50 82 17 -4 1 9 -35 95
	cCb -1 -3 -1 2 -1 -2 0 -2 -1 -2 -3 -3 -1 -4 -2 -2 -6 42 14 -1 -1 0 -6 50 0
	cCr 1 0 -1 4 -3 -4 3 0 -5 -9 6 -3 -6 -3 -5 -14 7 39 27 7 -5 1 14 46 -3
E 220220001 221054167 1 39904 1
	p 3 7 0 11 0 1 128 192 256 128 192 256
	sY 11  0 0 24 11 40 16 56 0 72 0 88 0 112 0 144 0 176 0 208 0 240 0
	sCb 5 0 1 27 1 40 1 67 1 255 1
	sCr 2 0 0 255 0
	cY 0 -1 0 6 5 1 -1 -1 2 11 -27 -13 1 1 -1 11 -48 81 16 -4 1 9 -34 91
	cCb -3 -1 -2 1 1 -3 -2 -2 -1 -1 -2 -1 -2 -2 -1 -2 -3 38 10 0 -4 -1 -4 44 -2
	cCr 1 -1 -2 5 -2 -3 3 1 -5 -8 5 -6 -7 -3 -3 -14 7 42 27 7 -5 -1 11 46 -3
E 221054167 221888334 1 46666 1
	p 3 7 0 11 0 1 128 192 256 128 192 256
	sY 11  0 0 24 11 40 16 56 0 72 0 88 0 112 0 144 0 176 0 208 0 240 0
	sCb 5 0 1 27 1 40 1 67 1 255 1
	sCr 2 0 0 255 0
	cY 0 -1 0 6 5 1 -1 -1 1 12 -27 -12 1 1 -1 12 -48 81 15 -4 1 10 -35 91
	cCb -2 -1 -3 1 0 -2 -1 -2 -3 -1 -1 -2 -1 -4 -2 -1 -2 36 10 2 -4 -1 -4 43 -2
	cCr 2 0 -2 4 -1 -3 3 2 -4 -9 6 -5 -6 -2 -4 -16 4 44 26 5 -5 -2 11 48 -3
E 221888334 222722501 1 53428 1
	p 3 7 0 11 0 1 128 192 256 128 192 256
	sY 11  0 0 24 11 40 16 56 0 72 0 88 0 112 0 144 0 176 0 208 0 240 0
	sCb 5 0 1 27 1 40 1 67 1 255 1
	sCr 2 0 0 255 0
	cY 0 -1 -1 6 5 1 -1 0 2 10 -26 -12 1 1 -2 10 -44 79 15 -4 1 10 -33 89
	cCb -2 -2 -2 2 -1 -2 -2 -2 -2 -2 0 -2 -1 -3 -2 -1 -1 36 12 1 -4 -1 -1 42 -3
	cCr 2 0 -2 4 -2 -2 2 0 -6 -8 6 -4 -7 -4 -5 -15 8 42 26 7 -4 -2 14 46 -4
E 222722501 223556667 1 60190 1
	p 3 7 0 11 0 1 128 192 256 128 192 256
	sY 11  0 0 24 11 40 16 56 0 72 0 88 0 112 0 144 0 176 0 208 0 240 0
	sCb 5 0 1 27 1 40 1 67 1 255 1
	sCr 2 0 0 255 0
	cY 0 -1 -1 6 4 1 -1 -1 1 12 -27 -12 2 1 -2 12 -46 80 15 -4 1 10 -34 90
	cCb -2 -2 -2 2 1 -3 -2 -2 -1 -2 -1 -1 -3 -3 -2 -2 -2 35 11 1 -3 0 -3 43 -2
	cCr 1 -2 -2 5 -3 -2 1 1 -4 -9 5 -4 -6 -2 -4 -13 7 43 26 7 -5 -1 12 45 -3
E 223556667 224390834 1 1416 1
	p 3 7 0 11 0 1 128 192 256 128 192 256
	sY 11  0 0 24 11 40 16 56 0 72 0 88 0 112 0 144 0 176 0 208 0 240 0
	sCb 5 0 1 27 1 40 1 67 1 255 1
	sCr 2 0 0 255 0
	cY 0 0 -1 6 5 1 -1 0 1 11 -26 -12 1 1 -2 11 -45 79 15 -3 1 9 -34 90
	cCb -2 -1 -3 3 -1 -1 -3 -2 -1 -2 -2 -2 -2 -3 -3 -3 0 36 11 1 -4 0 -4 45 -2
	cCr 1 0 -3 3 -1 -2 2 1 -5 -8 5 -3 -7 -4 -3 -14 9 42 28 6 -5 -2 11 46 -3
E 224390834 225225001 1 8178 1
	p 3 7 0 11 0 1 128 192 256 128 192 256
	sY 11  0 0 24 11 40 16 56 0 72 0 88 0 112 0 144 0 176 0 208 0 240 0
	sCb 5 0 1 27 1 40 1 67 1 255 1
	sCr 2 0 0 255 0
	cY 0 -1 -1 6 5 1 -1 0 1 11 -26 -12 1 1 -3 12 -45 79 15 -4 0 10 -35 90
	cCb -1 -3 -2 2 -1 -1 -2 -3 -1 -2 -3 -2 -2 -3 -2 -2 -4 38 10 0 -3 0 -4 46 -2
	cCr 1 -1 -3 4 0 -1 2 1 -5 -9 5 -5 -8 -3 -4 -15 9 44 27 6 -4 -2 11 47 -3
E 225225001 226059167 1 14940 1
	p 3 7 0 11 0 1 128 192 256 128 192 256
	sY 11  0 0 24 11 40 16 56 0 72 0 88 0 112 0 144 0 176 0 208 0 240 0
	sCb 5 0 1 27 1 40 1 67 1 255 1
	sCr 2 0 0 255 0
	cY 0 -1 -2 6 4 1 -1 -1 1 11 -26 -11 1 1 -2 11 -44 78 15 -3 0 9 -34 90
	cCb -2 -3 -1 1 -1 -1 -4 -2 -3 -3 -1 -2 -2 -3 -2 -2 -3 37 9 1 -3 0 -4 43 -3
	cCr 0 -1 -1 3 -1 -2 2 1 -5 -9 5 -4 -7 -3 -3 -14 7 42 26 5 -4 -2 12 47 -3
E 226059167 226893334 1 21702 1
	p 3 7 0 11 0 1 128 192 256 128 192 256
	sY 11  0 0 24 11 40 16 56 0 72 0 88 0 112 0 144 0 176 0 208 0 240 0
	sCb 5 0 1 27 1 40 1 67 1 255 1
	sCr 2 0 0 255 0
	cY 0 0 -2 6 4 1 0 -1 1 11 -26 -12 2 0 -2 11 -45 79 15 -3 0 10 -35 91
	cCb -3 -2 -2 1 0 -2 -2 -1 -3 -2 -2 -1 -2 -4 -3 -1 -4 37 9 1 -3 0 -3 44 -3
	cCr 1 -1 -1 3 -1 -2 2 -1 -5 -9 6 -5 -8 -5 -3 -14 7 43 27 7 -3 0 13 46 -3
E 226893334 227727501 1 28464 1
	p 3 7 0 11 0 1 128 192 256 128 192 256
	sY 11  0 0 24 11 40 16 56 0 72 0 88 0 112 0 144 0 176 0 208 0 240 0
	sCb 5 0 1 27 1 40 1 67 1 255 1
	sCr 2 0 0 255 0
	cY 0 0 -2 6 5 1 0 -1 0 11 -27 -11 1 0 -2 11 -44 79 15 -2 0 10 -35 90
	cCb -1 -3 -3 1 1 -2 -2 -3 -1 -2 -3 -3 -1 -3 -1 -3 -4 39 11 0 -3 1 -5 45 -1
	cCr 1 -1 -2 3 -1 -2 2 2 -5 -10 5 -4 -6 -4 -4 -14 9 42 27 6 -4 -3 13 45 -3
E 227727501 228561667 1 35226 1
	p 3 7 0 11 0 1 128 192 256 128 192 256
	sY 11  0 0 24 11 40 16 56 0 72 0 88 0 112 0 144 0 176 0 208 0 240 0
	sCb 5 0 1 27 1 40 1 67 1 255 1
	sCr 2 0 0 255 0
	cY 0 0 -2 7 4 1 -1 -1 0 12 -28 -11 1 1 -2 12 -47 81 15 -3 0 9 -35 91
	cCb -2 -2 -3 3 1 -3 -1 -3 -2 -2 -3 -4 0 -4 -3 -2 -5 38 11 -2 -3 1 -3 45 -3
	cCr 0 1 -3 5 -1 -3 2 0 -2 -10 7 -8 -4 -2 -3 -14 0 49 25 3 -5 -1 8 47 -3
E 228561667 229395834 1 41988 1
	p 3 7 0 11 0 1 128 192 256 128 192 256
	sY 11  0 0 24 11 40 16 56 0 72 0 88 0 112 0 144 0 176 0 208 0 240 0
	sCb 5 0 1 27 1 40 1 67 1 255 1
	sCr 2 0 0 255 0
	cY 1 -1 0 5 7 1 -1 -2 2 11 -28 -15 1 1 0 13 -51 82 18 -4 0 9 -39 96
	cCb -2 -3 -1 1 1 -1 -2 -2 -1 -3 -2 -4 -2 -4 -2 -3 -5 37 12 -1 -3 1 -5 46 -2
	cCr 1 -2 -2 7 -3 -5 3 0 -5 -10 9 -4 -5 -3 -4 -16 4 43 28 5 -6 2 15 44 -2
E 229395834 230230001 1 48750 1
	p 3 7 0 11 0 1 128 192 256 128 192 256
	sY 11  0 0 24 11 40 16 56 0 72 0 88 0 112 0 144 0 176 0 208 0 240 0
	sCb 5 0 1 27 1 40 1 81 1 255 1
	sCr 2 0 0 255 0
	cY 1 -1 -1 5 6 1 -1 -2 2 11 -29 -15 2 1 -1 12 -51 83 17 -4 0 10 -38 95
	cCb -2 -1 -2 3 -1 -1 -2 -3 -2 -2 -3 -2 -3 -2 -1 -2 -7 41 11 0 -4 1 -6 48 -2
	cCr 1 -1 -4 7 -3 -3 3 1 -5 -9 10 -5 -6 -3 -4 -16 4 44 26 5 -5 0 13 43 -2
E 230230001 231064167 1 55512 1
	p 3 7 0 11 0 1 128 192 256 128 192 256
	sY 11  0 0 24 11 40 16 56 0 72 0 88 0 112 0 144 0 176 0 208 0 240 0
	sCb 4 0 1 27 1 54 1 255 1
	sCr 2 0 0 255 0
	cY 0 -2 0 5 6 1 -1 -2 3 11 -28 -14 1 1 0 12 -51 83 17 -4 0 9 -37 95
	cCb -3 -2 -1 2 1 -1 -2 -1 -2 -2 -4 -4 0 -3 -2 -3 -8 43 15 -2 -2 0 -8 56 0
	cCr 1 -1 -2 7 -4 -4 3 1 -5 -9 7 -6 -5 -3 -4 -15 2 42 29 5 -6 0 13 46 -2
E 231064167 231898334 1 62274 1
	p 3 7 0 11 0 1 128 192 256 128 192 256
	sY 11  0 0 24 11 40 16 56 0 72 0 88 0 112 0 144 0 176 0 208 0 240 0
	sCb 4 0 1 27 1 54 1 255 1
	sCr 2 0 0 255 0
	cY 0 -1 -1 6 5 1 -1 -1 2 11 -27 -13 1 1 -1 12 -50 82 16 -3 -1 10 -36 93
	cCb -2 -1 -2 3 0 -2 -2 -2 -1 -3 -6 -4 -2 -2 -1 -3 -9 46 14 -1 -2 0 -8 56 -1
	cCr 0 0 -1 4 -2 -2 2 0 -4 -10 5 -6 -7 -5 -4 -16 4 46 29 6 -4 0 12 48 -2
E 231898334 232732501 1 3500 1
	p 3 7 0 11 0 1 128 192 256 128 192 256
	sY 11  0 0 24 11 40 16 56 0 72 0 88 0 112 0 144 0 176 0 208 0 240 0
	sCb 5 0 1 27 1 40 1 67 1 255 1
	sCr 2 0 0 255 0
	cY 0 0 -3 7 5 1 -1 -1 0 11 -27 -12 1 1 -2 12 -46 78 16 -3 0 10 -36 92
	cCb -1 -2 -2 2 0 -2 -3 -3 -2 -3 -3 -3 -1 -2 -2 -3 -3 37 12 0 -4 1 -5 48 -1
	cCr 1 0 -2 5 -1 -2 1 1 -5 -10 6 -5 -8 -5 -5 -17 4 43 27 6 -2 0 13 49 -2
E 232732501 233566667 1 10262 1
	p 3 7 0 11 0 1 128 192 256 128 192 256
	sY 11  0 0 24 11 40 16 56 0 72 0 88 0 112 0 144 0 176 0 208 0 240 0
	sCb 5 0 1 27 1 40 1 67 1 255 1
	sCr 2 0 0 255 0
	cY 0 0 -2 6 5 1 -1 -1 0 12 -28 -12 1 1 -2 13 -48 80 16 -3 0 10 -37 93
	cCb -2 -1 -2 1 0 -2 -2 -3 -1 -3 -3 -3 -2 -3 -2 -2 -5 39 10 0 -3 1 -6 46 -1
	cCr 1 0 -3 4 -1 0 0 0 -3 -10 5 -7 -9 -6 -4 -17 5 46 26 7 -1 -1 12 49 -3
E 233566667 234400834 1 17024 1
	p 3 7 0 11 0 1 128 192 256 128 192 256
	sY 11  0 0 24 11 40 16 56 0 72 0 88 0 112 0 144 0 176 0 208 0 240 0
	sCb 5 0 1 27 1 40 1 67 1 255 1
	sCr 2 0 0 255 0
	cY 0 -1 -2 6 5 1 -1 -1 1 11 -28 -12 2 1 -1 12 -47 79 16 -3 0 10 -36 92
	cCb -2 -1 -3 3 0 -1 -3 -2 -1 -3 -3 -3 -2 -2 -3 -3 -6 40 12 -2 -3 1 -6 49 1
	cCr 1 -1 -1 4 -1 -1 1 1 -5 -10 4 -5 -8 -5 -3 -16 6 43 27 7 -2 -2 12 50 -3
E 234400834 235235001 1 23786 1
	p 3 7 0 11 0 1 128 192 256 128 192 256
	sY 11  0 0 24 11 40 16 56 0 72 0 88 0 112 0 144 0 176 0 208 0 240 0
	sCb 5 0 1 27 1 40 1 67 1 255 1
	sCr 2 0 0 255 0
	cY 0 0 -2 6 5 1 -1 -1 1 11 -26 -12 1 1 -1 11 -46 78 16 -3 0 10 -35 92
	cCb -2 -2 -2 2 0 -1 -3 -1 -1 -3 -2 -3 -3 -2 -3 -3 -4 39 10 0 -3 0 -3 45 -1
	cCr 1 0 -3 4 -1 -1 1 0 -5 -10 7 -5 -9 -4 -3 -14 5 44 25 7 -4 -1 12 47 -3
E 235235001 236069167 1 30548 1
	p 3 7 0 11 0 1 128 192 256 128 192 256
	sY 11  0 0 24 11 40 16 56 0 72 0 88 0 112 0 144 0 176 0 208 0 240 0
	sCb 5 0 1 27 1 40 1 54 1 255 1
	sCr 2 0 0 255 0
	cY -1 0 -1 7 4 1 -1 0 2 11 -27 -12 1 1 -2 11 -46 79 16 -3 1 9 -33 90
	cCb -1 -1 -2 1 0 -3 -1 -3 -1 -2 0 -2 -1 -4 -3 -2 -5 39 10 0 -3 1 -5 45 0
	cCr 1 -1 -1 5 -2 -3 0 0 -4 -9 8 -3 -6 -3 -3 -14 6 42 24 6 -1 -1 14 42 -3
E 236069167 236903334 1 37310 1
	p 3 7 0 11 0 1 128 192 256 128 192 256
	sY 11  0 0 24 11 40 16 56 0 72 0 88 0 112 0 144 0 176 0 208 0 240 0
	sCb 4 0 1 27 1 67 1 255 1
	sCr 2 0 0 255 0
	cY -1 -1 -1 7 5 0 -1 -1 2 12 -29 -14 0 2 0 13 -49 81 18 -2 1 9 -37 92
	cCb 1 -2 -4 2 1 -1 -3 -3 -1 -1 -2 -3 -4 -2 -1 -1 -4 37 10 0 -4 0 -7 41 2
	cCr 1 0 -2 5 -3 -4 2 -1 -5 -8 10 -4 -5 -2 -3 -14 4 42 24 6 -2 0 15 41 -3
E 236903334 237737501 1 44072 1
	p 3 7 0 11 0 1 128 192 256 128 192 256
	sY 11  0 0 24 11 40 16 56 0 72 0 88 0 112 0 144 0 176 0 208 0 240 0
	sCb 5 0 1 27 1 40 1 54 1 255 1
	sCr 2 0 0 255 0
	cY -1 -1 -1 7 5 2 -1 -1 2 13 -30 -15 -1 2 -1 13 -49 83 19 -4 1 10 -40 92
	cCb -3 -1 -2 2 0 0 -2 -1 -2 -1 -4 0 -2 -2 -3 -2 -4 37 7 0 -4 1 -6 40 2
	cCr 1 -1 -1 4 -4 -4 3 0 -5 -8 8 -3 -5 -3 -4 -13 3 40 23 7 -1 1 15 40 -3
E 237737501 238571667 1 50834 1
	p 3 7 0 11 0 1 128 192 256 128 192 256
	sY 11  0 0 24 11 40 16 56 0 72 0 88 0 112 0 144 0 176 0 208 0 240 0
	sCb 4 0 1 27 1 67 1 255 1
	sCr 2 0 0 255 0
	cY -1 -1 0 6 5 2 -1 -2 3 10 -29 -18 0 3 -2 13 -51 84 20 -5 0 11 -43 98
	cCb -1 -2 -2 2 1 -5 2 -3 0 -3 -2 -6 3 -4 -2 -4 -7 39 14 -2 -3 0 -5 47 -1
	cCr 1 1 -3 7 -6 -8 6 1 -1 -9 12 -11 3 -1 -4 -16 -6 45 25 2 -5 4 15 42 -2
E 238571667 239405834 1 57596 1
	p 3 7 0 11 0 1 128 192 256 128 192 256
	sY 11  0 0 24 11 40 16 56 0 72 0 88 0 112 0 144 0 176 0 208 0 240 0
	sCb 4 0 1 27 1 67 1 255 1
	sCr 2 0 0 255 0
	cY 0 -1 1 5 6 1 0 -2 2 10 -29 -15 1 2 -1 12 -47 82 18 -5 0 10 -40 94
	cCb -3 -2 -1 2 -1 -1 -1 -2 -1 -2 -2 -2 -1 -2 -3 -2 -2 34 9 0 -2 1 -3 38 -2
	cCr 1 -1 -1 6 -5 -6 5 -1 -4 -8 9 -4 -4 -2 -4 -14 3 41 28 6 -4 3 15 39 -2
E 239405834 240240001 1 64358 1
	p 3 7 0 11 0 1 128 192 256 128 192 256
	sY 11  0 0 24 11 40 16 56 0 72 0 88 0 112 0 144 0 176 0 208 0 240 0
	sCb 5 0 1 27 1 40 1 54 1 255 1
	sCr 2 0 0 255 0
	cY -1 0 0 6 5 1 -1 -1 2 9 -28 -14 1 3 -2 12 -45 80 18 -5 0 10 -39 95
	cCb -3 -1 -2 1 0 -1 -1 -2 -2 -1 0 -2 0 -3 -2 -2 -1 33 10 0 -2 0 -2 37 -2
	cCr 0 0 -1 6 -5 -6 4 -1 -4 -9 9 -4 -4 -2 -4 -14 3 42 27 7 -4 1 13 42 -2
E 240240001 241074167 1 5584 1
	p 3 7 0 11 0 1 128 192 256 128 192 256
	sY 11  0 0 24 11 40 16 56 0 72 0 88 0 112 0 144 0 176 0 208 0 240 0
	sCb 4 0 1 27 1 54 1 255 1
	sCr 2 0 0 255 0
	cY 0 -1 0 6 5 1 0 -1 1 10 -28 -14 1 3 -2 11 -46 81 17 -4 0 9 -38 94
	cCb -1 -1 -2 2 -1 -1 -1 -3 -1 -3 -2 -3 -1 -3 -1 -2 -3 37 11 1 -2 -1 -5 44 0
	cCr 0 0 -2 4 -3 -4 3 -1 -5 -7 8 -4 -5 -3 -3 -12 5 39 27 8 -3 1 13 39 -2
E 241074167 241908334 1 12346 1
	p 3 7 0 11 0 1 128 192 256 128 192 256
	sY 11  0 0 24 11 40 16 56 0 72 0 88 0 112 0 144 0 176 0 208 0 240 0
	sCb 4 0 1 27 1 67 1 255 1
	sCr 2 0 0 255 0
	cY 0 -1 0 6 5 1 -1 -1 2 10 -28 -14 0 3 -1 11 -47 82 17 -4 0 8 -37 94
	cCb -2 -1 -1 2 0 -2 -1 -2 -1 -2 -2 -3 0 -3 -2 -2 -6 38 8 0 -3 0 -6 45 -1
	cCr 1 0 -2 5 -4 -4 2 0 -4 -8 9 -4 -4 -2 -4 -12 3 42 24 6 -4 1 13 43 -2
E 241908334 242742501 1 19108 1
	p 3 7 0 11 0 1 128 192 256 128 192 256
	sY 11  0 0 24 11 40 16 56 0 72 0 88 0 112 0 144 0 176 0 208 0 240 0
	sCb 5 0 1 27 1 40 1 54 1 255 1
	sCr 2 0 0 255 0
	cY 0 -1 0 6 5 1 -1 -1 2 10 -28 -14 0 2 -1 11 -46 81 18 -3 0 8 -36 93
	cCb -2 -1 -2 1 1 -2 -1 -2 -1 -3 0 -3 0 -2 -2 -4 -3 38 10 0 -3 0 -4 42 -3
	cCr 1 -1 -2 5 -4 -4 3 1 -4 -8 10 -5 -3 -1 -4 -13 3 43 25 5 -4 1 14 40 -2
E 242742501 243576667 1 25870 1
	p 3 7 0 11 0 1 128 192 256 128 192 256
	sY 11  0 0 24 11 40 16 56 0 72 0 88 0 112 0 144 0 176 0 208 0 240 0
	sCb 5 0 1 27 1 40 1 54 1 255 1
	sCr 2 0 0 255 0
	cY 0 -1 -1 7 5 1 0 -1 2 10 -28 -14 0 2 -1 10 -46 80 17 -2 0 8 -34 92
	cCb -2 -2 0 2 0 0 -2 -1 -2 -3 -2 -4 -1 -2 -2 -3 -4 39 12 2 -3 -1 -2 44 -2
	cCr 2 0 -3 5 -3 -3 3 1 -4 -11 9 -4 -5 -2 -3 -13 2 44 22 6 -3 0 12 46 -3
E 243576667 244410834 1 32632 1
	p 3 7 0 11 0 1 128 192 256 128 192 256
	sY 11  0 0 24 11 40 16 56 0 72 0 88 0 112 0 144 0 176 0 208 0 240 0
	sCb 5 0 1 27 1 40 1 54 1 255 1
	sCr 2 0 0 255 0
	cY 0 -1 -1 6 4 1 0 -1 2 10 -27 -13 0 1 -1 9 -44 79 17 -2 1 8 -33 91
	cCb -1 -2 -1 0 0 -1 -2 -1 -2 -2 0 -2 -1 -2 -3 -1 -5 40 10 1 -2 0 -4 44 -4
	cCr 1 -1 -1 5 -3 -3 3 0 -5 -9 8 -3 -5 -2 -3 -13 4 42 24 6 -3 0 13 43 -3
E 244410834 245245001 1 39394 1
	p 3 7 0 11 0 1 128 192 256 128 192 256
	sY 11  0 0 24 11 40 16 56 0 72 0 88 0 112 0 144 0 176 0 208 0 240 0
	sCb 5 0 1 27 1 40 1 54 1 255 1
	sCr 2 0 0 255 0
	cY 0 0 -1 7 4 1 -1 -1 1 10 -27 -12 0 2 -1 10 -45 79 16 -2 0 8 -33 92
	cCb -1 -2 -1 1 1 0 -2 -1 -2 -1 -1 -3 0 -3 -1 -3 -3 38 11 0 -2 0 -5 42 -2
	cCr 2 0 -2 4 -4 -2 3 0 -4 -9 8 -3 -6 -2 -4 -12 4 43 23 5 -2 0 13 43 -3
E 245245001 246079167 1 46156 1
	p 3 7 0 11 0 1 128 192 256 128 192 256
	sY 11  0 0 24 11 40 16 56 0 72 0 88 0 112 0 144 0 176 0 208 0 240 0
	sCb 5 0 1 27 1 40 1 54 1 255 1
	sCr 2 0 0 255 0
	cY 0 -1 -2 8 4 0 -1 0 1 10 -28 -12 1 1 -2 10 -42 78 15 -3 1 8 -33 90
	cCb -2 -2 -2 2 0 -1 -1 -2 0 -1 -2 -2 0 -3 -1 -2 -4 36 9 2 -3 -2 -3 43 -1
	cCr 1 1 -2 4 -3 -2 2 0 -5 -8 7 -4 -5 -3 -3 -12 6 41 25 6 -3 -1 13 41 -2
E 246079167 246913334 1 52918 1
	p 3 7 0 11 0 1 128 192 256 128 192 256
	sY 11  0 0 24 11 40 16 56 0 72 0 88 0 112 0 144 0 176 0 208 0 240 0
	sCb 5 0 1 27 1 40 1 81 1 255 1
	sCr 2 0 0 255 0
	cY 0 0 -2 8 4 0 -1 -1 1 10 -28 -12 1 2 -2 11 -43 78 15 -2 1 9 -35 91
	cCb -2 -2 -2 2 0 -1 -1 -1 -1 -1 -3 -1 -1 -2 -2 -2 -4 37 9 2 -3 0 -4 41 -1
	cCr 0 0 -1 3 -3 -2 2 -1 -4 -7 8 -3 -6 -3 -4 -12 6 41 25 7 -2 0 13 42 -3
E 246913334 247747501 1 59680 1
	p 3 7 0 11 0 1 128 192 256 128 192 256
	sY 11  0 0 24 11 40 16 56 0 72 0 88 0 112 0 144 0 176 0 208 0 240 0
	sCb 5 0 1 27 1 40 1 54 1 255 1
	sCr 2 0 0 255 0
	cY 0 -1 -2 7 4 1 -1 -1 1 10 -26 -12 1 1 -2 11 -43 79 15 -2 1 9 -34 90
	cCb -1 -1 -1 1 0 -1 -2 -3 -1 -2 -1 -2 1 -3 -1 -1 -5 37 11 1 -2 0 -5 43 -2
	cCr 1 0 -1 4 -2 -2 1 0 -4 -8 7 -3 -6 -3 -4 -11 7 41 24 8 -2 -2 13 42 -3
E 247747501 248581667 1 906 1
	p 3 7 0 11 0 1 128 192 256 128 192 256
	sY 11  0 0 24 11 40 16 56 0 72 0 88 0 112 0 144 0 176 0 208 0 240 0
	sCb 5 0 1 27 1 40 1 54 1 255 1
	sCr 2 0 0 255 0
	cY 0 -1 -1 7 4 1 0 -1 2 9 -26 -14 0 1 -1 10 -46 79 17 -2 0 8 -33 93
	cCb -2 -1 -3 4 0 -3 0 -2 0 -3 -2 -6 3 -3 -4 -2 -7 40 12 -1 -2 2 -6 46 -3
	cCr 0 0 -2 6 -5 -6 5 1 -1 -10 11 -9 0 -2 -4 -13 -3 47 24 4 -4 0 12 44 -2
E 248581667 249415834 1 7668 1
	p 3 7 0 11 0 1 128 192 256 128 192 256
	sY 11  0 0 24 11 40 16 56 0 72 0 88 0 112 0 144 0 176 0 208 0 240 0
	sCb 5 0 1 27 1 40 1 81 1 255 1
	sCr 2 0 0 255 0
	cY -1 -1 0 6 5 2 0 -2 2 10 -28 -15 0 1 -1 11 -48 83 19 -5 1 9 -38 94
	cCb -1 -1 -2 1 0 -3 -1 -2 -2 -3 -1 -1 0 -4 -3 -2 -4 35 9 0 -3 0 -3 38 -3
	cCr 1 -1 -2 5 -5 -5 4 -2 -5 -8 10 -4 -4 -2 -2 -12 2 39 26 7 -3 3 15 40 -2
E 249415834 250250001 1 14430 1
	p 3 7 0 11 0 1 128 192 256 128 192 256
	sY 11  0 0 24 11 40 16 56 0 72 0 88 0 112 0 144 0 176 0 208 0 240 0
	sCb 5 0 1 27 1 40 1 67 1 255 1
	sCr 2 0 0 255 0
	cY -1 -1 1 6 6 1 0 -2 3 11 -28 -15 0 1 0 11 -48 82 18 -3 1 8 -36 93
	cCb -2 -2 -1 1 1 -2 -1 -3 -1 -1 -3 -2 0 -4 -1 -4 -2 37 9 0 -3 1 -4 41 -3
	cCr 1 0 -2 6 -5 -4 4 0 -3 -9 10 -6 -3 -2 -3 -13 1 45 26 5 -4 0 15 43 -3
E 250250001 251084167 1 21192 1
	p 3 7 0 11 0 1 128 192 256 128 192 256
	sY 11  0 0 24 11 40 16 56 0 72 0 88 0 112 0 144 0 176 0 208 0 240 0
	sCb 5 0 1 27 1 40 1 67 1 255 1
	sCr 2 0 0 255 0
	cY 0 -2 0 6 5 1 -1 -2 4 9 -26 -13 1 1 -1 10 -47 81 17 -3 1 8 -34 93
	cCb -2 -2 -2 1 0 -1 -1 -2 -1 0 -1 -5 1 -4 -1 -1 -7 41 13 -1 -2 -1 -4 47 -2
	cCr 2 -1 -2 5 -3 -2 3 0 -4 -9 7 -6 -6 -2 -3 -14 0 46 25 5 -3 1 13 50 -3
E 251084167 251918334 1 27954 1
	p 3 7 0 11 0 1 128 192 256 128 192 256
	sY 11  0 0 24 11 40 16 56 0 72 0 88 0 112 0 144 0 176 0 208 0 240 0
	sCb 5 0 1 27 1 40 1 67 1 255 1
	sCr 2 0 0 255 0
	cY 1 -2 1 5 6 1 -1 -1 3 10 -27 -15 2 1 -1 11 -48 82 17 -5 1 10 -37 94
	cCb -1 -2 -2 3 -1 -2 -1 -2 1 -3 -2 -3 -2 -3 -2 -2 -3 40 12 1 -2 0 -4 45 -3
	cCr -1 1 -3 4 -3 -2 3 2 -4 -10 8 -6 -6 -3 -3 -15 -1 46 25 5 -3 1 13 50 -3
E 251918334 252752501 1 34716 1
	p 3 7 0 11 0 1 128 192 256 128 192 256
	sY 11  0 0 24 11 40 16 56 0 72 0 88 0 112 0 144 0 176 0 208 0 240 0
	sCb 5 0 1 27 1 40 1 67 1 255 1
	sCr 2 0 0 255 0
	cY 0 -2 0 5 5 1 -1 -1 3 9 -26 -14 1 1 -1 10 -48 82 17 -4 0 10 -36 93
	cCb -1 -1 -3 2 0 -2 -1 -1 0 -4 -2 -4 0 -3 -3 -5 -5 44 13 0 -3 0 -5 52 -3
	cCr 1 0 -3 4 -3 -3 2 1 -3 -10 6 -6 -5 -2 -5 -16 -2 46 26 7 -4 -1 12 51 -2
E 252752501 253586667 1 41478 1
	p 3 7 0 11 0 1 128 192 256 128 192 256
	sY 11  0 0 24 11 40 16 56 0 72 0 88 0 112 0 144 0 176 0 208 0 240 0
	sCb 5 0 1 27 1 40 1 67 1 255 1
	sCr 2 0 0 255 0
	cY 0 -2 -1 5 5 1 0 -1 3 11 -27 -14 1 1 -1 11 -48 81 17 -4 0 8 -34 94
	cCb -1 -2 -1 4 0 -2 -2 -2 -1 -6 -4 -3 0 0 -3 -4 -6 43 12 -1 -3 1 -6 54 -2
	cCr 1 0 -2 6 -3 -3 2 1 -4 -11 9 -7 -6 -1 -5 -16 -1 47 27 6 -3 0 13 51 -1
E 253586667 254420834 1 48240 1
	p 3 7 0 11 0 1 128 192 256 128 192 256
	sY 11  0 0 24 11 40 16 56 0 72 0 88 0 112 0 144 0 176 0 208 0 240 0
	sCb 5 0 1 27 1 40 1 67 1 255 1
	sCr 2 0 0 255 0
	cY 0 -1 -1 6 4 2 0 0 1 11 -27 -14 0 1 -1 10 -49 79 17 -2 0 8 -34 95
	cCb -3 -3 2 2 0 -1 -3 -2 0 -6 -6 -3 -2 -1 -2 -3 -9 43 14 -3 -3 0 -6 54 1
	cCr 1 0 -3 5 -2 -3 4 0 -4 -9 8 -5 -7 -4 -5 -17 0 44 25 7 -4 2 14 50 -2
E 254420834 255255001 1 55002 1
	p 3 7 0 11 0 1 128 192 256 128 192 256
	sY 11  0 0 24 11 40 16 56 0 72 0 88 0 112 0 144 0 176 0 208 0 240 0
	sCb 5 0 1 27 1 40 1 67 1 255 1
	sCr 2 0 0 255 0
	cY -1 -2 -1 7 5 1 0 0 2 10 -27 -14 0 0 -1 10 -47 79 16 -2 1 8 -33 93
	cCb -2 -3 0 1 0 -1 -2 -1 0 -4 -2 -4 -1 -3 -4 -4 -8 38 12 2 -2 1 -3 53 -1
	cCr 0 0 -1 4 -1 -1 3 1 -4 -11 5 -5 -8 -4 -4 -17 0 45 27 7 -3 1 14 54 -2
E 255255001 256089167 1 61764 1
	p 3 7 0 11 0 1 128 192 256 128 192 256
	sY 11  0 0 24 11 40 16 56 0 72 0 88 0 112 0 144 0 176 0 208 0 240 0
	sCb 5 0 1 27 1 40 1 67 1 255 1
	sCr 2 0 0 255 0
	cY 0 -1 -1 6 4 1 0 0 1 10 -26 -12 1 0 -2 9 -47 80 15 -3 1 9 -32 91
	cCb -1 -2 -1 3 0 -1 -2 -2 -1 -4 -2 -3 -2 -2 -2 -4 -8 40 12 4 -3 -1 -2 54 -2
	cCr 0 -1 -3 5 -2 -2 0 1 -4 -10 5 -5 -7 -4 -4 -16 1 46 26 8 -3 -1 12 53 -2
E 256089167 256923334 1 2990 1
	p 3 7 0 11 0 1 128 192 256 128 192 256
	sY 11  0 0 24 11 40 16 56 0 72 0 88 0 112 0 144 0 176 0 208 0 240 0
	sCb 5 0 1 27 1 40 1 67 1 255 1
	sCr 2 0 0 255 0
	cY -1 -1 -1 6 5 1 0 0 2 11 -27 -11 1 1 -2 10 -48 79 15 -3 1 10 -32 91
	cCb -1 -1 -2 3 1 -3 -1 -1 -2 -2 -4 -4 0 -2 -3 -3 -7 40 13 1 -1 2 -2 50 -3
	cCr 1 0 -3 3 -4 -3 1 1 -2 -10 6 -6 -6 -2 -4 -17 -3 45 24 6 -2 0 13 55 -2
E 256923334 257757501 1 9752 1
	p 3 7 0 11 0 1 128 192 256 128 192 256
	sY 11  0 0 24 11 40 16 56 0 72 0 88 0 112 0 144 0 176 0 208 0 240 0
	sCb 5 0 1 27 1 40 1 81 1 255 1
	sCr 2 0 0 255 0
	cY 0 -1 -1 5 4 1 0 0 2 10 -27 -11 2 1 -3 10 -49 79 14 -2 0 10 -33 91
	cCb -2 0 -2 1 0 -2 -2 -2 -2 -1 -4 -1 0 -2 -3 -2 -9 41 13 2 -1 2 -3 51 -4
	cCr 0 0 -2 2 -3 -2 1 1 -2 -8 6 -5 -5 -2 -4 -17 -2 45 24 6 -3 0 12 52 -2
E 257757501 258591667 1 16514 1
	p 3 7 0 11 0 1 128 192 256 128 192 256
	sY 11  0 0 24 11 40 16 56 0 72 0 88 0 112 0 144 0 176 0 208 0 240 0
	sCb 5 0 1 27 1 40 1 81 1 255 1
	sCr 2 0 0 255 0
	cY 0 -3 0 5 4 0 -1 0 5 11 -26 -15 3 4 -4 10 -52 81 18 -2 -2 12 -37 95
	cCb -1 -2 -2 1 1 -5 2 -1 2 -4 -1 -9 5 -2 -4 -5 -13 46 18 1 -3 2 -6 58 -5
	cCr 0 1 -3 5 -4 -8 6 0 1 -7 10 -15 5 -1 -5 -17 -18 50 27 1 -6 2 12 58 -1
E 258591667 259425834 1 23276 1
	p 3 7 0 11 0 1 128 192 256 128 192 256
	sY 11  0 0 24 11 40 16 56 0 72 0 88 0 112 0 144 0 176 0 208 0 240 0
	sCb 5 0 1 27 1 40 1 81 1 255 1
	sCr 2 0 0 255 0
	cY 0 -2 -1 6 5 0 -1 0 3 13 -28 -14 2 2 -3 12 -51 78 17 -2 0 11 -36 93
	cCb -1 -1 -1 1 -1 -2 -1 -1 -1 -4 -2 -3 -1 -3 -3 -2 -6 38 16 1 -3 1 -4 48 -3
	cCr 1 0 -3 4 -4 -3 2 2 -1 -9 7 -8 -4 -2 -7 -19 -7 45 26 6 -5 3 13 58 -2
E 259425834 260260001 1 30038 1
	p 3 7 0 11 0 1 128 192 256 128 192 256
	sY 11  0 0 24 11 40 16 56 0 72 0 88 0 112 0 144 0 176 0 208 0 240 0
	sCb 5 0 1 27 1 40 1 67 1 255 1
	sCr 2 0 0 255 0
	cY 0 -2 -1 6 5 1 -1 -1 2 13 -28 -13 2 2 -2 12 -51 78 16 -2 0 10 -36 93
	cCb 0 -2 -2 0 -1 -3 -2 -1 -1 -3 -2 -4 0 -2 -1 -3 -6 37 13 1 -3 1 -3 49 -4
	cCr 0 0 -3 4 -3 -3 2 2 -3 -12 7 -8 -4 -4 -5 -17 -4 46 26 5 -4 2 14 56 -3
E 260260001 261094167 1 36800 1
	p 3 7 0 11 0 1 128 192 256 128 192 256
	sY 11  0 0 24 11 40 16 56 0 72 0 88 0 112 0 144 0 176 0 208 0 240 0
	sCb 5 0 1 27 1 40 1 67 1 255 1
	sCr 2 0 0 255 0
	cY 0 -1 -2 6 5 1 0 0 2 12 -26 -12 1 2 -2 10 -49 76 14 -3 0 10 -35 95
	cCb -2 -2 0 1 -1 -1 -3 -2 -1 -3 -6 -4 0 -1 0 -2 -8 42 12 0 -3 0 -6 53 1
	cCr 0 1 -2 3 -4 -3 2 2 -3 -9 5 -7 -6 -4 -6 -17 -1 45 25 6 -2 2 14 54 -3
E 261094167 261928334 1 43562 1
	p 3 7 0 11 0 1 128 192 256 128 192 256
	sY 11  0 0 24 11 40 16 56 0 72 0 88 0 112 0 144 0 176 0 208 0 240 0
	sCb 5 0 1 27 1 40 1 67 1 255 1
	sCr 2 0 0 255 0
	cY 0 -1 -2 7 4 0 -1 0 1 13 -27 -11 2 2 -3 12 -49 77 14 -4 -1 10 -36 94
	cCb -1 -2 -1 1 -1 -2 -2 -2 0 -3 -3 -3 -1 -2 -1 -1 -6 38 10 -1 -2 0 -5 51 0
	cCr 1 0 -1 3 -4 -3 2 1 -2 -9 5 -7 -7 -2 -5 -18 0 44 26 5 -1 1 14 53 -3
E 261928334 262762501 1 50324 1
	p 3 7 0 11 0 1 128 192 256 128 192 256
	sY 11  0 0 24 11 40 16 56 0 72 0 88 0 112 0 144 0 176 0 208 0 240 0
	sCb 5 0 1 27 1 40 1 67 1 255 1
	sCr 2 0 0 255 0
	cY 0 -1 -2 7 4 0 0 0 1 12 -27 -11 2 1 -3 12 -49 77 14 -3 -1 11 -36 94
	cCb -2 0 -1 2 0 -2 -2 -1 -2 -3 -5 -4 0 -2 0 -2 -7 40 12 -1 -3 0 -6 53 3
	cCr 0 0 -1 3 -3 -2 1 1 -3 -9 5 -6 -8 -3 -5 -18 1 42 25 6 -1 1 14 54 -3
E 262762501 263596667 1 57086 1
	p 3 7 0 11 0 1 128 192 256 128 192 256
	sY 11  0 0 24 11 40 16 56 0 72 0 88 0 112 0 144 0 176 0 208 0 240 0
	sCb 5 0 1 27 1 40 1 81 1 255 1
	sCr 2 0 0 255 0
	cY 0 -1 -2 7 4 1 0 0 1 12 -26 -11 2 1 -3 12 -48 76 13 -3 -1 11 -36 93
	cCb -1 -2 -1 2 1 -2 -2 -2 -3 -3 -4 -3 -1 -3 -1 0 -6 39 12 1 -3 0 -5 52 1
	cCr -1 1 -3 4 -3 -3 1 1 -3 -10 6 -7 -7 -2 -5 -16 -1 45 25 6 -3 0 12 55 -2
E 263596667 264430834 1 63848 1
	p 3 7 0 11 0 1 128 192 256 128 192 256
	sY 11  0 0 24 11 40 16 56 0 72 0 88 0 112 0 144 0 176 0 208 0 240 0
	sCb 5 0 1 27 1 40 1 67 1 255 1
	sCr 2 0 0 255 0
	cY 0 -1 -2 7 5 0 0 0 0 12 -26 -12 2 1 -3 12 -47 75 14 -4 0 11 -36 93
	cCb -1 -1 -1 2 0 -2 -3 -3 -1 -4 -5 -4 -1 0 -1 -3 -4 38 12 0 -3 0 -5 51 2
	cCr 0 0 -1 3 -2 -2 1 2 -2 -10 4 -5 -8 -3 -4 -17 1 41 25 7 -2 -1 13 55 -2
E 264430834 265265001 1 5074 1
	p 3 7 0 11 0 1 128 192 256 128 192 256
	sY 11  0 0 24 11 40 16 56 0 72 0 88 0 112 0 144 0 176 0 208 0 240 0
	sCb 5 0 1 27 1 40 1 81 1 255 1
	sCr 2 0 0 255 0
	cY 0 -1 -1 6 4 0 0 0 1 12 -27 -12 2 1 -2 12 -48 77 14 -4 0 10 -35 92
	cCb -2 -1 -1 3 0 -2 -3 -2 -2 -3 -6 -3 0 -1 -1 -2 -5 39 11 -1 -2 -1 -5 51 2
	cCr -1 1 -2 3 -2 -2 2 2 -3 -8 3 -6 -7 -4 -5 -18 1 42 27 7 -3 0 14 53 -3
E 265265001 266099167 1 11836 1
	p 3 7 0 11 0 1 128 192 256 128 192 256
	sY 11  0 0 24 11 40 16 56 0 72 0 88 0 112 0 144 0 176 0 208 0 240 0
	sCb 5 0 1 27 1 40 1 81 1 255 1
	sCr 2 0 0 255 0
	cY -1 -1 -1 6 4 1 -1 0 1 11 -27 -11 1 2 -2 11 -46 79 14 -3 -1 9 -34 91
	cCb -2 -1 -2 1 -1 -1 -2 -1 -1 -2 -5 -3 -2 -2 -3 -2 -4 40 13 2 -2 1 -4 48 -1
	cCr 0 -1 -2 3 -2 -2 0 1 -2 -8 3 -5 -6 -3 -6 -18 0 44 25 7 -2 0 14 52 -2
E 266099167 266516251 1 7391 1
	p 3 7 0 11 0 1 128 192 256 128 192 256
	sY 11  0 0 24 23 40 50 56 53 72 48 88 42 112 29 144 0 176 0 208 0 240 0
	sCb 9 0 29 27 30 54 31 67 24 81 14 94 7 108 4 121 4 255 4
	sCr 2 0 2 255 2
	cY 2 0 -8 12 15 -8 1 3 -22 49 -54 -24 18 -5 -16 57 -105 108 14 -18 5 24 -70 116
	cCb -2 -5 -5 0 -3 -7 -1 -3 -2 -2 -8 -7 2 -5 -5 0 -16 29 -6 -6 -4 2 -14 31 -31
	cCr 3 -2 1 7 -16 -10 11 -5 -4 -4 14 5 10 -1 -7 -9 11 13 27 5 -10 7 18 -3 0
E 266516251 267350417 1 10772 1
	p 3 7 0 11 0 1 128 192 256 128 192 256
	sY 11  0 0 24 23 40 50 56 53 72 48 88 42 112 29 144 0 176 0 208 0 240 0
	sCb 9 0 31 27 32 54 32 67 24 81 13 94 6 108 4 121 3 255 3
	sCr 2 0 2 255 2
	cY 0 0 -6 12 6 -2 -1 0 -9 27 -44 -12 8 -2 -7 30 -69 92 7 -10 2 16 -50 94
	cCb -2 -4 -5 -1 -3 -4 -3 -4 -3 -3 -8 -5 -2 -4 -3 -3 -9 21 -4 -5 -4 -2 -10 22 -38
	cCr 1 -3 -1 5 -6 -5 3 -3 -7 -6 12 2 -1 -3 -5 -7 10 14 13 4 -5 5 23 2 0
E 267350417 268184584 1 17534 1
	p 3 7 0 11 0 1 128 192 256 128 192 256
	sY 11  0 0 24 23 40 50 56 53 72 48 88 42 112 29 144 0 176 0 208 0 240 0
	sCb 9 0 31 27 32 54 32 67 24 81 13 94 6 108 4 121 3 255 3
	sCr 2 0 2 255 2
	cY 0 0 -5 12 6 -2 -1 1 -9 28 -44 -12 7 -1 -8 30 -68 91 7 -9 2 16 -50 94
	cCb -3 -4 -4 -1 -3 -5 -3 -3 -3 -4 -8 -5 -1 -4 -4 -3 -10 20 -5 -6 -3 -1 -10 22 -38
	cCr 0 -4 -1 6 -6 -6 4 -3 -7 -3 15 2 -1 -3 -5 -8 10 15 13 4 -4 6 23 1 -1
E 268184584 269018751 1 24296 1
	p 3 7 0 11 0 1 128 192 256 128 192 256
	sY 11  0 0 24 23 40 50 56 53 72 48 88 42 112 29 144 0 176 0 208 0 240 0
	sCb 7 0 31 27 32 54 32 67 23 81 13 108 4 255 3
	sCr 2 0 2 255 2
	cY -1 0 -5 12 5 -1 -1 1 -8 25 -42 -11 6 -1 -8 28 -65 89 6 -8 1 16 -48 92
	cCb -3 -4 -3 -2 -3 -4 -3 -3 -3 -4 -7 -5 -2 -4 -4 -2 -10 21 -5 -5 -3 -2 -9 21 -40
	cCr 0 -3 -3 4 -6 -5 3 -3 -8 -3 15 2 -3 -3 -6 -8 11 17 10 3 -4 3 22 3 -1
E 269018751 269852917 1 31058 1
	p 3 7 0 11 0 1 128 192 256 128 192 256
	sY 11  0 0 24 23 40 50 56 53 72 48 88 42 112 29 144 0 176 0 208 0 240 0
	sCb 9 0 32 27 32 54 32 67 24 81 13 94 6 108 4 121 3 255 3
	sCr 2 0 2 255 2
	cY 0 0 -6 12 6 -2 -1 1 -9 27 -43 -11 6 -1 -8 30 -68 91 7 -9 1 16 -49 93
	cCb -2 -3 -4 -1 -3 -4 -2 -4 -3 -3 -8 -5 -2 -5 -3 -3 -10 21 -4 -5 -3 -2 -10 21 -38
	cCr 1 -3 -2 4 -6 -5 3 -2 -7 -2 14 2 -2 -3 -6 -8 13 18 13 4 -5 3 21 3 -1
E 269852917 270687084 1 37820 1
	p 3 7 0 11 0 1 128 192 256 128 192 256
	sY 11  0 0 24 23 40 50 56 53 72 48 88 42 112 29 144 0 176 0 208 0 240 0
	sCb 9 0 31 27 31 54 31 67 23 81 13 94 6 108 4 121 4 255 4
	sCr 2 0 2 255 2
	cY 0 0 -6 12 5 -1 -1 0 -8 25 -42 -10 6 0 -7 27 -64 89 6 -8 1 15 -47 91
	cCb -3 -3 -4 -2 -4 -4 -3 -3 -3 -4 -8 -4 -2 -4 -3 -3 -9 19 -5 -5 -3 -2 -9 20 -40
	cCr 1 -3 -3 3 -5 -5 1 -1 -7 -5 13 1 -4 -3 -5 -8 12 19 11 4 -4 3 22 5 -1
E 270687084 271521251 1 44582 1
	p 3 7 0 11 0 1 128 192 256 128 192 256
	sY 11  0 0 24 23 40 50 56 53 72 48 88 42 112 29 144 0 176 0 208 0 240 0
	sCb 9 0 32 27 32 54 33 67 24 81 13 94 6 108 4 121 4 255 4
	sCr 2 0 2 255 2
	cY 0 0 -5 12 6 -2 -1 1 -8 26 -42 -11 7 -1 -7 28 -66 89 7 -9 2 16 -49 93
	cCb -3 -4 -3 -2 -3 -5 -3 -3 -4 -4 -8 -5 -2 -4 -4 -4 -9 20 -5 -5 -4 -2 -8 19 -39
	cCr 1 -3 -2 3 -6 -5 2 -2 -8 -4 13 1 -3 -2 -5 -7 11 15 10 4 -5 3 21 2 -1
E 271521251 272355417 1 51344 1
	p 3 7 0 11 0 1 128 192 256 128 192 256
	sY 11  0 0 24 23 40 50 56 53 72 48 88 42 112 29 144 0 176 0 208 0 240 0
	sCb 9 0 32 27 32 54 32 67 24 81 13 94 6 108 4 121 3 255 3
	sCr 2 0 3 255 2
	cY -1 1 -6 12 4 -1 -1 1 -8 26 -42 -10 5 -1 -7 27 -63 88 6 -8 1 15 -47 91
	cCb -2 -3 -4 -2 -3 -4 -2 -4 -3 -4 -8 -4 -2 -4 -3 -4 -9 19 -5 -5 -4 -2 -9 20 -41
	cCr 0 -2 -2 2 -6 -4 2 -3 -8 -4 12 1 -3 -3 -6 -8 12 17 11 5 -4 1 20 3 -1
E 272355417 273189584 1 58106 1
	p 3 7 0 11 0 1 128 192 256 128 192 256
	sY 11  0 0 24 23 40 50 56 53 72 48 88 42 112 29 144 0 176 0 208 0 240 0
	sCb 9 0 31 27 31 54 31 67 23 81 12 94 5 108 4 121 3 255 3
	sCr 2 0 2 255 2
	cY 0 0 -6 12 5 -2 -1 1 -8 26 -42 -11 6 -1 -7 28 -65 90 6 -9 2 15 -48 92
	cCb -3 -4 -4 -1 -4 -4 -3 -4 -3 -3 -8 -4 -2 -4 -3 -3 -9 19 -4 -5 -5 -1 -9 20 -39
	cCr 1 -2 -3 3 -7 -5 2 -2 -7 -5 11 0 -3 -3 -5 -7 11 16 12 4 -4 3 21 3 -1
E 273189584 274023751 1 64868 1
	p 3 7 0 11 0 1 128 192 256 128 192 256
	sY 11  0 0 24 23 40 50 56 53 72 48 88 42 112 29 144 0 176 0 208 0 240 0
	sCb 8 0 31 27 31 54 31 67 23 81 12 108 4 121 3 255 3
	sCr 2 0 2 255 2
	cY -1 1 -6 12 4 -2 -1 1 -8 25 -42 -10 6 -1 -7 27 -63 88 6 -8 1 15 -46 89
	cCb -3 -4 -4 -2 -4 -3 -3 -4 -3 -4 -8 -5 -2 -4 -3 -3 -9 20 -5 -5 -4 -2 -9 20 -41
	cCr 1 -3 -2 2 -5 -4 1 -2 -6 -3 11 2 -5 -4 -4 -6 13 15 9 3 -5 1 18 2 -2
E 274023751 274857917 1 6094 1
	p 3 7 0 11 0 1 128 192 256 128 192 256
	sY 11  0 0 24 23 40 50 56 53 72 48 88 42 112 29 144 0 176 0 208 0 240 0
	sCb 9 0 32 27 32 54 32 67 24 81 13 94 6 108 4 121 3 255 3
	sCr 2 0 3 255 2
	cY 0 0 -6 12 5 -2 -1 1 -8 26 -42 -10 6 -1 -7 28 -65 89 6 -9 1 15 -47 92
	cCb -3 -3 -4 -1 -4 -4 -2 -3 -3 -4 -9 -4 -2 -4 -4 -3 -9 19 -4 -6 -4 -1 -9 20 -40
	cCr 0 -3 -3 2 -7 -4 2 -2 -6 -4 11 1 -3 -3 -5 -8 11 15 10 4 -4 2 20 3 -1
E 274857917 275692084 1 12856 1
	p 3 7 0 11 0 1 128 192 256 128 192 256
	sY 11  0 0 24 23 40 50 56 53 72 48 88 42 112 29 144 0 176 0 208 0 240 0
	sCb 7 0 31 27 31 54 31 67 22 94 6 108 4 255 3
	sCr 2 0 2 255 2
	cY -1 1 -6 12 4 -2 -1 1 -8 25 -42 -10 6 -1 -7 26 -62 88 6 -8 1 15 -46 89
	cCb -3 -4 -4 -2 -2 -5 -3 -4 -3 -3 -7 -5 -2 -4 -3 -3 -9 20 -5 -5 -4 -2 -8 20 -41
	cCr 0 -2 -2 2 -5 -5 1 -2 -7 -4 11 1 -4 -3 -4 -7 12 16 10 4 -5 2 20 2 -1
E 275692084 276526251 1 19618 1
	p 3 7 0 11 0 1 128 192 256 128 192 256
	sY 11  0 0 24 23 40 50 56 53 72 48 88 42 112 29 144 0 176 0 208 0 240 0
	sCb 9 0 31 27 31 54 32 67 24 81 14 94 7 108 5 121 4 255 4
	sCr 2 0 2 255 2
	cY 0 0 -7 13 6 -2 -1 1 -9 30 -45 -13 8 -2 -8 32 -72 94 7 -10 2 16 -51 95
	cCb -3 -4 -4 -2 -2 -5 -2 -4 -2 -5 -7 -7 1 -4 -3 -4 -7 18 -1 -6 -4 -2 -9 19 -37
	cCr 2 -3 -3 3 -8 -5 6 -1 -5 -6 10 -1 0 -2 -5 -8 11 20 15 2 -6 2 20 7 -1
E 276526251 277360417 1 26380 1
	p 3 7 0 11 0 1 128 192 256 128 192 256
	sY 11  0 0 24 23 40 50 56 53 72 48 88 42 112 29 144 0 176 0 208 0 240 0
	sCb 8 0 28 27 29 54 29 67 20 94 5 108 3 121 3 255 3
	sCr 2 0 2 255 2
	cY 0 0 -6 12 5 -2 -1 0 -8 26 -43 -12 6 0 -7 28 -67 91 8 -9 1 16 -50 94
	cCb -3 -3 -5 -1 -3 -4 -3 -3 -2 -3 -9 -6 -1 -4 -3 -3 -12 27 -3 -6 -3 -1 -11 27 -33
	cCr 0 -3 -1 5 -5 -5 2 -3 -8 -3 13 4 -2 -4 -5 -6 10 13 11 4 -5 3 21 -1 -1
E 277360417 278194584 1 33142 1
	p 3 7 0 11 0 1 128 192 256 128 192 256
	sY 11  0 0 24 23 40 50 56 53 72 48 88 42 112 29 144 0 176 0 208 0 240 0
	sCb 7 0 29 27 29 54 29 67 20 94 5 108 3 255 3
	sCr 2 0 2 255 2
	cY 0 0 -6 13 6 -2 -1 1 -8 27 -44 -12 7 0 -8 29 -69 92 9 -10 1 16 -50 95
	cCb -2 -3 -4 -2 -4 -4 -3 -4 -2 -4 -9 -5 -2 -2 -3 -3 -11 27 -4 -5 -5 -1 -11 28 -32
	cCr 0 -3 -2 6 -7 -6 3 -5 -8 -2 14 4 -1 -4 -5 -7 10 13 12 5 -4 5 21 -1 -1
E 278194584 279028751 1 39904 1
	p 3 7 0 11 0 1 128 192 256 128 192 256
	sY 11  0 0 24 23 40 50 56 53 72 48 88 42 112 29 144 0 176 0 208 0 240 0
	sCb 8 0 31 27 31 54 31 67 23 81 12 108 4 121 4 255 4
	sCr 2 0 2 255 2
	cY 0 0 -5 11 5 -2 -1 0 -7 25 -41 -11 7 -1 -7 27 -65 89 7 -9 2 15 -47 92
	cCb -3 -4 -4 -2 -3 -4 -2 -3 -4 -3 -8 -5 -2 -3 -4 -3 -9 20 -5 -5 -3 -2 -9 20 -40
	cCr 1 -3 -2 3 -6 -4 2 -2 -7 -4 12 1 -2 -3 -7 -8 12 16 12 4 -5 2 21 3 -1
E 279028751 279862917 1 46666 1
	p 3 7 0 11 0 1 128 192 256 128 192 256
	sY 11  0 0 24 23 40 50 56 53 72 48 88 42 112 29 144 0 176 0 208 0 240 0
	sCb 8 0 32 27 32 54 32 67 23 81 12 108 4 121 3 255 3
	sCr 2 0 2 255 2
	cY 0 0 -6 12 6 -2 -1 1 -8 27 -44 -11 7 -1 -8 29 -67 91 7 -9 2 16 -48 92
	cCb -3 -3 -4 -1 -3 -5 -2 -3 -3 -4 -8 -5 -1 -4 -4 -3 -11 20 -5 -5 -4 -2 -9 20 -39
	cCr 1 -2 -2 3 -6 -5 3 -3 -6 -4 13 2 -4 -2 -5 -7 11 16 11 4 -5 3 20 2 -1
E 279862917 280697084 1 53428 1
	p 3 7 0 11 0 1 128 192 256 128 192 256
	sY 11  0 0 24 23 40 50 56 53 72 48 88 42 112 29 144 0 176 0 208 0 240 0
	sCb 8 0 32 27 32 54 32 67 23 81 12 108 4 121 3 255 3
	sCr 2 0 3 255 2
	cY 0 1 -6 12 5 -2 -1 1 -8 26 -42 -11 7 -1 -7 28 -65 89 6 -8 1 15 -47 91
	cCb -2 -4 -4 -1 -3 -4 -2 -4 -3 -4 -8 -5 -2 -5 -4 -3 -9 20 -4 -5 -4 -1 -9 20 -40
	cCr 0 -2 -2 3 -5 -4 1 -2 -7 -3 12 1 -4 -3 -5 -8 11 15 11 3 -5 3 21 1 -1
E 280697084 281531251 1 60190 1
	p 3 7 0 11 0 1 128 192 256 128 192 256
	sY 11  0 0 24 23 40 50 56 53 72 48 88 42 112 29 144 0 176 0 208 0 240 0
	sCb 8 0 31 27 31 54 31 67 22 81 12 108 4 121 4 255 4
	sCr 2 0 2 255 2
	cY -1 0 -6 12 5 -2 -1 1 -8 26 -43 -10 6 0 -7 29 -66 90 6 -8 1 15 -48 92
	cCb -3 -4 -4 -2 -4 -4 -2 -4 -3 -4 -8 -4 -2 -4 -4 -4 -9 19 -4 -6 -4 -2 -9 20 -40
	cCr 1 -3 -2 3 -5 -5 2 -3 -7 -4 13 2 -4 -3 -5 -8 12 15 10 4 -3 1 20 2 -1
E 281531251 282365417 1 1416 1
	p 3 7 0 11 0 1 128 192 256 128 192 256
	sY 11  0 0 24 23 40 50 56 53 72 48 88 42 112 29 144 0 176 0 208 0 240 0
	sCb 8 0 31 27 31 54 31 67 22 81 12 94 6 108 4 255 4
	sCr 2 0 2 255 2
	cY -1 0 -6 12 5 -2 -1 0 -7 25 -41 -11 6 -1 -7 26 -63 88 6 -9 1 15 -46 90
	cCb -3 -4 -5 -2 -3 -3 -3 -4 -3 -4 -9 -5 -2 -4 -3 -3 -9 20 -5 -5 -4 -2 -8 19 -40
	cCr 0 -3 -2 3 -5 -4 2 -2 -8 -3 12 1 -3 -3 -5 -8 12 16 10 2 -4 1 18 2 -1
E 282365417 283199584 1 8178 1
	p 3 7 0 11 0 1 128 192 256 128 192 256
	sY 11  0 0 24 23 40 50 56 53 72 48 88 42 112 29 144 0 176 0 208 0 240 0
	sCb 8 0 31 27 31 54 31 67 22 81 12 108 4 121 4 255 4
	sCr 2 0 2 255 2
	cY -1 0 -6 12 5 -1 -1 1 -8 25 -42 -11 6 -1 -8 28 -65 89 6 -8 1 15 -47 91
	cCb -3 -3 -5 -1 -4 -4 -2 -4 -3 -3 -7 -4 -2 -3 -3 -3 -9 18 -4 -5 -4 -2 -9 20 -41
	cCr 0 -3 -2 4 -5 -5 2 -2 -6 -3 12 2 -2 -3 -5 -7 11 15 11 4 -5 1 20 2 -1
E 283199584 284033751 1 14940 1
	p 3 7 0 11 0 1 128 192 256 128 192 256
	sY 11  0 0 24 23 40 50 56 53 72 48 88 42 112 29 144 0 176 0 208 0 240 0
	sCb 7 0 31 27 31 54 31 67 22 81 12 108 4 255 4
	sCr 2 0 2 255 2
	cY -1 1 -6 12 4 -2 -1 1 -8 25 -41 -10 6 -1 -8 27 -63 88 6 -8 1 15 -46 89
	cCb -3 -3 -3 -2 -3 -3 -3 -3 -2 -4 -6 -6 -2 -4 -4 -3 -10 19 -4 -5 -4 -2 -9 20 -41
	cCr 0 -2 -3 3 -4 -4 2 -3 -7 -3 12 2 -3 -3 -5 -7 12 15 10 4 -4 1 20 2 -1
E 284033751 284867917 1 21702 1
	p 3 7 0 11 0 1 128 192 256 128 192 256
	sY 11  0 0 24 23 40 50 56 53 72 48 88 42 112 29 144 0 176 0 208 0 240 0
	sCb 9 0 31 27 31 54 31 67 23 81 12 94 6 108 4 121 4 255 4
	sCr 2 0 2 255 2
	cY 0 0 -6 12 5 -2 -1 1 -8 26 -42 -10 6 -1 -7 27 -64 89 6 -9 2 15 -47 91
	cCb -3 -4 -4 -2 -3 -4 -2 -4 -3 -4 -8 -4 -2 -4 -3 -3 -9 19 -5 -5 -5 -1 -8 19 -40
	cCr 0 -2 -3 3 -5 -4 3 -3 -7 -4 12 1 -3 -3 -5 -7 12 16 10 3 -5 2 20 2 -1
E 284867917 285702084 1 28464 1
	p 3 7 0 11 0 1 128 192 256 128 192 256
	sY 11  0 0 24 23 40 50 56 53 72 48 88 42 112 29 144 0 176 0 208 0 240 0
	sCb 9 0 31 27 31 54 31 67 23 81 12 94 6 108 4 121 4 255 4
	sCr 2 0 2 255 2
	cY 0 1 -6 12 5 -2 -1 1 -8 25 -42 -10 6 -1 -7 27 -63 88 6 -9 1 15 -46 89
	cCb -3 -4 -4 -2 -3 -4 -3 -4 -3 -4 -8 -5 -2 -4 -4 -4 -9 18 -4 -5 -4 -1 -9 19 -42
	cCr 0 -3 -2 3 -5 -4 2 -3 -7 -3 12 3 -4 -3 -5 -7 12 16 10 4 -3 1 18 2 -2
E 285702084 286536251 1 35226 1
	p 3 7 0 11 0 1 128 192 256 128 192 256
	sY 11  0 0 24 23 40 50 56 53 72 48 88 42 112 29 144 0 176 0 208 0 240 0
	sCb 9 0 31 27 31 54 32 67 23 81 13 94 6 108 4 121 4 255 4
	sCr 2 0 2 255 2
	cY 0 0 -7 12 6 -3 -1 0 -9 29 -44 -12 8 -2 -8 32 -72 93 7 -10 2 16 -51 96
	cCb -2 -4 -4 -1 -4 -5 -2 -4 -2 -5 -8 -6 0 -4 -4 -4 -6 17 -1 -6 -4 -1 -9 19 -38
	cCr 1 -3 -2 4 -11 -7 9 -1 -5 -6 9 -2 4 -2 -6 -9 8 22 21 4 -8 2 19 7 -1
E 286536251 287370417 1 41988 1
	p 3 7 0 11 0 1 128 192 256 128 192 256
	sY 11  0 0 24 23 40 50 56 53 72 48 88 42 112 29 144 0 176 0 208 0 240 0
	sCb 7 0 28 27 29 54 28 67 19 94 5 108 3 255 3
	sCr 2 0 2 255 2
	cY 0 1 -6 12 5 -2 -1 1 -9 26 -43 -11 6 -1 -7 28 -66 90 7 -9 1 15 -48 92
	cCb -3 -3 -4 -1 -2 -4 -3 -3 -3 -3 -9 -5 -1 -3 -3 -3 -12 26 -4 -6 -4 -2 -10 26 -35
	cCr -1 -3 -1 4 -5 -5 2 -3 -9 -4 14 4 -1 -3 -6 -8 12 16 12 3 -5 3 21 2 0
E 287370417 288204584 1 48750 1
	p 3 7 0 11 0 1 128 192 256 128 192 256
	sY 11  0 0 24 23 40 50 56 53 72 48 88 42 112 29 144 0 176 0 208 0 240 0
	sCb 9 0 32 27 32 54 32 67 23 81 12 94 6 108 4 121 4 255 4
	sCr 2 0 2 255 2
	cY -1 1 -6 12 4 -2 -1 1 -9 25 -41 -9 6 -1 -7 27 -63 87 4 -8 2 14 -45 88
	cCb -3 -4 -4 -2 -4 -4 -2 -4 -3 -5 -8 -4 -2 -4 -3 -4 -7 16 -4 -5 -4 -1 -7 16 -44
	cCr 1 -3 -2 7 -6 -6 3 -3 -9 -5 15 1 -2 -3 -6 -10 10 18 12 2 -5 6 23 4 -1
E 288204584 289038751 1 55512 1
	p 3 7 0 11 0 1 128 192 256 128 192 256
	sY 11  0 0 24 23 40 50 56 53 72 48 88 42 112 29 144 0 176 0 208 0 240 0
	sCb 9 0 31 27 31 54 31 67 22 81 12 94 6 108 4 121 4 255 4
	sCr 2 0 2 255 2
	cY -1 1 -6 12 5 -2 -1 1 -8 26 -43 -10 6 -1 -7 28 -65 89 6 -9 1 15 -47 91
	cCb -3 -3 -5 -2 -3 -4 -2 -3 -3 -3 -8 -4 -2 -4 -4 -2 -9 20 -5 -6 -4 -1 -9 20 -40
	cCr 0 -3 -2 5 -5 -5 3 -2 -7 -5 14 3 -3 -4 -5 -9 11 17 11 4 -5 3 20 3 -1
E 289038751 289872917 1 62274 1
	p 3 7 0 11 0 1 128 192 256 128 192 256
	sY 11  0 0 24 23 40 50 56 53 72 48 88 42 112 29 144 0 176 0 208 0 240 0
	sCb 7 0 31 27 31 54 31 67 22 81 12 108 4 255 4
	sCr 2 0 2 255 2
	cY 0 0 -6 12 5 -2 -1 1 -9 27 -44 -11 7 -1 -8 29 -68 91 6 -9 2 15 -48 92
	cCb -3 -4 -5 -1 -3 -4 -3 -3 -3 -4 -9 -5 -2 -4 -3 -3 -9 21 -4 -6 -3 -2 -10 21 -40
	cCr 1 -3 -2 4 -6 -5 2 -2 -7 -4 15 3 -2 -3 -6 -8 13 17 12 4 -4 3 21 3 -1
E 289872917 290707084 1 3500 1
	p 3 7 0 11 0 1 128 192 256 128 192 256
	sY 11  0 0 24 23 40 50 56 53 72 48 88 42 112 29 144 0 176 0 208 0 240 0
	sCb 8 0 31 27 31 54 31 67 22 81 12 108 4 121 4 255 4
	sCr 2 0 2 255 2
	cY 0 0 -5 11 5 -2 -1 0 -7 24 -41 -10 6 -1 -7 26 -63 88 6 -8 1 15 -46 90
	cCb -3 -3 -4 -2 -3 -4 -3 -3 -3 -4 -7 -6 -2 -3 -4 -3 -9 19 -4 -5 -4 -2 -9 20 -40
	cCr 0 -2 -2 3 -5 -4 1 -2 -6 -2 14 3 -4 -3 -6 -8 13 18 12 4 -4 1 20 4 -1
E 290707084 291541251 1 10262 1
	p 3 7 0 11 0 1 128 192 256 128 192 256
	sY 11  0 0 24 23 40 50 56 53 72 48 88 42 112 29 144 0 176 0 208 0 240 0
	sCb 7 0 31 27 31 54 31 67 22 94 6 108 4 255 4
	sCr 2 0 2 255 2
	cY -1 0 -6 12 5 -2 -1 1 -8 25 -42 -11 7 -1 -8 28 -65 89 6 -9 2 15 -48 91
	cCb -3 -4 -4 -1 -3 -4 -3 -4 -3 -3 -8 -5 -2 -4 -4 -3 -10 19 -5 -5 -4 -1 -9 20 -40
	cCr 1 -2 -2 4 -5 -4 2 -3 -7 -3 13 1 -3 -3 -5 -7 12 18 11 3 -5 1 19 2 -1
E 291541251 292375417 1 17024 1
	p 3 7 0 11 0 1 128 192 256 128 192 256
	sY 11  0 0 24 23 40 50 56 53 72 48 88 42 112 29 144 0 176 0 208 0 240 0
	sCb 8 0 30 27 31 54 31 67 22 81 12 108 4 121 4 255 4
	sCr 2 0 2 255 2
	cY 0 0 -6 12 5 -2 -1 0 -8 25 -42 -10 6 -1 -7 27 -63 88 6 -8 1 15 -46 90
	cCb -3 -3 -4 -3 -3 -4 -3 -3 -3 -4 -7 -5 -3 -3 -4 -3 -9 19 -5 -5 -5 -2 -9 20 -41
	cCr 0 -3 -2 3 -5 -4 1 -2 -7 -5 12 2 -3 -3 -5 -7 11 17 11 3 -5 2 19 3 -1
E 292375417 293209584 1 23786 1
	p 3 7 0 11 0 1 128 192 256 128 192 256
	sY 11  0 0 24 23 40 50 56 53 72 48 88 42 112 29 144 0 176 0 208 0 240 0
	sCb 9 0 30 27 31 40 33 54 31 67 22 94 6 108 4 121 4 255 4
	sCr 2 0 2 255 2
	cY -1 1 -6 12 4 -2 -1 1 -8 25 -41 -10 6 -1 -7 27 -63 88 6 -9 1 15 -47 90
	cCb -3 -3 -4 -2 -3 -3 -3 -4 -3 -3 -7 -6 -3 -3 -3 -3 -9 18 -5 -4 -4 -2 -9 20 -42
	cCr 0 -2 -3 3 -4 -4 2 -2 -7 -4 13 2 -3 -3 -5 -7 12 17 11 4 -5 1 19 2 -1
E 293209584 294043751 1 30548 1
	p 3 7 0 11 0 1 128 192 256 128 192 256
	sY 11  0 0 24 23 40 50 56 53 72 48 88 42 112 29 144 0 176 0 208 0 240 0
	sCb 7 0 30 27 31 54 31 67 22 94 6 108 4 255 4
	sCr 2 0 2 255 2
	cY -1 1 -6 12 4 -2 -1 1 -8 24 -41 -10 5 -1 -7 26 -62 88 5 -8 1 14 -46 89
	cCb -3 -4 -4 -2 -3 -4 -3 -4 -3 -4 -8 -5 -2 -3 -4 -3 -8 19 -4 -4 -4 -2 -8 20 -42
	cCr 1 -3 -3 3 -4 -4 1 -2 -6 -4 12 1 -4 -3 -5 -8 13 17 9 3 -5 2 19 3 -1
E 294043751 294877917 1 37310 1
	p 3 7 0 11 0 1 128 192 256 128 192 256
	sY 11  0 0 24 23 40 50 56 53 72 48 88 42 112 29 144 0 176 0 208 0 240 0
	sCb 8 0 31 27 31 54 31 67 22 94 6 108 4 121 4 255 4
	sCr 2 0 2 255 2
	cY 0 1 -6 12 4 -2 -1 0 -8 25 -41 -10 6 -1 -7 27 -63 87 6 -9 1 15 -47 91
	cCb -2 -4 -4 -2 -3 -4 -2 -4 -2 -4 -8 -5 -2 -4 -4 -3 -9 19 -3 -5 -4 -1 -9 20 -40
	cCr 0 -2 -1 4 -5 -5 2 -3 -7 -3 14 2 -3 -3 -5 -8 13 20 11 4 -5 1 19 4 -2
E 294877917 295712084 1 44072 1
	p 3 7 0 11 0 1 128 192 256 128 192 256
	sY 11  0 0 24 23 40 50 56 53 72 48 88 42 112 29 144 0 176 0 208 0 240 0
	sCb 9 0 30 27 30 40 33 54 31 67 22 94 6 108 4 121 4 255 4
	sCr 2 0 2 255 2
	cY -1 0 -6 12 5 -2 -1 1 -8 25 -42 -10 6 -1 -7 27 -62 88 5 -8 2 15 -46 89
	cCb -2 -4 -4 -2 -3 -4 -2 -3 -4 -3 -8 -4 -2 -4 -3 -2 -10 20 -5 -5 -4 -2 -9 20 -42
	cCr 0 -1 -2 2 -6 -4 2 -2 -7 -4 12 2 -3 -2 -5 -8 11 18 10 3 -4 0 18 4 -1
E 295712084 296546251 1 50834 1
	p 3 7 0 11 0 1 128 192 256 128 192 256
	sY 11  0 0 24 23 40 50 56 53 72 48 88 42 112 29 144 0 176 0 208 0 240 0
	sCb 7 0 30 27 31 54 31 67 23 81 13 108 4 255 4
	sCr 2 0 2 255 2
	cY 0 1 -7 13 6 -3 -1 1 -10 29 -44 -12 8 -2 -8 32 -71 93 6 -10 2 16 -51 95
	cCb -3 -4 -5 -1 -4 -5 -1 -4 -2 -4 -8 -6 0 -4 -3 -4 -7 19 -3 -6 -4 -1 -9 20 -38
	cCr 1 -2 -1 3 -10 -7 7 -1 -5 -6 11 0 1 -1 -4 -11 9 23 17 4 -7 1 17 8 -1
E 296546251 297380417 1 57596 1
	p 3 7 0 11 0 1 128 192 256 128 192 256
	sY 11  0 0 24 23 40 50 56 53 72 48 88 42 112 29 144 0 176 0 208 0 240 0
	sCb 8 0 31 27 32 54 32 67 23 81 12 108 4 121 4 255 4
	sCr 2 0 2 255 2
	cY -1 1 -6 12 4 -3 -1 1 -9 26 -42 -9 7 -2 -7 28 -64 88 4 -8 2 14 -46 89
	cCb -2 -4 -4 -2 -3 -4 -2 -3 -3 -4 -6 -5 -2 -4 -5 -3 -9 17 -4 -5 -4 -2 -9 18 -44
	cCr 0 -3 -1 6 -6 -6 4 -4 -9 -5 16 2 -2 -3 -6 -10 10 18 12 4 -5 5 22 4 -1
E 297380417 298214584 1 64358 1
	p 3 7 0 11 0 1 128 192 256 128 192 256
	sY 11  0 0 24 23 40 50 56 53 72 48 88 42 112 29 144 0 176 0 208 0 240 0
	sCb 7 0 32 27 32 54 32 67 23 94 6 108 4 255 4
	sCr 2 0 2 255 2
	cY -1 1 -7 13 4 -2 -1 1 -9 26 -42 -9 7 -2 -8 28 -63 88 4 -8 2 15 -46 89
	cCb -3 -3 -3 -2 -3 -4 -3 -4 -3 -4 -7 -4 -2 -3 -3 -4 -9 18 -4 -5 -4 -1 -8 18 -43
	cCr 1 -3 -2 7 -6 -5 4 -3 -7 -5 16 0 -3 -2 -6 -10 9 19 13 2 -5 5 21 3 -1
E 298214584 299048751 1 5584 1
	p 3 7 0 11 0 1 128 192 256 128 192 256
	sY 11  0 0 24 23 40 50 56 53 72 48 88 42 112 29 144 0 176 0 208 0 240 0
	sCb 7 0 30 27 30 54 31 67 22 94 6 108 4 255 4
	sCr 2 0 2 255 2
	cY -1 1 -6 12 5 -2 -1 1 -9 26 -43 -10 6 -1 -8 28 -65 89 6 -9 2 15 -48 91
	cCb -3 -4 -4 -2 -4 -4 -3 -4 -3 -5 -7 -5 -2 -4 -3 -3 -8 18 -4 -5 -4 -1 -9 20 -40
	cCr 1 -2 -2 5 -5 -5 2 -2 -7 -5 14 2 -3 -3 -5 -8 11 18 12 3 -5 2 21 4 -1
E 299048751 299882917 1 12346 1
	p 3 7 0 11 0 1 128 192 256 128 192 256
	sY 11  0 0 24 23 40 50 56 53 72 48 88 42 112 29 144 0 176 0 208 0 240 0
	sCb 7 0 30 27 31 54 30 67 22 94 5 108 4 255 3
	sCr 2 0 2 255 2
	cY 0 1 -7 13 5 -2 -1 1 -10 28 -44 -10 7 -1 -8 30 -68 91 6 -9 2 16 -49 93
	cCb -3 -4 -4 -1 -4 -4 -3 -4 -3 -3 -8 -4 -2 -3 -3 -3 -10 20 -4 -5 -4 -1 -9 20 -39
	cCr 1 -3 -3 4 -6 -5 2 -3 -7 -4 14 2 -2 -3 -6 -8 12 16 11 4 -4 3 21 2 -1
E 299882917 300717084 1 19108 1
	p 3 7 0 11 0 1 128 192 256 128 192 256
	sY 11  0 0 24 23 40 50 56 53 72 48 88 42 112 29 144 0 176 0 208 0 240 0
	sCb 7 0 30 27 30 54 30 67 22 81 12 108 4 255 4
	sCr 2 0 2 255 2
	cY -1 1 -6 12 4 -2 -1 1 -9 25 -42 -10 6 -1 -8 28 -64 88 6 -8 1 16 -47 90
	cCb -3 -4 -3 -2 -3 -4 -2 -3 -3 -4 -7 -5 -2 -3 -4 -3 -8 19 -4 -5 -4 -2 -9 20 -41
	cCr 0 -2 -2 3 -5 -5 1 -2 -7 -4 13 2 -4 -3 -5 -8 12 19 11 3 -5 2 20 3 -1
E 300717084 301551251 1 25870 1
	p 3 7 0 11 0 1 128 192 256 128 192 256
	sY 11  0 0 24 23 40 50 56 53 72 48 88 42 112 29 144 0 176 0 208 0 240 0
	sCb 7 0 30 27 31 54 30 67 22 94 6 108 4 255 4
	sCr 2 0 2 255 2
	cY -1 1 -6 12 5 -2 -1 1 -8 25 -42 -10 6 -1 -8 27 -63 87 6 -8 1 16 -47 90
	cCb -3 -4 -4 -2 -3 -4 -3 -3 -3 -4 -7 -5 -2 -4 -4 -4 -8 18 -4 -5 -4 -1 -8 19 -41
	cCr 1 -2 -2 3 -5 -5 2 -2 -7 -4 13 2 -4 -3 -5 -7 13 18 10 3 -5 2 19 4 -1
E 301551251 302385417 1 32632 1
	p 3 7 0 11 0 1 128 192 256 128 192 256
	sY 11  0 0 24 23 40 50 56 53 72 48 88 42 112 29 144 0 176 0 208 0 240 0
	sCb 7 0 30 27 30 54 30 67 22 94 6 108 4 255 4
	sCr 2 0 2 255 2
	cY 0 1 -7 13 5 -2 -1 1 -8 25 -42 -10 6 -1 -7 27 -63 88 5 -8 1 15 -46 90
	cCb -3 -3 -4 -2 -3 -3 -3 -2 -3 -4 -7 -5 -3 -3 -3 -4 -8 19 -4 -5 -4 -2 -8 19 -40
	cCr 0 -2 -2 4 -4 -4 2 -2 -7 -4 12 1 -4 -3 -5 -8 12 17 11 3 -5 2 18 2 -1
E 302385417 303219584 1 39394 1
	p 3 7 0 11 0 1 128 192 256 128 192 256
	sY 11  0 0 24 23 40 50 56 53 72 48 88 42 112 29 144 0 176 0 208 0 240 0
	sCb 7 0 30 27 30 54 30 67 22 94 6 108 4 255 4
	sCr 2 0 2 255 2
	cY 0 1 -7 13 5 -2 -1 1 -9 27 -43 -10 6 -1 -7 28 -65 89 5 -9 2 15 -47 90
	cCb -3 -4 -3 -2 -3 -4 -3 -3 -2 -4 -6 -5 -2 -4 -3 -4 -8 19 -4 -5 -4 -2 -8 20 -41
	cCr 0 -2 -2 4 -4 -5 2 -3 -7 -3 13 2 -3 -3 -6 -7 12 16 11 4 -4 2 19 3 -2
E 303219584 304053751 1 46156 1
	p 3 7 0 11 0 1 128 192 256 128 192 256
	sY 11  0 0 24 23 40 50 56 53 72 48 88 42 112 29 144 0 176 0 208 0 240 0
	sCb 7 0 29 27 30 54 30 67 22 94 6 108 4 255 4
	sCr 2 0 2 255 2
	cY 0 0 -6 12 5 -2 -1 0 -8 25 -42 -10 6 -1 -7 26 -63 88 5 -8 1 15 -45 89
	cCb -3 -3 -5 -2 -4 -4 -3 -3 -3 -3 -8 -4 -2 -4 -4 -3 -9 19 -4 -6 -4 -1 -9 19 -42
	cCr 0 -3 -3 3 -5 -4 2 -3 -7 -4 13 1 -4 -4 -5 -7 12 17 10 3 -4 2 20 2 -1
E 304053751 304887917 1 52918 1
	p 3 7 0 11 0 1 128 192 256 128 192 256
	sY 11  0 0 24 23 40 50 56 53 72 48 88 42 112 29 144 0 176 0 208 0 240 0
	sCb 7 0 30 27 31 54 30 67 22 94 6 108 4 255 4
	sCr 2 0 2 255 2
	cY 0 1 -6 13 5 -2 -1 1 -9 26 -43 -11 7 -1 -8 29 -65 89 6 -9 2 16 -48 90
	cCb -3 -4 -4 -1 -4 -4 -3 -3 -3 -3 -9 -4 -3 -3 -4 -3 -9 19 -5 -5 -4 -1 -9 21 -40
	cCr 2 -2 -3 2 -5 -5 2 -3 -6 -3 13 1 -3 -3 -5 -7 12 19 12 4 -5 0 19 4 -2
E 304887917 305722084 1 59680 1
	p 3 7 0 11 0 1 128 192 256 128 192 256
	sY 11  0 0 24 23 40 50 56 53 72 48 88 42 112 29 144 0 176 0 208 0 240 0
	sCb 7 0 30 27 30 54 30 67 21 94 6 108 4 255 4
	sCr 2 0 2 255 2
	cY -1 0 -6 12 5 -2 -1 1 -8 25 -42 -9 6 -1 -7 27 -62 87 5 -8 2 15 -46 89
	cCb -3 -4 -4 -1 -3 -4 -3 -4 -3 -3 -8 -5 -2 -4 -3 -5 -8 19 -5 -6 -4 -2 -9 20 -41
	cCr 0 -2 -2 2 -5 -4 1 -3 -6 -3 12 2 -3 -4 -4 -8 12 17 10 4 -5 1 19 2 -2
E 305722084 306556251 1 906 1
	p 3 7 0 11 0 1 128 192 256 128 192 256
	sY 11  0 0 24 23 40 50 56 53 72 48 88 42 112 29 144 0 176 0 208 0 240 0
	sCb 7 0 30 27 31 54 31 67 23 94 7 108 5 255 5
	sCr 2 0 2 255 2
	cY 0 1 -8 13 6 -3 -1 1 -10 30 -45 -12 9 -2 -9 32 -71 93 6 -10 2 17 -51 95
	cCb -3 -4 -4 -1 -3 -5 -1 -4 -1 -5 -8 -6 0 -4 -5 -4 -6 18 -1 -6 -4 0 -9 20 -38
	cCr 1 -1 -3 3 -8 -5 5 -2 -5 -6 11 -1 0 -2 -6 -10 11 23 16 3 -6 2 19 8 -1
E 306556251 307390417 1 7668 1
	p 3 7 0 11 0 1 128 192 256 128 192 256
	sY 11  0 0 24 23 40 50 56 53 72 48 88 42 112 29 144 0 176 0 208 0 240 0
	sCb 7 0 31 27 32 54 31 67 22 94 6 108 4 255 4
	sCr 2 0 2 255 2
	cY 0 1 -6 12 5 -3 -1 1 -9 26 -42 -9 7 -2 -7 27 -62 87 4 -9 2 14 -45 87
	cCb -4 -3 -4 -2 -4 -4 -3 -3 -3 -4 -7 -5 -2 -4 -4 -4 -8 17 -3 -5 -4 -2 -8 18 -44
	cCr 1 -2 -1 8 -6 -5 4 -4 -9 -5 16 1 -2 -3 -6 -10 10 19 13 3 -5 5 21 5 -1
E 307390417 308224584 1 14430 1
	p 3 7 0 11 0 1 128 192 256 128 192 256
	sY 11  0 0 24 23 40 50 56 53 72 48 88 42 112 29 144 0 176 0 208 0 240 0
	sCb 7 0 31 27 32 54 32 67 22 94 6 108 4 255 4
	sCr 2 0 2 255 2
	cY 0 0 -7 13 4 -3 0 1 -9 27 -43 -8 7 -2 -8 28 -64 88 3 -9 2 15 -46 88
	cCb -3 -3 -4 -2 -3 -4 -2 -3 -3 -5 -7 -5 -2 -4 -4 -3 -8 16 -3 -5 -4 -2 -8 18 -45
	cCr 2 -2 -2 7 -6 -6 4 -3 -8 -5 16 1 -2 -2 -7 -10 11 19 13 3 -6 5 22 4 -1
E 308224584 309058751 1 21192 1
	p 3 7 0 11 0 1 128 192 256 128 192 256
	sY 11  0 0 24 23 40 50 56 53 72 48 88 42 112 29 144 0 176 0 208 0 240 0
	sCb 7 0 30 27 31 54 30 67 21 94 6 108 4 255 4
	sCr 2 0 2 255 2
	cY -1 1 -7 13 5 -2 -1 1 -10 27 -43 -10 7 -1 -8 29 -65 89 6 -9 2 16 -48 91
	cCb -3 -3 -5 -2 -3 -4 -3 -3 -3 -4 -7 -4 -2 -3 -4 -3 -9 19 -4 -5 -4 -1 -9 21 -42
	cCr 1 -2 -1 3 -7 -5 3 -3 -8 -4 14 2 -2 -3 -5 -7 12 17 12 4 -5 4 20 2 -1
E 309058751 309892917 1 27954 1
	p 3 7 0 11 0 1 128 192 256 128 192 256
	sY 11  0 0 24 23 40 50 56 53 72 48 88 42 112 29 144 0 176 0 208 0 240 0
	sCb 7 0 30 27 31 54 30 67 21 94 6 108 4 255 4
	sCr 2 0 2 255 2
	cY 0 0 -6 12 6 -3 -1 1 -9 27 -43 -11 8 -2 -8 30 -66 89 6 -9 2 16 -49 92
	cCb -3 -4 -3 -2 -4 -4 -2 -4 -3 -4 -8 -5 -1 -3 -4 -3 -9 20 -4 -5 -4 -1 -8 20 -41
	cCr 0 -2 -2 3 -7 -5 4 -3 -7 -5 13 2 -2 -2 -6 -8 11 18 14 4 -5 3 21 4 -1
E 309892917 310727084 1 34716 1
	p 3 7 0 11 0 1 128 192 256 128 192 256
	sY 11  0 0 24 23 40 50 56 53 72 48 88 42 112 29 144 0 176 0 208 0 240 0
	sCb 7 0 31 27 31 54 30 67 21 94 6 108 4 255 4
	sCr 2 0 2 255 2
	cY 0 0 -6 13 5 -2 -1 1 -9 26 -43 -10 7 -1 -8 28 -64 89 5 -9 2 16 -47 89
	cCb -2 -3 -5 -1 -4 -4 -2 -3 -3 -3 -8 -5 -2 -3 -4 -3 -8 19 -3 -5 -5 -1 -9 21 -41
	cCr 0 -3 -2 5 -5 -5 2 -2 -7 -4 12 2 -3 -3 -5 -9 12 17 11 3 -4 2 20 4 -1
E 310727084 311561251 1 41478 1
	p 3 7 0 11 0 1 128 192 256 128 192 256
	sY 11  0 0 24 23 40 50 56 53 72 48 88 42 112 29 144 0 176 0 208 0 240 0
	sCb 7 0 31 27 31 54 30 67 21 94 6 108 4 255 4
	sCr 2 0 2 255 2
	cY -1 1 -7 13 5 -2 -1 1 -10 28 -44 -10 7 -1 -8 30 -67 90 5 -9 2 16 -48 92
	cCb -2 -3 -5 -3 -3 -5 -2 -4 -3 -3 -8 -5 -2 -4 -3 -3 -9 20 -3 -6 -3 -2 -9 20 -41
	cCr 1 -2 -2 5 -5 -5 3 -3 -8 -4 15 2 -3 -3 -5 -9 11 19 11 4 -4 5 22 5 -1
E 311561251 312395417 1 48240 1
	p 3 7 0 11 0 1 128 192 256 128 192 256
	sY 11  0 0 24 23 40 50 56 53 72 48 88 42 112 29 144 0 176 0 208 0 240 0
	sCb 7 0 30 27 31 54 29 67 22 81 12 108 4 255 4
	sCr 2 0 2 255 2
	cY 0 1 -7 13 5 -2 -1 1 -9 28 -44 -11 7 -1 -8 30 -67 90 6 -9 2 16 -49 92
	cCb -3 -3 -4 -1 -3 -4 -3 -3 -3 -4 -8 -5 -2 -4 -4 -3 -9 20 -4 -5 -4 -1 -10 21 -39
	cCr 0 -2 -2 5 -6 -5 3 -2 -7 -5 15 1 -3 -3 -5 -9 10 22 12 4 -4 2 20 7 -1
E 312395417 313229584 1 55002 1
	p 3 7 0 11 0 1 128 192 256 128 192 256
	sY 11  0 0 24 23 40 50 56 53 72 48 88 42 112 29 144 0 176 0 208 0 240 0
	sCb 7 0 30 27 30 54 29 67 21 94 6 108 4 255 4
	sCr 2 0 2 255 2
	cY -1 1 -7 14 5 -3 -1 1 -10 29 -45 -12 8 -2 -9 31 -69 91 7 -10 2 16 -50 94
	cCb -3 -4 -4 -2 -3 -4 -2 -4 -3 -4 -7 -6 -1 -4 -4 -3 -10 22 -4 -5 -3 -1 -9 23 -40
	cCr 2 -2 -2 4 -8 -5 4 -2 -7 -5 13 0 -2 -3 -6 -9 10 21 16 5 -5 3 21 8 -1
E 313229584 314063751 1 61764 1
	p 3 7 0 11 0 1 128 192 256 128 192 256
	sY 11  0 0 24 23 40 50 56 53 72 48 88 42 112 29 144 0 176 0 208 0 240 0
	sCb 7 0 30 27 31 54 30 67 22 94 9 108 6 255 6
	sCr 2 0 2 255 2
	cY -1 1 -7 13 6 -2 -1 1 -10 28 -44 -12 8 -2 -9 31 -68 90 6 -10 3 17 -50 93
	cCb -3 -3 -4 -2 -3 -4 -2 -4 -2 -4 -7 -6 -1 -4 -3 -2 -9 20 -3 -5 -4 -2 -10 22 -40
	cCr 2 -2 -2 5 -7 -5 5 -2 -7 -6 14 0 -1 -3 -5 -10 8 23 14 3 -6 3 21 8 -1
E 314063751 314897917 1 2990 1
	p 3 7 0 11 0 1 128 192 256 128 192 256
	sY 11  0 0 24 23 40 50 56 53 72 48 88 42 112 29 144 0 176 0 208 0 240 0
	sCb 5 0 27 27 27 54 29 108 18 255 18
	sCr 2 0 2 255 2
	cY -1 2 -9 16 5 -3 -1 2 -11 28 -45 -9 8 -2 -10 31 -64 87 4 -9 3 19 -50 88
	cCb -3 -4 -3 -2 -2 -5 -2 -3 -2 -4 -7 -6 0 -4 -3 -3 -9 20 -3 -6 -3 -1 -10 22 -41
	cCr 0 -3 -2 6 -5 -4 3 -2 -6 -5 12 1 -1 -3 -5 -9 9 17 13 5 -3 2 22 7 -2
E 314897917 315732084 1 9752 1
	p 3 7 0 11 0 1 128 192 256 128 192 256
	sY 11  0 0 24 23 40 50 56 53 72 48 88 42 112 29 144 0 176 0 208 0 240 0
	sCb 6 0 32 27 33 54 33 81 21 94 20 255 20
	sCr 2 0 3 255 2
	cY -1 2 -8 15 5 -3 -1 2 -11 28 -45 -10 8 -2 -9 30 -65 88 4 -10 2 18 -49 89
	cCb -3 -4 -4 -2 -3 -4 -2 -4 -2 -4 -7 -5 -2 -4 -4 -3 -9 20 -3 -5 -4 -1 -9 21 -40
	cCr 1 -2 -2 3 -7 -5 4 -2 -7 -5 12 2 -1 -3 -5 -9 10 18 14 5 -5 2 21 5 -1
E 315732084 316566251 1 16514 1
	p 3 7 0 11 0 1 128 192 256 128 192 256
	sY 11  0 0 24 23 40 50 56 53 72 48 88 42 112 29 144 0 176 0 208 0 240 0
	sCb 6 0 29 27 30 54 31 67 27 94 20 255 20
	sCr 2 0 2 255 2
	cY -2 4 -11 18 6 -4 0 4 -16 35 -50 -11 10 -3 -13 38 -74 94 3 -11 3 21 -55 94
	cCb -2 -4 -5 0 -3 -6 0 -5 0 -6 -7 -7 1 -4 -4 -5 -5 17 0 -6 -4 0 -9 19 -38
	cCr 1 -2 -2 4 -12 -7 9 -2 -5 -6 12 -2 4 -2 -6 -10 8 24 21 3 -8 3 19 10 -1
E 316566251 317400417 1 23276 1
	p 3 7 0 11 0 1 128 192 256 128 192 256
	sY 11  0 0 24 23 40 50 56 53 72 48 88 42 112 29 144 0 176 0 208 0 240 0
	sCb 7 0 30 27 30 54 31 67 25 94 17 121 17 255 17
	sCr 2 0 2 255 2
	cY -1 2 -8 15 4 -2 -1 2 -10 24 -41 -7 6 -1 -9 27 -57 82 1 -8 2 17 -45 82
	cCb -3 -4 -4 -1 -4 -4 -2 -4 -3 -4 -6 -5 -1 -4 -4 -4 -7 15 -3 -5 -4 -1 -8 18 -47
	cCr 1 -3 -2 8 -8 -6 7 -2 -9 -7 16 -2 -2 -2 -5 -11 7 19 13 2 -6 6 23 10 -1
E 317400417 318234584 1 30038 1
	p 3 7 0 11 0 1 128 192 256 128 192 256
	sY 11  0 0 24 23 40 50 56 53 72 48 88 42 112 29 144 0 176 0 208 0 240 0
	sCb 7 0 30 27 31 54 30 67 25 94 17 108 17 255 17
	sCr 2 0 2 255 2
	cY -1 2 -8 15 5 -3 0 3 -11 27 -43 -7 7 -2 -10 29 -61 85 1 -8 2 17 -46 85
	cCb -2 -3 -4 -1 -3 -4 -2 -3 -3 -4 -7 -5 -1 -4 -4 -3 -7 17 -3 -5 -4 -1 -8 17 -48
	cCr 1 -2 -2 7 -10 -7 7 -3 -9 -6 15 -2 1 -2 -6 -12 5 22 17 2 -6 7 22 9 -1
E 318234584 319068751 1 36800 1
	p 3 7 0 11 0 1 128 192 256 128 192 256
	sY 11  0 0 24 23 40 50 56 53 72 48 88 42 112 29 144 0 176 0 208 0 240 0
	sCb 6 0 29 27 30 54 30 67 25 94 19 255 19
	sCr 2 0 2 255 2
	cY -1 2 -8 15 4 -2 -1 2 -11 28 -44 -8 7 -2 -10 30 -65 88 2 -9 2 17 -48 87
	cCb -2 -4 -4 -2 -3 -4 -2 -3 -3 -4 -8 -5 -2 -3 -3 -3 -8 18 -4 -4 -4 -1 -9 19 -44
	cCr 1 -2 -2 4 -7 -5 3 -3 -7 -4 14 1 -1 -2 -5 -8 9 19 14 4 -5 2 20 4 -1
E 319068751 319902917 1 43562 1
	p 3 7 0 11 0 1 128 192 256 128 192 256
	sY 11  0 0 24 23 40 50 56 53 72 48 88 42 112 29 144 0 176 0 208 0 240 0
	sCb 6 0 29 27 29 54 30 67 25 94 19 255 19
	sCr 2 0 2 255 2
	cY -1 1 -8 14 5 -3 0 2 -10 28 -44 -8 8 -2 -9 30 -64 87 3 -9 3 16 -47 87
	cCb -3 -3 -4 -1 -3 -4 -3 -3 -3 -4 -8 -4 -2 -3 -3 -3 -8 18 -4 -5 -4 -1 -9 19 -46
	cCr 0 -2 -3 4 -7 -5 4 -3 -7 -4 13 1 -1 -2 -5 -8 9 18 14 5 -5 3 20 4 -1
E 319902917 320737084 1 50324 1
	p 3 7 0 11 0 1 128 192 256 128 192 256
	sY 11  0 0 24 23 40 50 56 53 72 48 88 42 112 29 144 0 176 0 208 0 240 0
	sCb 7 0 29 27 30 54 30 67 24 94 17 108 17 255 17
	sCr 2 0 2 255 2
	cY -1 1 -7 14 4 -2 -1 1 -10 26 -43 -7 6 -2 -8 27 -62 86 2 -8 2 15 -45 86
	cCb -3 -3 -4 -2 -4 -3 -2 -3 -3 -3 -7 -4 -3 -4 -4 -3 -7 17 -4 -4 -4 -2 -8 18 -47
	cCr 0 -2 -2 3 -6 -5 3 -2 -7 -5 12 1 -3 -3 -5 -9 10 19 12 4 -5 1 19 4 -1
E 320737084 321571250 1 57086 1
	p 3 7 0 11 0 1 128 192 256 128 192 256
	sY 11  0 0 24 23 40 50 56 53 72 48 88 42 112 29 144 0 176 0 208 0 240 0
	sCb 6 0 30 27 30 54 30 67 25 94 18 255 18
	sCr 2 0 2 255 2
	cY -1 1 -7 13 4 -2 -1 2 -9 26 -42 -8 7 -2 -9 28 -63 87 2 -8 2 16 -46 87
	cCb -3 -3 -4 -1 -3 -4 -3 -3 -3 -3 -8 -5 -2 -4 -4 -4 -8 17 -4 -5 -4 -2 -8 18 -46
	cCr 0 -3 -2 3 -6 -5 3 -3 -7 -4 13 2 -2 -3 -5 -9 10 18 13 4 -5 3 20 4 -2
E 321571250 322405417 1 63848 1
	p 3 7 0 11 0 1 128 192 256 128 192 256
	sY 11  0 0 24 23 40 50 56 53 72 48 88 42 112 29 144 0 176 0 208 0 240 0
	sCb 7 0 30 27 30 54 29 67 23 94 15 108 15 255 15
	sCr 2 0 2 255 2
	cY -1 1 -7 13 4 -2 -1 1 -9 25 -42 -8 7 -2 -8 27 -61 86 3 -8 2 15 -45 86
	cCb -3 -3 -4 -2 -4 -3 -2 -3 -3 -4 -8 -5 -2 -3 -4 -3 -8 18 -4 -5 -4 -1 -9 18 -47
	cCr 0 -2 -3 3 -6 -5 3 -3 -6 -4 12 2 -2 -4 -5 -8 11 19 12 3 -5 2 19 5 -1
E 322405417 323239584 1 5074 1
	p 3 7 0 11 0 1 128 192 256 128 192 256
	sY 11  0 0 24 23 40 50 56 53 72 48 88 42 112 29 144 0 176 0 208 0 240 0
	sCb 7 0 30 27 30 54 30 81 18 94 16 108 16 255 16
	sCr 2 0 2 255 2
	cY -1 1 -7 13 4 -2 -1 1 -9 25 -42 -8 6 -1 -8 27 -62 86 3 -8 2 15 -45 87
	cCb -3 -3 -4 -2 -4 -4 -2 -3 -4 -3 -7 -4 -3 -3 -4 -3 -8 18 -4 -5 -3 -2 -8 18 -46
	cCr 0 -2 -2 3 -7 -4 2 -2 -6 -4 12 1 -2 -3 -5 -8 10 18 13 4 -5 2 19 5 -1
E 323239584 324073750 1 11836 1
	p 3 7 0 11 0 1 128 192 256 128 192 256
	sY 11  0 0 24 23 40 50 56 53 72 48 88 42 112 29 144 0 176 0 208 0 240 0
	sCb 6 0 31 27 31 54 31 81 19 94 17 255 17
	sCr 2 0 2 255 2
	cY -1 1 -7 13 4 -2 -1 1 -9 26 -42 -8 6 -1 -8 27 -62 86 2 -8 1 15 -44 85
	cCb -3 -4 -4 -2 -3 -3 -3 -4 -2 -3 -8 -4 -3 -3 -4 -3 -8 17 -4 -5 -3 -1 -8 17 -46
	cCr 0 -2 -2 3 -7 -4 3 -3 -6 -4 12 1 -1 -4 -6 -8 10 20 13 3 -6 0 18 6 -2
E 324073750 324490834 1 7391 1
	p 3 7 0 11 0 1 128 192 256 128 192 256
	sY 11  0 0 24 23 40 22 56 0 72 0 88 0 112 0 144 0 176 0 208 0 240 0
	sCb 5 0 1 27 1 40 2 54 2 255 2
	sCr 2 0 0 255 0
	cY 3 -5 -2 9 10 0 -3 -6 2 27 -36 -25 9 2 -2 33 -88 92 23 -17 2 17 -63 122
	cCb -1 -1 -7 0 13 -22 7 -4 7 -5 1 -35 24 -8 -3 -3 -25 45 23 -14 -6 2 -21 69 -2
	cCr 1 -1 -1 12 -15 -15 17 -2 -4 -10 12 -13 11 -2 -6 -18 -6 32 36 3 -11 9 20 30 -2
E 324490834 325325000 1 10772 1
	p 3 7 0 11 0 1 128 192 256 128 192 256
	sY 11  0 0 24 23 40 22 56 0 72 0 88 0 112 0 144 0 176 0 208 0 240 0
	sCb 4 0 1 27 1 40 2 255 2
	sCr 2 0 0 255 0
	cY 0 0 -3 9 4 0 -1 0 -1 17 -31 -11 3 2 -1 17 -57 80 11 -7 0 11 -42 98
	cCb -2 -2 -2 0 -3 -3 -1 -3 -2 -3 -1 -4 -2 -3 -2 -4 -8 25 3 -4 -5 -3 -7 39 -8
	cCr 0 -2 -3 4 -6 -4 2 -1 -5 -6 8 -3 -3 -1 -2 -12 2 31 20 4 -4 2 16 29 -4
E 325325000 326159167 1 17534 1
	p 3 7 0 11 0 1 128 192 256 128 192 256
	sY 11  0 0 24 23 40 22 56 0 72 0 88 0 112 0 144 0 176 0 208 0 240 0
	sCb 5 0 1 27 1 40 2 54 2 255 2
	sCr 2 0 0 255 0
	cY 0 0 -4 10 4 1 -1 -1 -1 18 -32 -12 3 2 -1 18 -59 81 11 -8 1 11 -42 98
	cCb -1 -3 -2 -2 -2 -4 -2 -3 -1 -3 -3 -4 -2 -3 -2 -4 -9 27 3 -3 -6 -2 -9 41 -9
	cCr 0 -1 -2 5 -8 -5 5 0 -5 -7 8 -3 -2 -2 -4 -14 2 31 21 4 -6 1 17 30 -4
E 326159167 326993334 1 24296 1
	p 3 7 0 11 0 1 128 192 256 128 192 256
	sY 11  0 0 24 23 40 22 56 0 72 0 88 0 112 0 144 0 176 0 208 0 240 0
	sCb 4 0 1 27 1 40 2 255 2
	sCr 2 0 0 255 0
	cY 0 0 -2 9 4 1 -1 -1 -1 16 -31 -11 2 1 -2 18 -57 80 11 -7 0 11 -40 96
	cCb -2 -2 -4 1 -2 -4 -1 -2 -2 -4 -6 -5 -1 -2 -2 -4 -8 32 5 -6 -5 -2 -9 43 -9
	cCr 0 -1 -1 2 -6 -4 2 -1 -3 -6 5 -2 -3 -1 -3 -13 4 30 20 3 -5 0 15 31 -5
E 326993334 327827500 1 31058 1
	p 3 7 0 11 0 1 128 192 256 128 192 256
	sY 11  0 0 24 23 40 22 56 0 72 0 88 0 112 0 144 0 176 0 208 0 240 0
	sCb 4 0 1 27 1 40 2 255 2
	sCr 2 0 0 255 0
	cY 0 0 -3 8 5 1 -1 0 -1 17 -30 -11 2 2 -2 19 -58 80 11 -7 1 12 -43 98
	cCb -1 -3 -3 0 -4 -2 -2 -2 -2 -3 -3 -5 -2 -2 -3 -3 -7 26 4 -5 -5 -3 -10 40 -7
	cCr 0 0 -1 4 -6 -5 3 -1 -3 -7 7 -3 -3 -2 -4 -12 3 31 20 4 -5 0 16 30 -4
E 327827500 328661667 1 37820 1
	p 3 7 0 11 0 1 128 192 256 128 192 256
	sY 11  0 0 24 23 40 22 56 0 72 0 88 0 112 0 144 0 176 0 208 0 240 0
	sCb 5 0 1 27 1 40 2 54 2 255 2
	sCr 2 0 0 255 0
	cY -1 1 -3 9 4 1 -1 0 -2 16 -31 -10 2 2 -2 16 -53 78 10 -6 0 11 -39 93
	cCb -2 -3 -3 -1 -3 -2 -4 -2 -2 -4 -5 -5 -2 -3 -3 -3 -8 30 4 -5 -5 -3 -9 41 -7
	cCr 0 -1 -2 2 -5 -3 2 0 -4 -7 5 -3 -4 -3 -2 -11 7 30 19 4 -4 0 15 29 -5
E 328661667 329495834 1 44582 1
	p 3 7 0 11 0 1 128 192 256 128 192 256
	sY 11  0 0 24 23 40 22 56 0 72 0 88 0 112 0 144 0 176 0 208 0 240 0
	sCb 5 0 1 27 1 40 2 54 2 255 2
	sCr 2 0 0 255 0
	cY 0 1 -3 10 4 1 -1 0 -2 17 -32 -10 2 1 -2 17 -55 80 11 -7 1 11 -41 95
	cCb -1 -2 -3 0 -3 -3 -2 -2 -2 -3 -3 -4 -2 -2 -3 -5 -6 29 4 -4 -5 -3 -9 39 -7
	cCr 0 -1 -2 3 -6 -4 3 0 -5 -7 7 -3 -3 -1 -2 -11 4 31 19 4 -5 0 14 29 -4
E 329495834 330330000 1 51344 1
	p 3 7 0 11 0 1 128 192 256 128 192 256
	sY 11  0 0 24 23 40 22 56 0 72 0 88 0 112 0 144 0 176 0 208 0 240 0
	sCb 4 0 1 27 1 40 2 255 2
	sCr 2 0 0 255 0
	cY 0 1 -3 10 4 1 -1 0 -2 16 -31 -10 2 2 -2 16 -53 78 10 -6 0 11 -39 94
	cCb -1 -3 -2 -2 -2 -3 -2 -3 -2 -2 -6 -3 -1 -4 -2 -5 -7 29 4 -4 -5 -2 -10 42 -6
	cCr 0 -1 -3 2 -5 -4 2 0 -4 -6 6 -4 -3 -1 -3 -11 5 29 18 3 -5 -1 15 29 -5
E 330330000 331164167 1 58106 1
	p 3 7 0 11 0 1 128 192 256 128 192 256
	sY 11  0 0 24 23 40 22 56 0 72 0 88 0 112 0 144 0 176 0 208 0 240 0
	sCb 4 0 1 27 1 40 2 255 2
	sCr 2 0 0 255 0
	cY -1 1 -3 9 4 1 -1 0 -2 17 -31 -10 2 1 -2 17 -54 79 10 -7 1 12 -40 94
	cCb -2 -1 -3 -2 -3 -3 -2 -1 -3 -4 -3 -4 -1 -3 -3 -3 -8 27 1 -4 -5 -3 -10 40 -9
	cCr -1 -1 -2 2 -6 -4 3 -1 -4 -7 6 -3 -3 -2 -3 -12 5 31 20 4 -5 0 16 29 -5
E 331164167 331998334 1 64868 1
	p 3 7 0 11 0 1 128 192 256 128 192 256
	sY 11  0 0 24 23 40 22 56 0 72 0 88 0 112 0 144 0 176 0 208 0 240 0
	sCb 4 0 1 27 1 40 2 255 2
	sCr 2 0 0 255 0
	cY 0 0 -3 10 4 1 -1 0 -2 17 -31 -10 2 2 -2 17 -55 79 10 -6 0 12 -41 95
	cCb -2 -2 -3 -1 -3 -3 -2 -1 -2 -2 -4 -4 -2 -3 -3 -4 -6 27 4 -5 -5 -2 -9 42 -8
	cCr 0 -1 -2 3 -5 -4 2 0 -4 -7 6 -2 -3 -2 -3 -12 5 30 18 4 -4 -1 15 29 -5
E 331998334 332832500 1 6094 1
	p 3 7 0 11 0 1 128 192 256 128 192 256
	sY 11  0 0 24 23 40 22 56 0 72 0 88 0 112 0 144 0 176 0 208 0 240 0
	sCb 4 0 2 27 2 40 2 255 2
	sCr 2 0 0 255 0
	cY 0 0 -3 9 4 1 -1 0 -1 16 -31 -10 2 2 -2 17 -54 79 10 -7 0 11 -40 94
	cCb -2 -1 -4 -1 -3 -3 -3 -3 -1 -4 -3 -5 -1 -3 -2 -4 -7 26 2 -4 -5 -1 -9 39 -8
	cCr 0 -2 -1 3 -5 -3 3 0 -4 -7 7 -3 -2 -1 -2 -11 4 30 19 3 -5 0 14 30 -5
E 332832500 333666667 1 12856 1
	p 3 7 0 11 0 1 128 192 256 128 192 256
	sY 11  0 0 24 23 40 22 56 0 72 0 88 0 112 0 144 0 176 0 208 0 240 0
	sCb 4 0 2 27 1 40 2 255 2
	sCr 2 0 0 255 0
	cY -1 1 -3 9 3 2 -1 1 -3 16 -30 -10 1 2 -2 17 -53 78 10 -5 0 11 -40 93
	cCb -2 -2 -4 -1 -3 -4 -2 -2 -2 -3 -5 -3 -3 -3 -3 -4 -7 27 3 -5 -5 -3 -9 39 -7
	cCr 1 -1 -1 3 -5 -4 1 0 -4 -7 5 -2 -3 -1 -3 -11 6 30 18 4 -5 -1 14 28 -6
E 333666667 334500834 1 19618 1
	p 3 7 0 11 0 1 128 192 256 128 192 256
	sY 11  0 0 24 23 40 22 56 0 72 0 88 0 112 0 144 0 176 0 208 0 240 0
	sCb 4 0 1 27 1 40 2 255 2
	sCr 2 0 0 255 0
	cY 0 -1 -3 9 5 2 -2 -1 0 18 -32 -14 3 2 -2 21 -64 82 14 -9 1 14 -48 104
	cCb -1 -2 -5 1 1 -10 3 -3 3 -4 -3 -16 10 -5 -2 -5 -10 28 14 -10 -6 0 -14 49 -5
	cCr 0 -1 -3 8 -10 -12 13 1 -3 -9 8 -11 7 -1 -5 -14 -6 32 27 1 -9 4 17 31 -4
E 334500834 335335000 1 26380 1
	p 3 7 0 11 0 1 128 192 256 128 192 256
	sY 11  0 0 24 23 40 22 56 0 72 0 88 0 112 0 144 0 176 0 208 0 240 0
	sCb 4 0 1 27 1 40 1 255 1
	sCr 2 0 0 255 0
	cY 0 0 -3 9 5 1 -1 -1 -2 20 -34 -12 2 2 -2 21 -63 83 12 -8 0 12 -45 101
	cCb -1 -2 -2 2 -1 -3 -1 -2 2 -3 -9 -12 2 -2 -1 -5 -15 46 12 -6 -6 1 -17 60 -1
	cCr 0 -2 -2 4 -7 -5 3 -1 -4 -7 6 -2 -2 -2 -3 -11 4 29 23 6 -6 2 16 28 -4
E 335335000 336169167 1 33142 1
	p 3 7 0 11 0 1 128 192 256 128 192 256
	sY 11  0 0 24 23 40 22 56 0 72 0 88 0 112 0 144 0 176 0 208 0 240 0
	sCb 4 0 1 27 1 40 1 255 1
	sCr 2 0 0 255 0
	cY 0 0 -4 10 5 1 -1 -1 -2 19 -33 -13 2 2 -2 20 -62 83 12 -7 0 12 -44 101
	cCb -2 -2 -4 1 0 -4 0 -1 2 -4 -10 -11 0 -1 -3 -3 -13 44 14 -4 -8 2 -20 60 -1
	cCr 0 -2 -2 4 -7 -5 5 -1 -4 -7 6 -4 -1 -2 -3 -13 2 29 23 5 -6 1 14 31 -4
E 336169167 337003334 1 39904 1
	p 3 7 0 11 0 1 128 192 256 128 192 256
	sY 11  0 0 24 23 40 22 56 0 72 0 88 0 112 0 144 0 176 0 208 0 240 0
	sCb 4 0 1 27 1 40 2 255 2
	sCr 2 0 0 255 0
	cY 0 0 -3 9 5 1 -1 0 -1 17 -31 -11 2 2 -2 18 -57 79 11 -7 0 12 -42 97
	cCb -2 -2 -3 -1 -2 -3 -1 -2 -1 -4 -4 -8 1 -4 -3 -4 -8 29 5 -6 -6 -1 -12 45 -6
	cCr 0 -2 0 3 -6 -4 3 0 -5 -6 6 -3 -2 -1 -3 -11 3 30 19 4 -6 0 15 30 -5
E 337003334 337837500 1 46666 1
	p 3 7 0 11 0 1 128 192 256 128 192 256
	sY 11  0 0 24 23 40 22 56 0 72 0 88 0 112 0 144 0 176 0 208 0 240 0
	sCb 4 0 1 27 1 40 2 255 2
	sCr 2 0 0 255 0
	cY 0 0 -4 10 4 1 -1 -1 -1 18 -32 -11 3 1 -1 19 -59 80 10 -7 0 11 -42 98
	cCb -3 -1 -5 -1 -4 -3 -2 -3 -1 -3 -3 -5 -2 -3 -2 -5 -10 28 2 -5 -5 -3 -8 39 -10
	cCr 0 -1 -2 4 -7 -4 4 0 -4 -7 8 -3 -3 -1 -3 -12 3 32 19 3 -6 0 13 31 -5
E 337837500 338671667 1 53428 1
	p 3 7 0 11 0 1 128 192 256 128 192 256
	sY 11  0 0 24 23 40 22 56 0 72 0 88 0 112 0 144 0 176 0 208 0 240 0
	sCb 4 0 1 27 1 40 2 255 2
	sCr 2 0 0 255 0
	cY 0 0 -3 9 4 1 -1 0 -1 17 -31 -10 2 2 -2 17 -56 78 11 -7 0 11 -40 96
	cCb -2 -2 -1 -1 -3 -3 -3 -2 -3 -3 -3 -6 -2 -3 -3 -6 -8 31 3 -4 -6 -4 -7 40 -8
	cCr -1 0 -2 4 -6 -4 3 0 -4 -7 6 -4 -2 -2 -3 -11 4 30 19 3 -5 1 14 28 -5
E 338671667 339505834 1 60190 1
	p 3 7 0 11 0 1 128 192 256 128 192 256
	sY 11  0 0 24 23 40 22 56 0 72 0 88 0 112 0 144 0 176 0 208 0 240 0
	sCb 4 0 1 27 1 40 2 255 2
	sCr 2 0 0 255 0
	cY 0 0 -3 9 4 1 -1 -1 -1 17 -31 -11 2 2 -1 17 -56 79 11 -7 0 11 -41 96
	cCb -1 -3 -4 -1 -3 -3 -2 -2 -2 -3 -4 -5 0 -4 -2 -2 -9 29 3 -5 -5 -3 -10 42 -8
	cCr -1 -1 -2 4 -6 -4 4 0 -5 -7 6 -4 -2 -1 -2 -12 2 31 20 4 -5 1 15 30 -5
E 339505834 340340000 1 1416 1
	p 3 7 0 11 0 1 128 192 256 128 192 256
	sY 11  0 0 24 23 40 22 56 0 72 0 88 0 112 0 144 0 176 0 208 0 240 0
	sCb 4 0 1 27 1 40 2 255 2
	sCr 2 0 0 255 0
	cY 0 0 -3 9 4 1 -1 0 -1 17 -30 -11 2 2 -2 17 -57 79 11 -7 0 11 -41 96
	cCb -2 -2 -3 0 -3 -3 -2 -2 0 -4 -6 -4 -2 -2 -2 -4 -8 32 7 -4 -8 0 -11 45 -6
	cCr 1 -2 -1 3 -7 -4 4 0 -4 -7 7 -3 -3 0 -3 -12 3 30 19 3 -7 0 15 29 -5
E 340340000 341174167 1 8178 1
	p 3 7 0 11 0 1 128 192 256 128 192 256
	sY 11  0 0 24 23 40 22 56 0 72 0 88 0 112 0 144 0 176 0 208 0 240 0
	sCb 4 0 1 27 1 40 2 255 2
	sCr 2 0 0 255 0
	cY 0 0 -3 9 4 1 -1 0 -2 17 -31 -10 2 2 -2 18 -57 80 10 -6 0 11 -40 95
	cCb -2 -3 -4 0 -4 -3 -1 -2 -1 -3 -6 -3 -3 -2 -3 -5 -7 28 3 -5 -6 -2 -10 42 -8
	cCr 0 0 -1 3 -5 -4 3 1 -4 -7 8 -3 -3 -2 -3 -13 3 31 18 4 -6 0 15 30 -5
E 341174167 342008334 1 14940 1
	p 3 7 0 11 0 1 128 192 256 128 192 256
	sY 11  0 0 24 23 40 22 56 0 72 0 88 0 112 0 144 0 176 0 208 0 240 0
	sCb 4 0 1 27 1 40 2 255 2
	sCr 2 0 0 255 0
	cY 0 0 -3 9 3 1 -1 0 -1 16 -31 -9 1 1 -2 16 -55 79 10 -6 1 11 -40 95
	cCb -2 -3 -2 -2 -2 -2 -2 -3 -2 -2 -5 -5 -2 -3 -3 -3 -9 27 3 -5 -6 -2 -9 40 -8
	cCr 1 0 -1 3 -6 -4 2 0 -4 -7 7 -2 -3 -1 -3 -12 5 30 18 3 -6 -1 14 28 -6
E 342008334 342842500 1 21702 1
	p 3 7 0 11 0 1 128 192 256 128 192 256
	sY 11  0 0 24 23 40 22 56 0 72 0 88 0 112 0 144 0 176 0 208 0 240 0
	sCb 4 0 1 27 1 40 2 255 2
	sCr 2 0 0 255 0
	cY 0 0 -3 9 3 1 -1 0 -1 16 -31 -10 2 1 -2 17 -55 78 11 -6 1 11 -40 95
	cCb -1 -2 -3 -2 -3 -4 -1 -4 -1 -3 -3 -6 0 -4 -3 -3 -9 26 3 -4 -6 -4 -8 37 -8
	cCr 1 -1 -3 3 -5 -4 3 0 -4 -6 8 -4 -3 -2 -4 -13 3 30 18 3 -5 0 16 29 -5
E 342842500 343676667 1 28464 1
	p 3 7 0 11 0 1 128 192 256 128 192 256
	sY 11  0 0 24 23 40 22 56 0 72 0 88 0 112 0 144 0 176 0 208 0 240 0
	sCb 4 0 1 27 1 40 2 255 2
	sCr 2 0 0 255 0
	cY 0 0 -3 9 3 1 0 0 -1 15 -30 -10 2 1 -2 15 -52 77 10 -6 0 10 -38 92
	cCb -2 -2 -3 -2 -2 -3 -1 -2 -3 -3 -2 -4 -2 -3 -4 -3 -7 25 2 -5 -6 -2 -8 38 -8
	cCr 0 0 -2 1 -4 -3 3 0 -4 -6 7 -2 -4 -2 -2 -11 5 29 17 3 -4 0 14 28 -6
E 343676667 344510834 1 35226 1
	p 3 7 0 11 0 1 128 192 256 128 192 256
	sY 11  0 0 24 23 40 22 56 0 72 0 88 0 112 0 144 0 176 0 208 0 240 0
	sCb 4 0 1 27 1 40 2 255 2
	sCr 2 0 0 255 0
	cY 0 0 -3 9 5 1 -1 -1 0 18 -32 -13 2 2 -2 20 -62 82 14 -9 1 13 -46 101
	cCb -3 -3 -4 0 0 -10 3 -2 1 -5 -3 -14 7 -4 -3 -4 -12 31 11 -9 -6 1 -12 48 -6
	cCr 1 1 -3 6 -9 -8 9 0 -1 -8 8 -10 5 -2 -4 -14 -5 34 22 -1 -7 4 16 34 -5
E 344510834 345345000 1 41988 1
	p 3 7 0 11 0 1 128 192 256 128 192 256
	sY 11  0 0 24 23 40 22 56 0 72 0 88 0 112 0 144 0 176 0 208 0 240 0
	sCb 4 0 1 27 1 40 2 255 2
	sCr 2 0 0 255 0
	cY 0 0 -3 10 5 1 -1 -1 -2 19 -34 -12 2 2 -2 20 -63 83 13 -8 0 12 -46 101
	cCb -2 -3 -4 1 -1 -4 -1 -2 0 -2 -7 -9 0 -2 -1 -4 -14 38 8 -7 -5 0 -13 50 -2
	cCr 1 -1 -1 4 -6 -4 4 -1 -5 -5 8 -3 -2 -3 -4 -13 5 29 21 5 -6 2 16 28 -4
E 345345000 346179167 1 48750 1
	p 3 7 0 11 0 1 128 192 256 128 192 256
	sY 11  0 0 24 23 40 22 56 0 72 0 88 0 112 0 144 0 176 0 208 0 240 0
	sCb 4 0 1 27 1 40 1 255 1
	sCr 2 0 0 255 0
	cY 0 0 -3 10 5 1 -1 -1 -2 20 -34 -13 3 1 -2 21 -63 84 12 -9 1 13 -46 101
	cCb 0 -4 -4 1 -2 -3 -1 -4 2 -2 -7 -8 1 -3 -2 -2 -14 38 7 -4 -6 0 -14 49 -2
	cCr 0 -1 -1 5 -7 -5 5 -1 -4 -7 9 -3 -2 -1 -3 -13 3 30 21 3 -5 2 16 28 -4
E 346179167 347013334 1 55512 1
	p 3 7 0 11 0 1 128 192 256 128 192 256
	sY 11  0 0 24 23 40 22 56 0 72 0 88 0 112 0 144 0 176 0 208 0 240 0
	sCb 4 0 1 27 1 40 2 255 2
	sCr 2 0 0 255 0
	cY 0 0 -3 9 5 1 -1 0 -1 17 -31 -11 3 2 -2 17 -57 80 11 -8 1 12 -43 97
	cCb -1 -3 -3 -1 -3 -5 -1 -3 -2 -4 -4 -5 0 -3 -3 -4 -8 27 1 -5 -5 -3 -6 35 -8
	cCr 1 -1 -1 4 -6 -4 4 0 -4 -7 8 -4 -3 -2 -3 -12 4 31 20 3 -5 1 15 29 -5
E 347013334 347847500 1 62274 1
	p 3 7 0 11 0 1 128 192 256 128 192 256
	sY 11  0 0 24 23 40 22 56 0 72 0 88 0 112 0 144 0 176 0 208 0 240 0
	sCb 5 0 2 27 2 40 2 67 2 255 2
	sCr 2 0 0 255 1
	cY -1 1 -4 10 5 1 -1 0 -2 18 -32 -11 3 2 -3 19 -58 81 11 -8 1 13 -43 96
	cCb -3 -3 -3 -2 -2 -4 -2 -3 -1 -4 -5 -4 -1 -3 -3 -4 -8 27 1 -4 -4 -1 -10 37 -7
	cCr 1 0 -2 4 -6 -5 5 -1 -4 -8 8 -4 -2 -2 -2 -13 3 31 19 2 -6 1 15 29 -5
E 347847500 348681667 1 3500 1
	p 3 7 0 11 0 1 128 192 256 128 192 256
	sY 11  0 0 24 23 40 22 56 0 72 0 88 0 112 0 144 0 176 0 208 0 240 0
	sCb 4 0 2 27 1 40 2 255 2
	sCr 2 0 0 255 0
	cY 0 1 -4 10 4 1 -1 0 -1 17 -31 -10 3 1 -2 17 -55 79 9 -7 1 12 -41 94
	cCb -2 -2 -4 -1 -4 -2 -1 -2 -3 -3 -6 -4 -2 -4 -3 -3 -7 26 3 -5 -4 -3 -8 35 -7
	cCr 0 -1 -2 3 -5 -4 3 0 -4 -7 7 -3 -4 -2 -3 -12 5 31 17 3 -3 0 16 29 -6
E 348681667 349515834 1 10262 1
	p 3 7 0 11 0 1 128 192 256 128 192 256
	sY 11  0 0 24 23 40 22 56 0 72 0 88 0 112 0 144 0 176 0 208 0 240 0
	sCb 4 0 2 27 2 40 2 255 3
	sCr 2 0 0 255 1
	cY -1 1 -3 10 4 1 -1 0 -2 17 -32 -10 2 2 -3 19 -56 80 10 -7 1 12 -42 95
	cCb -2 -3 -3 -2 -2 -4 -1 -2 -2 -2 -6 -5 -2 -2 -3 -4 -7 28 1 -6 -4 -2 -10 38 -8
	cCr 0 0 -3 3 -7 -3 3 0 -4 -7 7 -3 -3 -2 -2 -13 3 31 18 3 -5 0 15 30 -6
E 349515834 350350000 1 17024 1
	p 3 7 0 11 0 1 128 192 256 128 192 256
	sY 11  0 0 24 23 40 22 56 0 72 0 88 0 112 0 144 0 176 0 208 0 240 0
	sCb 4 0 1 27 1 40 2 255 2
	sCr 2 0 0 255 0
	cY 0 1 -3 9 4 1 -1 0 -2 16 -31 -10 3 1 -2 17 -55 78 10 -7 1 12 -41 95
	cCb -3 -1 -3 -1 -4 -3 -2 -3 -3 -3 -5 -3 -3 -3 -2 -3 -9 25 0 -5 -5 -2 -8 35 -10
	cCr 0 -2 -2 4 -6 -4 3 0 -4 -7 6 -3 -3 -2 -3 -11 3 31 19 4 -5 0 15 32 -5
E 350350000 351184167 1 23786 1
	p 3 7 0 11 0 1 128 192 256 128 192 256
	sY 11  0 0 24 23 40 22 56 0 72 0 88 0 112 0 144 0 176 0 208 0 240 0
	sCb 4 0 1 27 1 40 2 255 2
	sCr 2 0 0 255 0
	cY 0 0 -3 9 4 1 -1 0 -1 17 -31 -10 3 2 -2 19 -57 80 10 -7 1 12 -41 95
	cCb -2 -2 -3 -2 -3 -4 -2 -3 -1 -4 -4 -4 -1 -3 -3 -4 -6 26 3 -6 -5 -2 -7 35 -8
	cCr 1 -2 -2 3 -7 -4 3 0 -3 -8 8 -4 -2 -1 -3 -13 2 31 20 2 -5 1 16 31 -5
E 351184167 352018334 1 30548 1
	p 3 7 0 11 0 1 128 192 256 128 192 256
	sY 11  0 0 24 23 40 22 56 0 72 0 88 0 112 0 144 0 176 0 208 0 240 0
	sCb 4 0 1 27 1 40 2 255 2
	sCr 2 0 0 255 0
	cY 0 1 -4 9 4 1 -1 0 -1 16 -30 -10 2 2 -2 16 -54 77 10 -6 1 11 -40 95
	cCb -2 -3 -3 -1 -3 -3 -3 -2 -2 -3 -3 -5 -2 -3 -4 -5 -8 25 1 -5 -6 -2 -6 33 -11
	cCr 1 -2 -1 2 -5 -3 3 0 -3 -7 5 -3 -3 -2 -3 -12 5 31 18 4 -5 0 14 30 -5
E 352018334 352852500 1 37310 1
	p 3 7 0 11 0 1 128 192 256 128 192 256
	sY 11  0 0 24 23 40 22 56 0 72 0 88 0 112 0 144 0 176 0 208 0 240 0
	sCb 4 0 1 27 1 40 2 255 2
	sCr 2 0 0 255 0
	cY 0 0 -3 9 4 1 -1 -1 -1 17 -31 -10 3 1 -2 17 -56 79 10 -7 1 11 -40 95
	cCb -3 -2 -3 -1 -2 -4 -1 -1 -2 -3 -4 -6 -1 -3 -4 -3 -8 29 2 -4 -6 -2 -9 35 -9
	cCr 1 -1 -1 3 -6 -5 3 0 -4 -6 7 -4 -2 -1 -3 -13 4 33 19 3 -6 1 15 30 -5
E 352852500 353686667 1 44072 1
	p 3 7 0 11 0 1 128 192 256 128 192 256
	sY 11  0 0 24 23 40 22 56 0 72 0 88 0 112 0 144 0 176 0 208 0 240 0
	sCb 4 0 1 27 1 40 2 255 2
	sCr 2 0 0 255 0
	cY 0 1 -3 9 4 0 0 0 -1 16 -30 -10 2 1 -1 15 -53 77 10 -7 0 10 -39 94
	cCb -2 -3 -3 -2 -2 -4 -2 -4 -3 -3 -3 -4 -1 -4 -3 -4 -8 24 1 -5 -4 -4 -7 34 -10
	cCr 0 -1 -2 4 -4 -4 3 -1 -4 -7 7 -3 -3 -2 -3 -11 5 31 17 3 -5 0 16 28 -5
E 353686667 354520834 1 50834 1
	p 3 7 0 11 0 1 128 192 256 128 192 256
	sY 11  0 0 24 23 40 22 56 0 72 0 88 0 112 0 144 0 176 0 208 0 240 0
	sCb 4 0 1 27 1 40 2 255 2
	sCr 2 0 0 255 0
	cY 1 -2 -2 8 6 1 -1 -2 0 18 -31 -14 3 2 -1 20 -65 83 14 -9 0 11 -45 104
	cCb -1 -4 -4 0 4 -12 4 -5 3 -5 -3 -17 11 -6 -3 -5 -12 29 13 -11 -5 0 -16 52 -9
	cCr 1 0 -2 9 -10 -12 12 0 -3 -9 10 -12 7 -2 -4 -14 -7 33 27 0 -8 4 17 35 -4
E 354520834 355355000 1 57596 1
	p 3 7 0 11 0 1 128 192 256 128 192 256
	sY 11  0 0 24 23 40 22 56 0 72 0 88 0 112 0 144 0 176 0 208 0 240 0
	sCb 4 0 1 27 1 40 1 255 1
	sCr 2 0 0 255 0
	cY 0 -1 -3 9 5 1 -1 -1 -1 19 -32 -12 2 1 -1 19 -63 82 13 -8 1 11 -44 102
	cCb 0 -3 -3 0 0 -4 -1 -4 1 -3 -6 -8 2 -2 -3 -3 -14 36 10 -6 -6 -1 -13 54 -6
	cCr 0 -2 -2 6 -6 -6 3 -1 -5 -8 11 -3 -4 -2 -4 -13 3 31 21 4 -5 3 18 28 -4
E 355355000 356189167 1 64358 1
	p 3 7 0 11 0 1 128 192 256 128 192 256
	sY 11  0 0 24 23 40 22 56 0 72 0 88 0 112 0 144 0 176 0 208 0 240 0
	sCb 4 0 1 27 1 40 1 255 1
	sCr 2 0 0 255 0
	cY 0 0 -3 9 5 1 -1 -1 -1 19 -31 -12 3 2 -1 19 -63 82 12 -8 1 11 -43 102
	cCb -1 -1 -3 -1 -2 -4 -2 -2 0 -3 -4 -8 1 -1 -1 -5 -13 36 8 -5 -8 -2 -12 55 -5
	cCr 0 -2 -2 5 -7 -6 5 0 -5 -7 8 -3 -1 -2 -3 -12 3 30 21 4 -6 3 16 29 -4
E 356189167 357023334 1 5584 1
	p 3 7 0 11 0 1 128 192 256 128 192 256
	sY 11  0 0 24 23 40 22 56 0 72 0 88 0 112 0 144 0 176 0 208 0 240 0
	sCb 4 0 1 27 1 40 2 255 2
	sCr 2 0 0 255 0
	cY 0 0 -3 9 4 1 -1 -1 -1 16 -29 -10 3 1 -1 16 -56 78 11 -7 1 10 -39 96
	cCb -2 -2 -3 1 -3 -3 -3 -4 -2 -3 -3 -4 -2 -2 -2 -3 -10 25 2 -5 -5 -4 -7 40 -13
	cCr 0 -2 -1 4 -5 -4 2 0 -4 -8 8 -4 -4 -1 -3 -12 3 31 19 4 -4 1 17 30 -5
E 357023334 357857500 1 12346 1
	p 3 7 0 11 0 1 128 192 256 128 192 256
	sY 11  0 0 24 23 40 22 56 0 72 0 88 0 112 0 144 0 176 0 208 0 240 0
	sCb 5 0 1 27 1 40 2 67 2 255 2
	sCr 2 0 0 255 0
	cY 0 0 -3 9 4 1 -1 -1 0 16 -29 -10 3 1 -1 17 -57 79 10 -6 1 10 -39 96
	cCb -3 -3 -4 0 -3 -4 -1 -3 -2 -2 -5 -5 -1 -3 -2 -4 -10 28 1 -6 -6 -2 -8 39 -12
	cCr 0 -1 -3 4 -6 -4 4 0 -5 -7 9 -4 -3 -2 -3 -13 4 31 18 4 -5 2 17 29 -5
E 357857500 358691667 1 19108 1
	p 3 7 0 11 0 1 128 192 256 128 192 256
	sY 11  0 0 24 23 40 22 56 0 72 0 88 0 112 0 144 0 176 0 208 0 240 0
	sCb 5 0 1 27 1 40 2 67 2 255 2
	sCr 2 0 0 255 0
	cY -1 0 -3 8 4 1 -1 -1 0 15 -29 -10 3 1 -2 17 -55 79 9 -6 1 10 -37 94
	cCb -2 -3 -5 1 -3 -4 -3 -2 -2 -3 -4 -6 -2 -3 -3 -3 -8 26 2 -4 -6 -3 -7 39 -11
	cCr 0 -2 -2 5 -4 -5 3 0 -5 -7 8 -2 -4 -2 -3 -12 4 30 17 3 -4 1 17 30 -5
E 358691667 359525834 1 25870 1
	p 3 7 0 11 0 1 128 192 256 128 192 256
	sY 11  0 0 24 23 40 22 56 0 72 0 88 0 112 0 144 0 176 0 208 0 240 0
	sCb 4 0 1 27 1 40 2 255 2
	sCr 2 0 0 255 0
	cY -1 0 -2 9 4 1 -1 -1 0 16 -30 -10 2 1 -2 17 -56 79 9 -6 1 10 -38 95
	cCb -2 -3 -4 -2 -4 -3 -2 -2 -2 -2 -5 -4 -2 -3 -3 -4 -7 27 2 -5 -6 -2 -8 37 -11
	cCr 0 -1 -2 4 -5 -4 3 1 -4 -6 7 -2 -4 -2 -3 -12 4 31 18 3 -5 1 16 29 -5
E 359525834 360360000 1 32632 1
	p 3 7 0 11 0 1 128 192 256 128 192 256
	sY 11  0 0 24 23 40 22 56 0 72 0 88 0 112 0 144 0 176 0 208 0 240 0
	sCb 4 0 1 27 1 40 2 255 2
	sCr 2 0 0 255 0
	cY 0 0 -3 9 4 1 -1 -1 -1 16 -30 -9 2 1 -1 17 -54 78 9 -6 1 10 -38 93
	cCb -3 -2 -3 -3 -3 -3 -2 -3 -2 -3 -6 -5 0 -3 -3 -4 -8 26 1 -6 -4 -3 -8 39 -12
	cCr 1 -1 -1 4 -4 -3 2 0 -5 -6 9 -2 -4 -3 -3 -11 6 30 17 3 -4 0 16 28 -6
E 360360000 361194167 1 39394 1
	p 3 7 0 11 0 1 128 192 256 128 192 256
	sY 11  0 0 24 23 40 22 56 0 72 0 88 0 112 0 144 0 176 0 208 0 240 0
	sCb 5 0 1 27 1 40 2 81 2 255 2
	sCr 2 0 0 255 0
	cY -1 0 -3 9 4 1 -1 0 -1 16 -30 -10 2 2 -2 18 -55 78 10 -7 1 11 -39 95
	cCb -2 -3 -4 -2 -4 -3 -2 -3 -2 -4 -4 -3 -3 -4 -3 -5 -9 25 1 -5 -5 -1 -8 40 -10
	cCr 0 -1 -1 4 -5 -4 3 0 -3 -6 7 -3 -3 -2 -3 -12 4 32 19 3 -4 1 15 31 -5
E 361194167 362028334 1 46156 1
	p 3 7 0 11 0 1 128 192 256 128 192 256
	sY 11  0 0 24 23 40 22 56 0 72 0 88 0 112 0 144 0 176 0 208 0 240 0
	sCb 4 0 1 27 1 40 2 255 2
	sCr 2 0 0 255 0
	cY -1 0 -3 9 4 1 -1 0 -1 16 -29 -10 2 1 -2 17 -55 78 10 -7 1 10 -38 94
	cCb -1 -2 -2 -2 -2 -2 -4 -3 -3 -4 -4 -4 -1 -3 -2 -4 -8 24 -1 -5 -6 -2 -7 39 -12
	cCr 1 -1 -2 4 -5 -3 3 -1 -3 -6 8 -2 -3 -1 -3 -11 6 30 17 4 -5 0 15 27 -6
E 362028334 362862500 1 52918 1
	p 3 7 0 11 0 1 128 192 256 128 192 256
	sY 11  0 0 24 23 40 22 56 0 72 0 88 0 112 0 144 0 176 0 208 0 240 0
	sCb 4 0 1 27 1 40 2 255 2
	sCr 2 0 0 255 0
	cY 0 0 -3 9 4 1 -1 -1 -1 16 -30 -10 2 1 -1 16 -55 79 10 -7 1 10 -38 94
	cCb -2 -3 -3 -2 -3 -2 -2 -3 -3 -4 -4 -4 -2 -3 -3 -4 -8 24 1 -5 -5 -1 -10 40 -11
	cCr 0 0 -1 4 -6 -3 4 1 -3 -6 8 -2 -3 -2 -3 -12 4 31 18 3 -5 0 15 28 -6
E 362862500 363696667 1 59680 1
	p 3 7 0 11 0 1 128 192 256 128 192 256
	sY 11  0 0 24 23 40 22 56 0 72 0 88 0 112 0 144 0 176 0 208 0 240 0
	sCb 5 0 1 27 1 40 2 67 2 255 2
	sCr 2 0 0 255 0
	cY 0 0 -2 8 4 1 -1 -1 -1 15 -28 -9 2 2 -1 15 -52 76 9 -6 1 10 -37 93
	cCb -1 -2 -3 -1 -3 -3 -2 -2 -2 -4 -5 -3 -3 -3 -4 -4 -7 24 0 -5 -5 -3 -10 38 -12
	cCr 1 -2 -1 4 -4 -4 2 -1 -4 -6 8 -2 -4 -2 -3 -11 6 28 17 4 -4 0 16 27 -6
E 363696667 364530834 1 906 1
	p 3 7 0 11 0 1 128 192 256 128 192 256
	sY 11  0 0 24 23 40 22 56 0 72 0 88 0 112 0 144 0 176 0 208 0 240 0
	sCb 4 0 1 27 1 40 2 255 2
	sCr 2 0 0 255 0
	cY 0 -1 -3 9 5 2 -1 -2 0 18 -30 -13 4 1 -1 20 -64 83 12 -9 2 12 -44 102
	cCb -2 -2 -4 0 2 -9 2 -2 1 -4 -3 -15 8 -4 -4 -3 -16 31 5 -8 -7 0 -14 51 -10
	cCr 2 -1 -3 8 -9 -10 11 1 -2 -8 10 -12 5 0 -5 -15 -6 35 25 0 -9 4 16 35 -5
E 364530834 365365000 1 7668 1
	p 3 7 0 11 0 1 128 192 256 128 192 256
	sY 11  0 0 24 23 40 22 56 0 72 0 88 0 112 0 144 0 176 0 208 0 240 0
	sCb 4 0 1 27 1 40 1 255 1
	sCr 2 0 0 255 0
	cY 0 -1 -2 8 5 1 -1 -1 -1 19 -32 -12 3 1 -1 19 -63 83 12 -8 1 11 -43 101
	cCb -2 -2 -3 1 -1 -4 -2 -2 0 -3 -10 -7 1 -3 -4 -2 -12 36 5 -6 -6 -1 -15 52 -6
	cCr 0 -1 -2 6 -6 -5 4 0 -4 -7 8 -4 -1 -1 -3 -12 2 30 21 4 -6 2 16 30 -5
E 365365000 366199167 1 14430 1
	p 3 7 0 11 0 1 128 192 256 128 192 256
	sY 11  0 0 24 23 40 22 56 0 72 0 88 0 112 0 144 0 176 0 208 0 240 0
	sCb 4 0 2 27 2 81 2 255 2
	sCr 2 0 0 255 0
	cY 0 -1 -1 7 5 1 -1 -2 0 17 -29 -12 4 1 -1 19 -61 81 10 -9 2 11 -42 98
	cCb -2 -3 -4 -1 -3 -4 -3 -4 -3 -2 -5 -6 0 -4 -4 -2 -11 19 -3 -6 -4 -2 -10 31 -21
	cCr 0 -1 -1 5 -7 -5 5 -1 -3 -6 9 -4 -2 -1 -4 -11 1 30 23 3 -6 3 16 30 -5
E 366199167 367033334 1 21192 1
	p 3 7 0 11 0 1 128 192 256 128 192 256
	sY 11  0 0 24 23 40 22 56 0 72 0 88 0 112 0 144 0 176 0 208 0 240 0
	sCb 5 0 1 27 1 40 2 67 2 255 2
	sCr 2 0 0 255 0
	cY 0 0 -2 9 3 2 -1 -1 0 16 -29 -10 2 2 -1 17 -56 79 10 -7 1 11 -40 95
	cCb -2 -3 -3 -1 -3 -3 -2 -3 -2 -3 -4 -6 -1 -3 -2 -3 -10 26 0 -5 -5 -2 -9 40 -13
	cCr 0 -1 -1 4 -6 -5 3 0 -4 -6 7 -3 -2 -2 -2 -12 3 28 21 4 -5 1 15 29 -5
E 367033334 367867500 1 27954 1
	p 3 7 0 11 0 1 128 192 256 128 192 256
	sY 11  0 0 24 23 40 22 56 0 72 0 88 0 112 0 144 0 176 0 208 0 240 0
	sCb 4 0 1 27 1 81 2 255 2
	sCr 2 0 0 255 0
	cY 0 0 -2 9 4 2 -1 -1 0 16 -29 -10 2 2 -2 18 -58 80 10 -7 1 11 -40 95
	cCb -2 -2 -4 -1 -2 -3 -3 -3 -1 -4 -5 -5 -2 -2 -3 -3 -8 27 1 -5 -7 -2 -10 41 -12
	cCr 0 -1 -2 4 -7 -4 4 -1 -4 -7 9 -3 -2 -1 -3 -12 2 31 21 4 -6 1 15 29 -5
E 367867500 368701667 1 34716 1
	p 3 7 0 11 0 1 128 192 256 128 192 256
	sY 11  0 0 24 23 40 22 56 0 72 0 88 0 112 0 144 0 176 0 208 0 240 0
	sCb 5 0 1 27 1 40 2 67 2 255 2
	sCr 2 0 0 255 0
	cY 0 0 -3 9 4 1 -1 0 -1 16 -30 -9 2 1 -2 16 -54 78 10 -6 1 11 -38 93
	cCb -2 -2 -4 -1 -2 -4 -3 -2 -3 -2 -5 -5 -2 -3 -3 -3 -10 27 1 -4 -7 -4 -9 41 -13
	cCr 0 -1 -1 4 -6 -4 3 -1 -5 -5 7 -3 -2 -1 -2 -11 4 29 20 3 -5 0 14 27 -6
E 368701667 369535834 1 41478 1
	p 3 7 0 11 0 1 128 192 256 128 192 256
	sY 11  0 0 24 23 40 22 56 0 72 0 88 0 112 0 144 0 176 0 208 0 240 0
	sCb 4 0 1 27 1 40 2 255 2
	sCr 2 0 0 255 0
	cY 0 -1 -2 8 4 1 -1 -1 0 15 -29 -10 3 1 -1 17 -55 79 9 -7 1 11 -38 93
	cCb -1 -2 -4 0 -2 -3 -2 -3 0 -3 -3 -7 -2 -3 -2 -4 -7 25 2 -5 -6 -3 -8 42 -11
	cCr 0 0 0 4 -5 -5 4 -1 -5 -6 8 -1 -3 -2 -3 -12 2 30 19 4 -5 0 17 29 -5
E 369535834 370370000 1 48240 1
	p 3 7 0 11 0 1 128 192 256 128 192 256
	sY 11  0 0 24 23 40 22 56 0 72 0 88 0 112 0 144 0 176 0 208 0 240 0
	sCb 4 0 1 27 1 81 2 255 2
	sCr 2 0 0 255 0
	cY 0 0 -3 9 4 1 -1 0 -1 15 -28 -10 2 1 -2 16 -52 77 10 -6 1 11 -38 92
	cCb -2 -2 -3 -1 -3 -3 -3 -3 -1 -3 -4 -5 -2 -3 -3 -2 -9 28 2 -4 -6 -2 -7 40 -12
	cCr 1 0 -2 4 -5 -4 4 -1 -4 -7 7 -2 -2 -2 -3 -12 4 30 19 3 -5 1 13 27 -6
E 370370000 371204167 1 55002 1
	p 3 7 0 11 0 1 128 192 256 128 192 256
	sY 11  0 0 24 23 40 22 56 0 72 0 88 0 112 0 144 0 176 0 208 0 240 0
	sCb 5 0 2 27 2 40 2 67 2 255 2
	sCr 2 0 0 255 1
	cY 0 0 -2 9 4 1 -1 -1 0 15 -29 -10 3 1 -2 17 -54 78 9 -6 2 11 -38 92
	cCb -3 -2 -4 -2 -3 -4 -2 -3 -1 -3 -3 -4 -1 -4 -2 -3 -9 29 2 -5 -5 -3 -7 43 -13
	cCr 0 0 -2 4 -4 -5 4 0 -5 -7 10 -2 -2 -2 -3 -12 3 29 18 4 -5 2 16 28 -5
E 371204167 372038334 1 61764 1
	p 3 7 0 11 0 1 128 192 256 128 192 256
	sY 11  0 0 24 23 40 22 56 0 72 0 88 0 112 0 144 0 176 0 208 0 240 0
	sCb 3 0 2 27 2 255 3
	sCr 2 0 1 255 1
	cY 0 0 -3 9 4 0 0 -1 0 15 -29 -10 4 0 -2 17 -52 77 9 -7 2 11 -38 90
	cCb -2 -3 -3 -1 -2 -4 -2 -1 -1 -3 -5 -6 -1 -3 -3 -4 -7 30 3 -3 -5 -2 -6 43 -13
	cCr 1 0 -2 5 -5 -4 3 0 -4 -7 10 -3 -4 0 -3 -12 4 30 17 4 -5 1 16 27 -6
E 372038334 372872500 1 2990 1
	p 3 7 0 11 0 1 128 192 256 128 192 256
	sY 11  0 0 24 23 40 22 56 0 72 0 88 0 112 0 144 0 176 0 208 0 240 0
	sCb 4 0 2 27 2 67 2 255 2
	sCr 2 0 0 255 1
	cY 0 0 -3 9 4 1 -1 0 -1 17 -31 -10 3 1 -2 18 -56 79 9 -7 2 12 -40 93
	cCb -2 -3 -3 -1 -2 -3 -3 -2 -1 -4 -4 -6 -1 -4 -4 -3 -9 29 3 -3 -5 -2 -5 41 -13
	cCr 2 -1 -3 5 -6 -5 5 0 -4 -7 9 -3 -2 -2 -3 -12 2 30 18 2 -5 2 17 27 -5
E 372872500 373706667 1 9752 1
	p 3 7 0 11 0 1 128 192 256 128 192 256
	sY 11  0 0 24 23 40 22 56 0 72 0 88 0 112 0 144 0 176 0 208 0 240 0
	sCb 4 0 2 27 2 67 2 255 2
	sCr 2 0 0 255 0
	cY 0 0 -3 9 4 0 0 0 -2 15 -29 -9 3 1 -2 15 -50 75 9 -6 2 11 -37 89
	cCb -2 -3 -3 -1 -3 -2 -3 -3 -1 -2 -4 -4 -2 -3 -2 -3 -7 26 3 -4 -4 -3 -5 40 -16
	cCr 1 -1 -2 4 -4 -3 3 -1 -5 -5 10 -2 -4 -1 -3 -12 5 28 15 3 -3 2 15 26 -6
E 373706667 374540834 1 16514 1
	p 3 7 0 11 0 1 128 192 256 128 192 256
	sY 11  0 0 24 23 40 22 56 0 72 0 88 0 112 0 144 0 176 0 208 0 240 0
	sCb 4 0 2 27 2 67 2 255 2
	sCr 2 0 0 255 1
	cY 0 -1 -3 9 5 0 -1 -1 -1 18 -31 -12 4 1 -2 20 -60 81 10 -8 2 12 -42 97
	cCb -2 0 -4 -1 -1 -8 1 -3 0 -3 -3 -12 6 -3 -2 -4 -12 30 11 -7 -7 -1 -7 50 -12
	cCr 0 0 -2 7 -9 -8 11 1 -3 -8 10 -10 3 -1 -5 -15 -5 33 25 1 -8 5 17 32 -4
E 374540834 375375000 1 23276 1
	p 3 7 0 11 0 1 128 192 256 128 192 256
	sY 11  0 0 24 23 40 22 56 0 72 0 88 0 112 0 144 0 176 0 208 0 240 0
	sCb 2 0 3 255 3
	sCr 2 0 0 255 0
	cY 0 -1 -1 7 5 0 0 -1 -1 14 -28 -9 4 0 -3 18 -51 75 8 -6 3 12 -38 88
	cCb -2 -3 -3 -2 -4 -3 -3 -4 -2 -3 -5 -3 -1 -5 -3 -2 -6 15 -2 -3 -4 -1 -6 27 -33
	cCr 1 -1 -1 6 -7 -5 4 -1 -6 -6 12 -2 -1 -2 -4 -12 2 30 20 3 -5 3 18 26 -5
E 375375000 376209167 1 30038 1
	p 3 7 0 11 0 1 128 192 256 128 192 256
	sY 11  0 0 24 23 40 22 56 0 72 0 88 0 112 0 144 0 176 0 208 0 240 0
	sCb 2 0 3 255 3
	sCr 2 0 1 255 1
	cY 1 -1 -2 8 5 0 0 -1 -1 15 -28 -9 3 0 -2 19 -53 76 7 -7 3 12 -40 91
	cCb -2 -3 -4 -2 -2 -4 -1 -4 -1 -3 -3 -4 -1 -3 -3 -1 -9 16 -4 -3 -4 -1 -6 26 -32
	cCr 1 0 -1 6 -9 -6 6 -1 -4 -6 10 -2 0 -2 -5 -13 1 29 21 4 -5 6 19 27 -4
E 376209167 377043334 1 36800 1
	p 3 7 0 11 0 1 128 192 256 128 192 256
	sY 11  0 0 24 23 40 22 56 0 72 0 88 0 112 0 144 0 176 0 208 0 240 0
	sCb 2 0 2 255 2
	sCr 2 0 0 255 0
	cY 0 0 -2 8 4 0 -1 -1 -2 15 -29 -8 4 0 -2 18 -51 76 7 -7 2 12 -38 89
	cCb -2 -3 -3 -2 -3 -3 -2 -3 -2 -3 -5 -4 -1 -3 -3 -2 -8 18 -2 -4 -3 -2 -6 30 -30
	cCr 1 -1 -2 5 -6 -4 4 0 -5 -6 10 -2 -3 0 -4 -11 3 28 17 3 -4 3 16 26 -5
E 377043334 377877500 1 43562 1
	p 3 7 0 11 0 1 128 192 256 128 192 256
	sY 11  0 0 24 23 40 22 56 0 72 0 88 0 112 0 144 0 176 0 208 0 240 0
	sCb 2 0 2 255 2
	sCr 2 0 0 255 0
	cY 0 -1 -2 7 5 0 0 -1 -2 16 -29 -9 4 0 -3 19 -54 77 8 -7 2 13 -41 92
	cCb -3 -3 -4 -1 -3 -4 -3 -3 -3 -2 -4 -5 0 -3 -4 -2 -10 19 -2 -3 -4 -1 -6 31 -29
	cCr 2 -1 -2 6 -6 -4 5 0 -4 -7 11 -2 -2 -2 -5 -11 2 28 18 2 -4 5 18 25 -4
E 377877500 378711667 1 50324 1
	p 3 7 0 11 0 1 128 192 256 128 192 256
	sY 11  0 0 24 23 40 22 56 0 72 0 88 0 112 0 144 0 176 0 208 0 240 0
	sCb 2 0 2 255 2
	sCr 2 0 0 255 0
	cY 0 0 -2 8 4 0 0 0 -1 15 -29 -9 3 1 -3 17 -49 75 7 -6 2 12 -37 87
	cCb -3 -3 -4 -1 -3 -3 -3 -3 -2 -2 -4 -4 -1 -3 -2 -3 -6 20 -1 -3 -3 -2 -6 31 -28
	cCr 0 -1 -2 5 -5 -3 3 -1 -5 -5 10 -1 -2 -2 -4 -11 3 26 16 3 -4 2 16 24 -5
E 378711667 379545834 1 57086 1
	p 3 7 0 11 0 1 128 192 256 128 192 256
	sY 11  0 0 24 23 40 22 56 0 72 0 88 0 112 0 144 0 176 0 208 0 240 0
	sCb 2 0 2 255 2
	sCr 2 0 0 255 1
	cY 0 -1 -2 7 5 0 0 -1 -2 16 -29 -9 4 0 -3 19 -54 76 8 -7 3 12 -41 92
	cCb -2 -3 -3 -1 -3 -3 -1 -3 -3 -3 -4 -4 -1 -3 -3 -1 -10 17 -3 -3 -2 -1 -7 30 -31
	cCr 2 -1 -3 5 -5 -4 3 -1 -5 -6 11 -2 -2 -3 -5 -11 3 28 17 3 -5 5 18 25 -5
E 379545834 380380000 1 63848 1
	p 3 7 0 11 0 1 128 192 256 128 192 256
	sY 11  0 0 24 23 40 22 56 0 72 0 88 0 112 0 144 0 176 0 208 0 240 0
	sCb 2 0 2 255 2
	sCr 2 0 0 255 0
	cY 0 0 -2 8 4 0 0 -1 -1 15 -29 -9 4 0 -3 18 -51 76 7 -7 2 12 -38 88
	cCb -3 -3 -3 -1 -3 -3 -2 -3 -2 -3 -4 -3 -2 -2 -3 -1 -7 19 -2 -3 -3 -2 -6 30 -29
	cCr 1 -1 -1 5 -5 -3 3 -2 -5 -5 9 -2 -3 -1 -3 -12 4 25 16 3 -5 3 16 25 -5
E 380380000 381214167 1 5074 1
	p 3 7 0 11 0 1 128 192 256 128 192 256
	sY 11  0 0 24 23 40 22 56 0 72 0 88 0 112 0 144 0 176 0 208 0 240 0
	sCb 2 0 2 255 2
	sCr 2 0 0 255 0
	cY 0 -1 -2 8 5 -1 0 0 -1 15 -29 -9 4 0 -3 19 -53 76 7 -8 3 12 -39 89
	cCb -1 -2 -4 -1 -2 -3 -2 -3 -2 -3 -4 -5 0 -3 -2 -1 -6 15 -2 -3 -2 -1 -7 29 -34
	cCr 0 -1 -2 6 -5 -4 4 0 -5 -6 11 -3 -3 -3 -4 -12 3 25 16 3 -5 4 18 24 -5
E 381214167 381631250 1 11836 1
	p 3 7 0 11 0 1 128 192 256 128 192 256
	sY 11  0 0 24 23 40 22 56 0 72 0 88 0 112 0 144 0 176 0 208 0 240 0
	sCb 2 0 2 255 2
	sCr 2 0 0 255 1
	cY 0 -1 -2 8 5 0 -1 -1 -2 17 -31 -9 4 0 -3 21 -57 79 7 -8 2 12 -41 91
	cCb -2 -2 -4 0 -2 -5 1 -4 -1 -3 -5 -6 2 -3 -3 -2 -7 16 -1 -5 -3 0 -7 29 -36
	cCr 1 -1 -2 6 -8 -7 9 0 -3 -8 10 -8 2 -1 -4 -14 -2 31 21 1 -8 4 17 26 -4
E 381631250 382048334 1 7391 1
	p 3 7 0 11 0 1 128 192 256 128 192 256
	sY 11  0 0 24 32 40 34 56 0 72 0 88 0 112 0 144 0 176 0 208 0 240 0
	sCb 3 0 2 27 2 255 1
	sCr 2 0 0 255 0
	cY 0 4 -12 13 6 -6 1 4 -26 51 -53 -4 13 -6 -17 58 -103 103 -10 -13 5 19 -60 104
	cCb 0 -3 -8 3 4 -20 12 -5 7 -8 -1 -29 23 -7 -6 -5 -9 26 23 -11 -8 3 -15 51 -15
	cCr 2 1 3 10 -24 -15 19 -5 -7 -9 12 -2 20 -1 -7 -15 2 21 41 8 -11 11 20 4 -1
E 382048334 382882500 1 10772 1
	p 3 7 0 11 0 1 128 192 256 128 192 256
	sY 11  0 0 24 32 40 34 56 0 72 0 88 0 112 0 144 0 176 0 208 0 240 0
	sCb 3 0 2 27 2 255 1
	sCr 2 0 0 255 0
	cY 0 0 -5 9 4 -3 -1 -1 -8 26 -36 -6 8 -3 -7 31 -69 81 -3 -11 3 14 -46 89
	cCb -2 -3 -3 -3 -1 -8 3 -3 -4 -4 -3 -8 3 -5 -4 -3 -11 19 2 -7 -4 -2 -5 31 -20
	cCr 1 -2 -1 6 -10 -6 9 -2 -6 -7 11 -1 3 -2 -6 -12 7 24 22 5 -6 5 20 9 -1
E 382882500 383716667 1 17534 1
	p 3 7 0 11 0 1 128 192 256 128 192 256
	sY 11  0 0 24 32 40 34 56 0 72 0 88 0 112 0 144 0 176 0 208 0 240 0
	sCb 3 0 3 27 2 255 1
	sCr 2 0 0 255 0
	cY 0 0 -5 9 4 -3 -1 -1 -8 25 -35 -6 8 -2 -7 30 -68 81 -4 -10 3 13 -45 88
	cCb -3 -4 -5 -1 -2 -6 1 -3 0 -5 -4 -8 4 -5 -3 -4 -12 22 -1 -7 -4 0 -7 32 -21
	cCr 1 -2 -1 7 -11 -7 7 -2 -7 -8 13 -1 1 -2 -5 -12 7 24 22 5 -6 4 21 11 -1
E 383716667 384550834 1 24296 1
	p 3 7 0 11 0 1 128 192 256 128 192 256
	sY 11  0 0 24 32 40 34 56 0 72 0 88 0 112 0 144 0 176 0 208 0 240 0
	sCb 3 0 3 27 2 255 1
	sCr 2 0 0 255 0
	cY 0 -1 -4 8 4 -2 -1 -1 -6 22 -33 -5 7 -2 -6 27 -62 78 -5 -9 2 11 -41 83
	cCb -2 -3 -4 0 -1 -7 2 -2 -2 -3 -6 -9 2 -3 -3 -5 -9 21 4 -7 -6 0 -8 34 -21
	cCr 1 -2 -2 6 -9 -5 6 -2 -6 -7 11 -1 -2 -3 -5 -13 7 24 18 4 -6 4 23 11 -1
E 384550834 385385000 1 31058 1
	p 3 7 0 11 0 1 128 192 256 128 192 256
	sY 11  0 0 24 32 40 34 56 0 72 0 88 0 112 0 144 0 176 0 208 0 240 0
	sCb 3 0 3 27 2 255 1
	sCr 2 0 0 255 0
	cY 0 -1 -4 8 4 -3 -1 0 -8 25 -35 -4 7 -2 -7 30 -67 81 -5 -9 3 13 -45 87
	cCb -2 -3 -4 -1 -2 -6 2 -4 0 -3 -7 -9 3 -3 -3 -4 -12 27 2 -6 -6 -1 -8 37 -20
	cCr 1 -1 -1 6 -7 -6 6 -1 -8 -7 14 -1 -1 -2 -5 -12 10 23 17 3 -6 2 21 9 0
E 385385000 386219167 1 37820 1
	p 3 7 0 11 0 1 128 192 256 128 192 256
	sY 11  0 0 24 32 40 34 56 0 72 0 88 0 112 0 144 0 176 0 208 0 240 0
	sCb 4 0 2 13 2 40 1 255 1
	sCr 2 0 0 255 0
	cY 0 0 -5 9 4 -2 -1 -1 -7 24 -35 -6 7 -1 -6 28 -65 80 -3 -10 2 13 -44 86
	cCb -2 -5 -3 -2 -4 -3 -1 -3 -1 -3 -6 -7 1 -3 -2 -4 -10 26 2 -5 -4 -1 -8 37 -18
	cCr 1 -2 -1 4 -5 -5 2 -1 -7 -5 12 1 -2 -2 -4 -8 11 21 16 4 -5 2 20 6 -1
E 386219167 387053334 1 44582 1
	p 3 7 0 11 0 1 128 192 256 128 192 256
	sY 11  0 0 24 32 40 34 56 0 72 0 88 0 112 0 144 0 176 0 208 0 240 0
	sCb 3 0 2 27 2 255 1
	sCr 2 0 0 255 0
	cY 0 -1 -5 9 4 -2 -1 -1 -7 24 -35 -6 7 -2 -7 29 -67 81 -3 -10 3 13 -45 88
	cCb -3 -2 -3 -1 -2 -4 -1 -3 -1 -4 -5 -8 1 -2 -3 -5 -8 26 4 -5 -6 -3 -7 39 -18
	cCr 1 -2 -2 2 -6 -4 4 -2 -7 -4 12 1 -2 -2 -6 -10 12 22 15 5 -4 2 20 7 -1
E 387053334 387887500 1 51344 1
	p 3 7 0 11 0 1 128 192 256 128 192 256
	sY 11  0 0 24 32 40 34 56 0 72 0 88 0 112 0 144 0 176 0 208 0 240 0
	sCb 3 0 2 27 2 255 1
	sCr 2 0 0 255 0
	cY 0 0 -5 10 3 -2 -1 -1 -7 24 -35 -6 7 -2 -6 28 -65 80 -3 -10 3 12 -44 87
	cCb -1 -5 -3 0 -2 -5 0 -3 -2 -2 -7 -7 1 -4 -3 -5 -11 26 0 -6 -5 -2 -7 36 -18
	cCr 1 -2 -3 2 -6 -4 4 -1 -7 -5 12 1 -3 -3 -5 -9 12 20 13 6 -5 0 18 7 -1
E 387887500 388721667 1 58106 1
	p 3 7 0 11 0 1 128 192 256 128 192 256
	sY 11  0 0 24 32 40 34 56 0 72 0 88 0 112 0 144 0 176 0 208 0 240 0
	sCb 3 0 2 27 2 255 1
	sCr 2 0 0 255 0
	cY 0 0 -5 10 3 -2 -1 -1 -7 24 -35 -6 8 -2 -6 29 -66 80 -3 -11 3 13 -45 87
	cCb -3 -2 -3 -2 -3 -3 -1 -2 -1 -6 -2 -9 0 -3 -4 -3 -12 23 1 -7 -3 0 -9 37 -20
	cCr 2 -3 -2 3 -7 -5 4 -1 -7 -6 11 1 -2 -3 -4 -10 11 21 15 5 -5 1 21 8 -1
E 388721667 389555834 1 64868 1
	p 3 7 0 11 0 1 128 192 256 128 192 256
	sY 11  0 0 24 32 40 34 56 0 72 0 88 0 112 0 144 0 176 0 208 0 240 0
	sCb 3 0 2 27 2 255 1
	sCr 2 0 0 255 0
	cY -1 0 -5 9 4 -2 -1 0 -7 23 -34 -7 7 -1 -6 28 -65 78 -2 -11 2 14 -46 89
	cCb -2 -4 -4 -1 -3 -5 -1 -4 -1 -4 -6 -6 1 -4 -4 -3 -13 26 -1 -6 -4 -1 -7 33 -19
	cCr 1 -2 -2 1 -5 -5 3 -2 -5 -4 9 0 -1 -2 -5 -9 12 20 14 5 -4 0 19 8 -1
E 389555834 390390000 1 6094 1
	p 3 7 0 11 0 1 128 192 256 128 192 256
	sY 11  0 0 24 32 40 34 56 0 72 0 88 0 112 0 144 0 176 0 208 0 240 0
	sCb 3 0 2 27 2 255 1
	sCr 2 0 0 255 0
	cY 0 0 -5 9 4 -2 -1 -1 -6 22 -34 -6 7 -2 -6 26 -62 78 -2 -10 2 13 -43 85
	cCb -2 -4 -4 -2 -3 -6 0 -5 -2 -3 -5 -8 2 -2 -2 -6 -11 28 0 -7 -6 -1 -4 25 -22
	cCr 1 -2 -3 0 -6 -5 4 -2 -6 -4 9 0 -3 -4 -5 -9 11 20 13 4 -4 0 18 6 -1
E 390390000 391224167 1 12856 1
	p 3 7 0 11 0 1 128 192 256 128 192 256
	sY 11  0 0 24 32 40 34 56 0 72 0 88 0 112 0 144 0 176 0 208 0 240 0
	sCb 4 0 2 27 2 54 1 255 1
	sCr 2 0 0 255 0
	cY 0 -1 -4 8 3 -2 -1 -1 -5 20 -32 -5 6 -1 -5 24 -59 75 -4 -9 2 11 -40 82
	cCb -2 -3 -4 -1 -4 -4 0 -3 -5 -5 -3 -6 1 -5 -4 -3 -10 18 -4 -4 -4 -3 -5 28 -23
	cCr 1 -2 -2 3 -5 -3 4 -1 -6 -5 10 0 -4 -2 -6 -11 11 22 12 2 -4 1 20 9 -2
E 391224167 392058334 1 19618 1
	p 3 7 0 11 0 1 128 192 256 128 192 256
	sY 11  0 0 24 32 40 34 56 0 72 0 88 0 112 0 144 0 176 0 208 0 240 0
	sCb 4 0 2 27 2 67 1 255 1
	sCr 2 0 0 255 0
	cY -1 0 -5 9 4 -2 -1 0 -9 26 -35 -5 7 -2 -7 31 -69 81 -3 -10 3 13 -46 90
	cCb -1 -3 -5 -1 -2 -10 5 -5 0 -6 -3 -11 7 -5 -5 -4 -7 19 8 -9 -4 1 -8 30 -20
	cCr 2 -2 -2 4 -6 -6 8 0 -5 -9 11 -4 -1 0 -5 -14 6 30 17 3 -6 2 19 17 -1
E 392058334 392892500 1 26380 1
	p 3 7 0 11 0 1 128 192 256 128 192 256
	sY 11  0 0 24 32 40 34 56 0 72 0 88 0 112 0 144 0 176 0 208 0 240 0
	sCb 4 0 2 27 2 67 1 255 1
	sCr 2 0 0 255 0
	cY 0 -1 -4 8 4 -3 0 -1 -8 25 -36 -5 7 -3 -7 31 -68 82 -5 -9 3 12 -44 87
	cCb -1 -3 -4 0 -2 -8 3 -4 0 -5 -7 -10 5 -5 -2 -4 -9 26 6 -6 -5 0 -9 39 -19
	cCr 2 -2 -2 7 -9 -5 7 -3 -8 -5 13 1 1 -2 -5 -11 10 23 20 5 -6 4 19 8 -1
E 392892500 393726667 1 33142 1
	p 3 7 0 11 0 1 128 192 256 128 192 256
	sY 11  0 0 24 32 40 34 56 0 72 0 88 0 112 0 144 0 176 0 208 0 240 0
	sCb 4 0 2 27 2 67 1 255 1
	sCr 2 0 0 255 0
	cY 0 -1 -4 8 4 -3 -1 -1 -8 25 -36 -5 7 -3 -7 31 -68 82 -5 -9 3 12 -44 87
	cCb -2 -3 -4 0 -2 -8 2 -2 -1 -3 -8 -11 5 -4 -5 -3 -12 29 4 -6 -5 0 -10 40 -19
	cCr 2 -1 -2 4 -9 -7 7 -1 -6 -6 13 0 1 -2 -7 -11 13 24 22 5 -6 2 21 11 -1
E 393726667 394560834 1 39904 1
	p 3 7 0 11 0 1 128 192 256 128 192 256
	sY 11  0 0 24 32 40 34 56 0 72 0 88 0 112 0 144 0 176 0 208 0 240 0
	sCb 3 0 2 27 2 255 1
	sCr 2 0 0 255 0
	cY 0 -1 -5 9 4 -3 -1 -1 -7 25 -36 -6 8 -2 -6 29 -68 82 -3 -11 3 13 -45 89
	cCb -1 -2 -4 -1 -1 -6 1 -3 0 -3 -6 -8 3 -4 -3 -4 -12 27 3 -6 -5 -1 -7 42 -17
	cCr 1 -1 -1 3 -6 -5 3 -2 -6 -5 11 3 -1 -2 -6 -9 13 23 19 6 -4 0 20 10 0
E 394560834 395395000 1 46666 1
	p 3 7 0 11 0 1 128 192 256 128 192 256
	sY 11  0 0 24 32 40 34 56 0 72 0 88 0 112 0 144 0 176 0 208 0 240 0
	sCb 3 0 2 27 2 255 1
	sCr 2 0 0 255 0
	cY 0 0 -5 9 4 -2 -1 -1 -8 26 -36 -6 8 -2 -7 30 -68 82 -2 -11 3 14 -47 90
	cCb -2 -5 -1 -2 -3 -4 0 -4 0 -6 -3 -8 4 -4 -4 -4 -9 23 4 -6 -6 -1 -9 37 -17
	cCr 1 -2 -2 3 -7 -5 4 -1 -6 -5 12 1 -2 -3 -6 -9 13 23 19 6 -5 1 19 10 -1
E 395395000 396229167 1 53428 1
	p 3 7 0 11 0 1 128 192 256 128 192 256
	sY 11  0 0 24 32 40 34 56 0 72 0 88 0 112 0 144 0 176 0 208 0 240 0
	sCb 4 0 2 27 2 81 1 255 1
	sCr 2 0 0 255 0
	cY 0 -1 -4 8 3 -2 -1 -1 -6 22 -33 -5 6 -2 -6 27 -61 78 -4 -9 2 12 -42 84
	cCb -1 -3 -4 -3 -2 -6 2 -3 -2 -5 -4 -9 3 -4 -4 -4 -10 22 1 -6 -6 -1 -5 31 -21
	cCr 1 -1 -2 4 -6 -5 3 -1 -6 -5 13 0 -2 -2 -5 -10 13 25 17 5 -3 3 21 10 -1
E 396229167 397063334 1 60190 1
	p 3 7 0 11 0 1 128 192 256 128 192 256
	sY 11  0 0 24 32 40 34 56 0 72 0 88 0 112 0 144 0 176 0 208 0 240 0
	sCb 4 0 2 27 2 67 1 255 1
	sCr 2 0 0 255 0
	cY 0 -1 -4 8 4 -3 -1 -1 -7 23 -33 -6 7 -2 -6 28 -64 78 -4 -10 3 12 -44 86
	cCb -1 -4 -2 -1 -2 -5 1 -2 -1 -5 -4 -8 2 -4 -5 -3 -8 23 4 -6 -5 0 -7 33 -19
	cCr 1 -2 -3 5 -6 -5 4 -2 -6 -6 12 0 -1 -3 -6 -11 13 25 18 5 -4 2 23 15 -1
E 397063334 397480417 1 1416 1
	p 3 7 0 11 0 1 128 192 256 128 192 256
	sY 11  0 0 24 32 40 34 56 0 72 0 88 0 112 0 144 0 176 0 208 0 240 0
	sCb 4 0 3 27 3 67 2 255 2
	sCr 2 0 0 255 0
	cY 0 -1 -3 7 3 -2 -1 -1 -7 20 -31 -4 6 -2 -5 25 -58 75 -5 -8 2 10 -39 81
	cCb -2 -3 -5 -1 -3 -6 1 -3 -2 -4 -7 -8 3 -5 -4 -5 -5 11 2 -7 -6 -1 -7 21 -33
	cCr 2 0 -2 4 -5 -4 5 1 -3 -10 11 -4 -2 -2 -4 -13 6 34 16 1 -6 1 17 20 -2
E 397480417 397897500 1 7391 1
	p 3 6 0 11 0 1 128 192 256 128 192 256
	sY 11  0 0 24 53 40 60 56 40 72 0 88 0 112 0 144 0 176 0 208 0 240 0
	sCb 3 0 2 40 1 255 1
	sCr 2 0 1 255 1
	cY 3 -5 0 2 9 0 -3 -5 -1 16 -13 -24 10 2 -4 27 -55 43 22 -16 2 13 -43 70
	cCb -1 -2 -3 11 1 -10 6 1 2 -4 -8 -24 6 1 -1 -6 6 14 36 0 -11 -4 -2 28 0
	cCr 0 0 -1 -4 -9 -1 7 -2 0 -1 -1 5 14 0 -3 1 5 1 17 6 -4 3 9 -3 0
E 397897500 398731667 1 10772 1
	p 3 7 0 11 0 1 128 192 256 128 192 256
	sY 11  0 0 24 53 40 60 56 40 72 0 88 0 112 0 144 0 176 0 208 0 240 0
	sCb 2 0 2 255 1
	sCr 2 0 1 255 1
	cY 2 -5 -2 10 10 1 -5 -6 -1 27 -35 -27 12 2 -5 36 -88 87 22 -23 3 20 -67 117
	cCb -1 -4 2 6 -2 -6 1 -2 2 -9 -13 -20 3 4 5 -13 -4 55 28 -1 -15 -9 -7 54 -1
	cCr 0 -3 0 4 -8 -6 5 -4 -6 -3 8 4 4 -2 -5 -6 11 17 22 8 -6 0 16 3 -1
E 398731667 399565834 1 17534 1
	p 3 7 0 11 0 1 128 192 256 128 192 256
	sY 11  0 0 24 53 40 60 56 40 72 0 88 0 112 0 144 0 176 0 208 0 240 0
	sCb 2 0 2 255 2
	sCr 2 0 1 255 1
	cY 1 -4 -2 10 9 1 -4 -5 -1 26 -36 -24 11 3 -4 34 -84 87 19 -21 2 19 -64 114
	cCb -2 -1 -1 3 -4 -6 2 0 4 -12 -6 -13 -2 2 0 -13 -5 51 28 1 -14 -5 -3 51 -1
	cCr -1 -2 -1 3 -8 -5 5 -4 -6 -4 8 3 0 -2 -5 -8 12 18 19 7 -6 1 18 5 0
E 399565834 400400000 1 24296 1
	p 3 7 0 11 0 1 128 192 256 128 192 256
	sY 11  0 0 24 53 40 60 56 40 72 0 88 0 112 0 144 0 176 0 208 0 240 0
	sCb 2 0 2 255 2
	sCr 2 0 1 255 1
	cY 1 -4 -2 9 9 0 -4 -4 -2 26 -36 -23 10 2 -4 32 -82 86 18 -20 2 18 -62 113
	cCb -3 -1 0 1 -1 -4 0 -1 4 -9 -9 -15 -4 3 1 -14 -5 52 23 1 -10 -6 -5 52 -1
	cCr 0 -1 -1 1 -6 -5 3 -3 -7 -5 7 2 -2 -3 -4 -9 12 18 17 6 -5 0 19 7 -1
E 400400000 401234167 1 31058 1
	p 3 7 0 11 0 1 128 192 256 128 192 256
	sY 11  0 0 24 53 40 60 56 40 72 0 88 0 112 0 144 0 176 0 208 0 240 0
	sCb 2 0 3 255 2
	sCr 2 0 1 255 1
	cY 1 -3 -3 10 8 1 -4 -4 -1 24 -35 -21 9 3 -4 31 -80 85 17 -19 1 18 -62 111
	cCb -1 -2 0 1 0 -1 -1 0 3 -10 -8 -14 -5 2 0 -14 -7 54 21 -1 -9 -6 -4 52 0
	cCr 0 -3 -2 2 -6 -3 3 -1 -6 -4 7 0 -3 -2 -5 -8 11 20 17 4 -5 0 20 9 -1
E 401234167 402068334 1 37820 1
	p 3 7 0 11 0 1 128 192 256 128 192 256
	sY 11  0 0 24 53 40 60 56 40 72 0 88 0 112 0 144 0 176 0 208 0 240 0
	sCb 2 0 2 255 2
	sCr 2 0 1 255 1
	cY 0 -2 -3 10 7 0 -3 -3 -2 24 -35 -19 9 2 -4 29 -76 84 15 -17 2 17 -59 107
	cCb -2 -1 -1 1 -3 -1 0 -1 2 -9 -7 -10 -5 0 1 -14 -4 51 20 -2 -8 -6 -6 51 -1
	cCr 0 -3 -3 2 -5 -3 1 -2 -6 -5 8 0 -6 -4 -4 -10 12 20 13 4 -5 -1 18 12 -1
E 402068334 402902500 1 44582 1
	p 3 7 0 11 0 1 128 192 256 128 192 256
	sY 11  0 0 24 53 40 60 56 40 72 0 88 0 112 0 144 0 176 0 208 0 240 0
	sCb 2 0 2 255 2
	sCr 2 0 1 255 1
	cY 0 -1 -4 10 7 1 -3 -3 -3 24 -35 -18 8 2 -3 28 -74 83 15 -17 1 17 -59 107
	cCb -1 -2 -1 1 -3 -1 -1 -1 1 -10 -5 -10 -6 -2 1 -13 -4 49 20 -3 -7 -7 -2 51 -1
	cCr 0 -2 -3 1 -4 -4 0 -2 -7 -6 7 0 -5 -4 -5 -9 12 21 13 3 -5 -2 17 10 -1
E 402902500 403736667 1 51344 1
	p 3 7 0 11 0 1 128 192 256 128 192 256
	sY 11  0 0 24 53 40 60 56 40 72 0 88 0 112 0 144 0 176 0 208 0 240 0
	sCb 2 0 3 255 2
	sCr 2 0 1 255 2
	cY 0 -2 -4 10 7 0 -3 -3 -2 22 -35 -17 8 2 -4 27 -72 83 13 -16 1 17 -57 105
	cCb -3 -1 0 0 -2 -1 -1 -1 2 -8 -7 -11 -4 1 2 -11 -4 49 18 -2 -8 -6 -4 49 -2
	cCr 0 -1 -3 -1 -5 -3 1 -2 -6 -5 6 0 -6 -4 -4 -10 13 21 13 2 -5 -2 17 11 -1
E 403736667 404570834 1 58106 1
	p 3 7 0 11 0 1 128 192 256 128 192 256
	sY 11  0 0 24 53 40 60 56 40 72 0 88 0 112 0 144 0 176 0 208 0 240 0
	sCb 2 0 3 255 2
	sCr 2 0 1 255 2
	cY -1 -1 -5 11 6 0 -3 -3 -2 23 -35 -17 7 2 -4 27 -72 82 13 -16 1 16 -57 105
	cCb -1 -3 -3 3 -1 -1 -2 -2 2 -5 -11 -8 -5 -1 0 -9 -10 47 14 -2 -6 -3 -9 51 -2
	cCr 0 -2 -3 0 -5 -4 0 -2 -7 -7 6 -1 -6 -4 -5 -8 13 20 12 3 -5 -3 18 10 -1
E 404570834 405405000 1 64868 1
	p 3 7 0 11 0 1 128 192 256 128 192 256
	sY 11  0 0 24 53 40 60 56 40 72 0 88 0 112 0 144 0 176 0 208 0 240 0
	sCb 3 0 4 40 3 255 3
	sCr 2 0 1 255 2
	cY -1 -1 -4 10 6 0 -2 -2 -3 21 -34 -14 8 1 -4 26 -69 81 8 -15 1 15 -52 98
	cCb -3 -1 -2 -3 -2 -2 -3 -2 1 -8 -5 -7 -5 -1 1 -11 -7 41 10 -4 -6 -5 -8 48 -4
	cCr -1 -2 -3 0 -4 -3 1 -1 -6 -6 4 -1 -6 -4 -3 -9 12 22 11 1 -4 -3 16 11 -1
E 405405000 406239167 1 6094 1
	p 3 7 0 11 0 1 128 192 256 128 192 256
	sY 11  0 0 24 53 40 60 56 40 72 0 88 0 112 0 144 0 176 0 208 0 240 0
	sCb 3 0 4 54 3 255 3
	sCr 2 0 1 255 2
	cY -1 -1 -4 10 6 0 -3 -2 -3 22 -35 -14 7 1 -4 26 -69 82 9 -15 1 15 -52 99
	cCb -4 -3 -1 -2 -2 -2 -2 -4 2 -8 -7 -9 -2 -4 1 -9 -8 46 7 -5 -6 -3 -6 45 -4
	cCr -1 -2 -3 0 -5 -4 0 -2 -6 -6 5 -1 -5 -3 -3 -9 12 21 11 2 -4 -3 16 11 -1
E 406239167 407073334 1 12856 1
	p 3 7 0 11 0 1 128 192 256 128 192 256
	sY 11  0 0 24 53 40 60 56 40 72 0 88 0 112 0 144 0 176 0 208 0 240 0
	sCb 3 0 4 54 3 255 3
	sCr 2 0 1 255 2
	cY -1 0 -4 10 5 0 -2 -1 -3 20 -33 -12 6 1 -4 23 -64 78 7 -13 1 15 -50 96
	cCb -2 -2 -2 -1 -3 -1 -3 -2 -1 -7 -4 -6 -3 -2 -2 -8 -7 35 7 -5 -7 -4 -7 46 -5
	cCr -1 -2 -2 0 -4 -4 0 -2 -6 -6 4 -1 -6 -4 -3 -8 12 21 11 1 -5 -3 15 10 -1
E 407073334 407907500 1 19618 1
	p 3 7 0 11 0 1 128 192 256 128 192 256
	sY 11  0 0 24 53 40 60 56 40 72 0 88 0 112 0 144 0 176 0 208 0 240 0
	sCb 4 0 5 27 5 40 4 255 3
	sCr 2 0 2 255 2
	cY -1 0 -4 9 3 0 -2 -1 -2 16 -30 -8 4 1 -3 18 -55 73 3 -10 0 11 -42 86
	cCb -2 -2 -4 -2 -2 -4 -2 -3 -2 -5 -5 -4 -4 -4 -3 -5 -6 29 2 -5 -6 -4 -7 35 -9
	cCr 0 0 -3 -1 -5 -3 0 -1 -4 -8 5 -2 -6 -2 -2 -13 7 30 8 -2 -4 -3 13 18 -2
E 407907500 408741667 1 26380 1
	p 3 7 0 11 0 1 128 192 256 128 192 256
	sY 11  0 0 24 53 40 60 56 40 72 0 88 0 112 0 144 0 176 0 208 0 240 0
	sCb 5 0 9 27 8 40 4 54 4 255 4
	sCr 2 0 1 255 1
	cY 1 -3 -3 8 7 -2 -3 -4 -5 27 -36 -14 12 -1 -6 36 -84 90 3 -18 4 15 -54 102
	cCb -2 -4 -4 -1 -3 -6 0 -2 -2 -5 -5 -8 1 -4 -3 -3 -13 23 2 -7 -4 -1 -11 41 -15
	cCr 0 -2 0 4 -8 -6 6 -4 -6 -3 10 3 5 -1 -6 -8 9 17 20 8 -6 2 21 6 -1
E 408741667 409575834 1 33142 1
	p 3 7 0 11 0 1 128 192 256 128 192 256
	sY 11  0 0 24 53 40 60 56 40 72 0 88 0 112 0 144 0 176 0 208 0 240 0
	sCb 5 0 8 27 7 40 4 54 4 255 4
	sCr 2 0 1 255 1
	cY 1 -3 -3 9 7 -2 -2 -3 -5 28 -37 -14 12 -2 -6 35 -83 90 2 -17 4 15 -53 100
	cCb -2 -3 -4 -1 -2 -6 1 -4 0 -4 -6 -8 1 -3 -4 -4 -11 27 2 -6 -6 -1 -9 41 -14
	cCr 0 -2 0 4 -8 -6 4 -4 -6 -3 11 4 3 -2 -6 -9 9 17 20 8 -6 2 22 7 -1
E 409575834 410410000 1 39904 1
	p 3 7 0 11 0 1 128 192 256 128 192 256
	sY 11  0 0 24 53 40 60 56 40 72 0 88 0 112 0 144 0 176 0 208 0 240 0
	sCb 5 0 6 27 6 40 3 54 3 255 3
	sCr 2 0 1 255 2
	cY 0 -2 -3 10 5 0 -3 -3 -2 22 -34 -13 9 0 -4 28 -72 84 4 -15 2 14 -50 96
	cCb -2 -2 -3 0 -3 -4 -1 -3 -1 -2 -11 -8 0 -1 -2 -2 -13 38 10 -5 -9 -2 -15 49 -8
	cCr 0 -1 -2 2 -5 -4 3 -2 -5 -5 9 1 -3 -3 -4 -9 10 21 15 4 -5 -1 18 9 -1
E 410410000 411244167 1 46666 1
	p 3 7 0 11 0 1 128 192 256 128 192 256
	sY 11  0 0 24 53 40 60 56 40 72 0 88 0 112 0 144 0 176 0 208 0 240 0
	sCb 5 0 6 27 6 40 4 54 3 255 3
	sCr 2 0 1 255 2
	cY 0 -2 -4 10 5 0 -3 -2 -2 22 -34 -13 9 0 -4 27 -70 83 4 -15 2 15 -50 96
	cCb -3 -1 -3 -2 -2 -4 -2 -4 -2 -3 -9 -7 -1 -2 -4 -2 -13 34 6 -5 -7 0 -15 47 -7
	cCr 0 -2 -3 1 -6 -4 3 -1 -6 -5 8 0 -5 -3 -4 -10 11 21 14 4 -5 -1 17 9 -1
E 411244167 412078334 1 53428 1
	p 3 7 0 11 0 1 128 192 256 128 192 256
	sY 11  0 0 24 53 40 60 56 40 72 0 88 0 112 0 144 0 176 0 208 0 240 0
	sCb 5 0 9 27 8 40 4 54 4 255 4
	sCr 2 0 1 255 1
	cY 0 -2 -3 8 5 -1 -3 -3 -2 22 -33 -12 10 -1 -4 27 -71 83 2 -15 3 13 -48 94
	cCb -3 -3 -3 -2 -3 -3 -2 -3 -2 -4 -6 -6 -1 -2 -4 -4 -12 24 -2 -6 -6 -3 -8 31 -16
	cCr 1 -1 -3 1 -6 -4 3 -2 -5 -5 9 0 -2 -3 -4 -9 11 21 14 4 -6 -2 18 9 -1
E 412078334 412912500 1 60190 1
	p 3 7 0 11 0 1 128 192 256 128 192 256
	sY 11  0 0 24 53 40 60 56 40 72 0 88 0 112 0 144 0 176 0 208 0 240 0
	sCb 5 0 9 27 8 40 4 54 4 255 4
	sCr 2 0 1 255 1
	cY 0 -2 -3 8 5 -1 -2 -2 -3 22 -33 -11 9 -1 -4 27 -71 82 1 -14 2 13 -47 93
	cCb -2 -4 -4 -2 -2 -5 -1 -3 -1 -5 -6 -6 1 -4 -4 -4 -8 21 0 -6 -5 -2 -8 33 -17
	cCr 1 -2 -3 0 -6 -5 2 -1 -6 -5 8 0 -2 -3 -5 -8 11 20 13 3 -5 -1 18 8 -1
E 412912500 413746667 1 1416 1
	p 3 7 0 11 0 1 128 192 256 128 192 256
	sY 11  0 0 24 53 40 60 56 40 72 0 88 0 112 0 144 0 176 0 208 0 240 0
	sCb 5 0 10 27 9 40 5 54 4 255 4
	sCr 2 0 1 255 1
	cY 0 -2 -3 7 4 -1 -2 -3 -3 20 -32 -8 7 -1 -3 24 -65 79 -2 -12 2 11 -42 87
	cCb -3 -3 -3 -2 -4 -3 -1 -3 -3 -4 -6 -5 -3 -3 -3 -5 -6 18 1 -5 -5 -2 -9 32 -19
	cCr 0 -1 -2 1 -6 -4 3 -2 -5 -5 8 1 -1 -3 -4 -8 11 17 13 5 -5 0 19 6 -1
E 413746667 414580834 1 8178 1
	p 3 7 0 11 0 1 128 192 256 128 192 256
	sY 11  0 0 24 53 40 60 56 40 72 0 88 0 112 0 144 0 176 0 208 0 240 0
	sCb 5 0 10 27 9 40 5 54 4 255 4
	sCr 2 0 1 255 1
	cY 0 -1 -3 8 4 -1 -2 -2 -4 21 -32 -9 8 -1 -4 26 -67 80 -2 -13 2 12 -45 89
	cCb -3 -3 -5 -2 -4 -4 -1 -3 -3 -4 -6 -6 -1 -4 -4 -4 -8 19 -1 -6 -4 -2 -8 30 -19
	cCr 0 -2 -3 1 -7 -5 3 -2 -5 -4 9 0 0 -2 -4 -8 11 18 14 5 -5 0 19 7 -2
E 414580834 415415000 1 14940 1
	p 3 7 0 11 0 1 128 192 256 128 192 256
	sY 11  0 0 24 53 40 60 56 40 72 0 88 0 112 0 144 0 176 0 208 0 240 0
	sCb 5 0 10 27 9 40 5 54 4 255 4
	sCr 2 0 1 255 1
	cY 0 -1 -3 8 4 -1 -2 -2 -3 20 -32 -8 7 0 -4 24 -66 79 -2 -13 2 12 -44 89
	cCb -2 -3 -3 -2 -3 -5 -1 -3 -4 -3 -6 -6 0 -4 -4 -4 -9 18 -1 -6 -5 -2 -5 27 -20
	cCr 0 -3 -2 1 -7 -4 3 -2 -6 -4 8 0 -1 -3 -4 -7 11 17 13 5 -4 -1 18 5 -2
E 415415000 416249167 1 21702 1
	p 3 7 0 11 0 1 128 192 256 128 192 256
	sY 11  0 0 24 53 40 60 56 40 72 0 88 0 112 0 144 0 176 0 208 0 240 0
	sCb 5 0 10 27 9 40 5 54 5 255 5
	sCr 2 0 1 255 1
	cY 0 -1 -3 8 4 -1 -2 -2 -4 22 -33 -7 8 -1 -4 26 -67 81 -3 -12 2 11 -43 87
	cCb -2 -3 -4 -3 -3 -6 0 -4 -4 -4 -7 -7 0 -4 -4 -4 -9 19 0 -6 -5 -3 -8 31 -19
	cCr 1 -2 -2 0 -6 -4 3 -2 -5 -4 8 0 -1 -2 -5 -8 11 17 13 5 -5 -1 19 7 -1
E 416249167 417083334 1 28464 1
	p 3 7 0 11 0 1 128 192 256 128 192 256
	sY 11  0 0 24 53 40 60 56 40 72 0 88 0 112 0 144 0 176 0 208 0 240 0
	sCb 4 0 14 27 14 40 10 255 9
	sCr 2 0 1 255 1
	cY 0 -1 -3 7 3 -1 -2 -2 -3 17 -29 -6 6 -1 -3 21 -59 74 -4 -11 2 10 -39 82
	cCb -3 -3 -5 -3 -4 -4 -1 -4 -4 -6 -7 -6 -3 -4 -4 -5 -10 8 -6 -5 -5 -3 -7 18 -33
	cCr 1 -2 -3 1 -6 -4 2 -2 -5 -5 8 0 -3 -2 -5 -8 11 19 12 3 -4 -1 17 7 -2
E 417083334 417500417 1 35226 1
	p 3 7 0 11 0 1 128 192 256 128 192 256
	sY 11  0 0 24 53 40 60 56 40 72 0 88 0 112 0 144 0 176 0 208 0 240 0
	sCb 4 0 15 27 15 40 10 255 10
	sCr 2 0 2 255 2
	cY 0 -1 -2 6 2 -1 -1 -2 -2 13 -25 -5 5 -1 -2 17 -49 68 -5 -9 2 7 -32 73
	cCb -2 -4 -4 -4 -4 -4 -2 -4 -4 -5 -7 -6 -2 -4 -4 -5 -3 7 -3 -6 -4 -3 -7 16 -37
	cCr 1 -1 -3 0 -7 -4 4 0 -5 -9 8 -5 -4 -2 -4 -13 6 28 11 0 -6 -1 18 15 -3
E 417500417 417917500 1 7391 1
	p 3 7 0 11 0 1 128 192 256 128 192 256
	sY 11  0 0 24 36 40 43 56 0 72 0 88 0 112 0 144 0 176 0 208 0 240 0
	sCb 5 0 3 27 2 40 1 54 1 255 1
	sCr 2 0 0 255 0
	cY 3 -2 -9 9 14 -10 1 0 -24 58 -52 -18 23 -7 -16 68 -126 115 -1 -20 7 20 -68 119
	cCb 1 -4 -4 0 4 -16 9 -4 3 -5 -4 -21 18 -7 -7 -4 -10 31 13 -9 -6 5 -14 44 -12
	cCr 1 -1 3 13 -23 -17 19 -4 -6 -8 9 -4 20 -2 -6 -16 1 22 43 7 -10 12 23 11 -1
E 417917500 418751667 1 10772 1
	p 3 7 0 11 0 1 128 192 256 128 192 256
	sY 11  0 0 24 36 40 43 56 0 72 0 88 0 112 0 144 0 176 0 208 0 240 0
	sCb 4 0 3 27 3 40 2 255 2
	sCr 2 0 0 255 0
	cY 1 -2 -4 8 6 -2 -2 -2 -7 29 -37 -11 10 -1 -7 35 -81 91 0 -13 3 14 -51 99
	cCb -1 -3 -2 -1 -2 -4 -1 -3 -1 -3 -5 -5 2 -3 -2 -2 -11 28 0 -5 -3 0 -8 35 -15
	cCr 2 -1 -1 7 -10 -8 10 -2 -6 -7 12 -3 2 -2 -5 -13 6 28 23 3 -7 5 20 16 -2
E 418751667 419585834 1 17534 1
	p 3 7 0 11 0 1 128 192 256 128 192 256
	sY 11  0 0 24 36 40 43 56 0 72 0 88 0 112 0 144 0 176 0 208 0 240 0
	sCb 5 0 3 27 3 40 2 54 2 255 2
	sCr 2 0 0 255 0
	cY 1 -3 -4 8 7 -3 -2 -3 -6 29 -37 -11 11 -2 -6 35 -81 90 0 -14 3 13 -49 98
	cCb -2 -3 -4 0 -2 -3 -1 -4 -2 -2 -5 -6 1 -3 -2 -3 -11 28 1 -6 -2 -1 -7 33 -14
	cCr 2 -2 -3 7 -8 -7 6 -1 -5 -7 12 -3 -1 -2 -5 -13 7 28 22 5 -4 7 23 18 -2
E 419585834 420420000 1 24296 1
	p 3 7 0 11 0 1 128 192 256 128 192 256
	sY 11  0 0 24 36 40 43 56 0 72 0 88 0 112 0 144 0 176 0 208 0 240 0
	sCb 4 0 3 27 3 40 2 255 1
	sCr 2 0 0 255 0
	cY 1 -2 -4 8 5 -3 -1 -2 -6 26 -36 -7 9 -2 -6 31 -72 85 -4 -10 3 12 -44 90
	cCb -1 -4 -3 -1 -3 -3 -1 -2 -1 -3 -6 -6 1 -3 -3 -2 -9 26 3 -4 -5 -2 -8 33 -17
	cCr 1 -2 -3 7 -8 -5 6 0 -6 -8 11 -3 -1 -2 -5 -12 7 27 18 4 -5 4 22 16 -2
E 420420000 421254167 1 31058 1
	p 3 7 0 11 0 1 128 192 256 128 192 256
	sY 11  0 0 24 36 40 43 56 0 72 0 88 0 112 0 144 0 176 0 208 0 240 0
	sCb 4 0 3 27 3 40 2 255 2
	sCr 2 0 0 255 0
	cY 1 -2 -4 8 6 -2 -2 -3 -6 28 -37 -11 10 -2 -6 34 -79 89 1 -13 3 14 -50 98
	cCb -2 -2 -5 0 -2 -4 0 -3 -2 -2 -5 -5 1 -4 -2 -2 -10 28 2 -5 -4 0 -9 35 -14
	cCr 2 -2 -1 6 -9 -6 6 -1 -6 -8 12 -3 -1 -3 -6 -13 7 27 19 4 -5 4 22 18 -2
E 421254167 422088334 1 37820 1
	p 3 7 0 11 0 1 128 192 256 128 192 256
	sY 11  0 0 24 36 40 43 56 0 72 0 88 0 112 0 144 0 176 0 208 0 240 0
	sCb 4 0 2 27 2 40 1 255 1
	sCr 2 0 0 255 0
	cY 0 -2 -4 9 5 -1 -2 -2 -4 25 -36 -10 8 -1 -5 30 -73 86 1 -12 2 13 -47 95
	cCb -2 -1 -4 2 -3 -4 0 -4 0 -2 -8 -4 0 -4 -1 -1 -15 35 0 -5 -4 -1 -10 41 -13
	cCr 1 -2 -2 4 -7 -5 4 -1 -6 -5 11 0 -3 -3 -4 -10 9 25 17 5 -5 1 20 13 -2
E 422088334 422922500 1 44582 1
	p 3 7 0 11 0 1 128 192 256 128 192 256
	sY 11  0 0 24 36 40 43 56 0 72 0 88 0 112 0 144 0 176 0 208 0 240 0
	sCb 4 0 2 27 2 40 1 255 1
	sCr 2 0 0 255 0
	cY 1 -2 -4 9 5 -2 -2 -2 -6 25 -36 -9 9 -1 -6 30 -73 85 1 -12 3 13 -48 95
	cCb -2 -3 -2 -2 -1 -4 -2 -3 -2 -2 -7 -6 3 -4 -2 -2 -12 33 0 -5 -4 0 -11 39 -14
	cCr 1 -2 -2 3 -6 -5 4 0 -5 -6 10 -1 -2 -3 -5 -11 9 25 16 4 -6 0 20 14 -2
E 422922500 423756667 1 51344 1
	p 3 7 0 11 0 1 128 192 256 128 192 256
	sY 11  0 0 24 36 40 43 56 0 72 0 88 0 112 0 144 0 176 0 208 0 240 0
	sCb 4 0 2 27 2 40 1 255 1
	sCr 2 0 0 255 0
	cY 0 -1 -4 8 5 -2 -2 -2 -5 24 -34 -9 8 -1 -5 28 -68 83 0 -11 2 12 -45 91
	cCb -2 -3 -2 1 -2 -3 -2 -3 0 -2 -8 -5 -1 -3 -2 -3 -12 32 -1 -5 -5 -2 -8 37 -15
	cCr 1 -2 -2 3 -5 -4 2 -1 -7 -5 10 0 -4 -2 -5 -9 11 23 14 4 -4 0 20 11 -2
E 423756667 424590834 1 58106 1
	p 3 7 0 11 0 1 128 192 256 128 192 256
	sY 11  0 0 24 36 40 43 56 0 72 0 88 0 112 0 144 0 176 0 208 0 240 0
	sCb 4 0 2 27 2 40 1 255 1
	sCr 2 0 0 255 0
	cY 0 -2 -4 9 5 -1 -2 -2 -4 25 -36 -10 9 -1 -5 29 -73 86 2 -12 2 13 -47 95
	cCb -3 -3 -2 3 -2 -4 0 -3 0 -2 -7 -6 0 -3 -3 0 -15 34 -1 -5 -5 -1 -9 39 -12
	cCr 1 -2 -2 4 -5 -6 2 -1 -6 -5 10 0 -3 -2 -5 -9 12 23 14 4 -4 -1 19 11 -2
E 424590834 425425000 1 64868 1
	p 3 7 0 11 0 1 128 192 256 128 192 256
	sY 11  0 0 24 36 40 43 56 0 72 0 88 0 112 0 144 0 176 0 208 0 240 0
	sCb 4 0 2 27 2 40 1 255 1
	sCr 2 0 0 255 0
	cY 0 -1 -5 10 5 -1 -2 -2 -4 24 -35 -12 9 0 -5 28 -71 84 5 -13 2 14 -50 97
	cCb -1 -2 -4 1 -2 -3 -3 -3 0 -3 -7 -5 0 -2 -2 -2 -10 31 0 -6 -4 0 -8 35 -12
	cCr 1 -2 -2 2 -6 -4 3 -1 -6 -4 9 0 -3 -2 -4 -10 11 23 16 5 -4 0 19 13 -1
E 425425000 426259167 1 6094 1
	p 3 7 0 11 0 1 128 192 256 128 192 256
	sY 11  0 0 24 36 40 43 56 0 72 0 88 0 112 0 144 0 176 0 208 0 240 0
	sCb 4 0 2 27 2 40 1 255 1
	sCr 2 0 0 255 0
	cY 0 -2 -4 8 5 -2 -1 -2 -4 23 -34 -9 8 -2 -5 28 -69 83 -1 -11 2 12 -45 91
	cCb -1 -3 -3 -2 -2 -3 -2 -3 -1 -2 -5 -4 -2 -2 -2 -2 -10 30 -2 -4 -4 0 -9 35 -13
	cCr 1 -1 -2 2 -5 -5 2 -1 -5 -5 10 0 -3 -3 -5 -9 13 22 14 3 -5 -1 19 11 -1
E 426259167 427093334 1 12856 1
	p 3 7 0 11 0 1 128 192 256 128 192 256
	sY 11  0 0 24 36 40 43 56 0 72 0 88 0 112 0 144 0 176 0 208 0 240 0
	sCb 4 0 2 27 2 40 1 255 1
	sCr 2 0 0 255 0
	cY 0 -1 -4 10 4 -1 -2 -2 -4 24 -35 -10 8 0 -5 27 -69 83 2 -12 2 13 -46 93
	cCb -2 -1 -3 -1 -1 -4 -2 -4 0 -2 -7 -4 0 -3 -2 -3 -12 31 0 -5 -4 -1 -7 35 -14
	cCr 1 -1 -2 3 -5 -4 3 -2 -5 -5 10 0 -3 -2 -4 -9 11 23 13 5 -4 0 19 11 -2
E 427093334 427927500 1 19618 1
	p 3 7 0 11 0 1 128 192 256 128 192 256
	sY 11  0 0 24 36 40 43 56 0 72 0 88 0 112 0 144 0 176 0 208 0 240 0
	sCb 4 0 2 27 2 40 1 255 1
	sCr 2 0 0 255 0
	cY 0 -1 -5 10 4 -1 -2 -2 -4 23 -34 -10 8 0 -5 27 -69 83 3 -13 2 14 -48 95
	cCb -1 -2 -4 2 -1 -6 0 -4 -1 -3 -7 -9 3 -5 -2 -4 -10 28 2 -5 -3 -3 -7 32 -13
	cCr 0 -2 -2 3 -9 -7 6 0 -4 -7 9 -4 -1 -2 -4 -13 8 31 17 2 -8 0 18 17 -2
E 427927500 428761667 1 26380 1
	p 3 7 0 11 0 1 128 192 256 128 192 256
	sY 11  0 0 24 36 40 43 56 0 72 0 88 0 112 0 144 0 176 0 208 0 240 0
	sCb 5 0 2 27 2 40 1 54 1 255 1
	sCr 2 0 0 255 0
	cY 0 0 -5 9 4 -1 -2 -1 -5 22 -34 -8 7 -1 -4 25 -64 79 1 -11 2 12 -45 90
	cCb 0 -3 -2 1 0 -4 -1 -2 0 -3 -10 -7 2 -3 -3 -2 -14 41 8 -8 -3 2 -15 49 -8
	cCr 0 -2 -1 3 -8 -5 5 -2 -7 -5 9 1 0 -3 -4 -9 8 19 18 6 -5 2 21 8 -1
E 428761667 429595834 1 33142 1
	p 3 7 0 11 0 1 128 192 256 128 192 256
	sY 11  0 0 24 36 40 43 56 0 72 0 88 0 112 0 144 0 176 0 208 0 240 0
	sCb 4 0 2 27 2 40 1 255 1
	sCr 2 0 0 255 0
	cY -1 0 -5 10 4 0 -2 -1 -5 24 -36 -9 6 0 -5 26 -67 82 2 -11 1 13 -46 93
	cCb -2 -2 -4 2 -1 -3 -3 -2 1 -3 -8 -10 0 -1 -1 -2 -17 46 5 -6 -3 1 -13 49 -8
	cCr 0 -2 -1 3 -7 -6 3 -2 -6 -5 10 3 -1 -3 -5 -8 10 20 18 6 -6 1 20 9 -1
E 429595834 430430000 1 39904 1
	p 3 7 0 11 0 1 128 192 256 128 192 256
	sY 11  0 0 24 36 40 43 56 0 72 0 88 0 112 0 144 0 176 0 208 0 240 0
	sCb 5 0 2 27 2 40 1 54 1 255 1
	sCr 2 0 0 255 0
	cY 0 -1 -4 9 4 -2 -2 -2 -5 23 -34 -9 8 -1 -6 28 -69 83 0 -11 2 13 -46 91
	cCb -1 -2 -4 1 0 -5 -1 -4 0 -3 -6 -8 1 -4 -1 -3 -12 31 1 -6 -4 -1 -10 37 -15
	cCr 2 -1 -3 3 -6 -5 2 -1 -7 -4 12 2 -2 -3 -5 -9 11 22 16 4 -6 0 21 9 -2
E 430430000 431264167 1 46666 1
	p 3 7 0 11 0 1 128 192 256 128 192 256
	sY 11  0 0 24 36 40 43 56 0 72 0 88 0 112 0 144 0 176 0 208 0 240 0
	sCb 4 0 2 27 2 40 1 255 1
	sCr 2 0 0 255 0
	cY 0 -1 -5 9 4 -2 -2 -2 -5 25 -36 -8 8 -1 -5 28 -69 83 -1 -11 2 13 -46 91
	cCb -2 -4 -2 -1 -1 -3 -3 -4 -2 -3 -5 -6 0 -3 -3 -2 -12 30 0 -5 -4 1 -11 39 -13
	cCr 1 -2 -2 4 -7 -6 4 -2 -7 -6 10 0 -2 -2 -5 -10 11 23 17 5 -5 1 19 11 -1
E 431264167 432098334 1 53428 1
	p 3 7 0 11 0 1 128 192 256 128 192 256
	sY 11  0 0 24 36 40 43 56 0 72 0 88 0 112 0 144 0 176 0 208 0 240 0
	sCb 5 0 3 27 2 40 1 54 1 255 1
	sCr 2 0 0 255 0
	cY 0 -2 -3 7 4 -2 -1 -2 -5 23 -33 -7 8 -2 -5 27 -66 81 -3 -10 2 11 -42 88
	cCb -2 -2 -1 0 -2 -4 -1 -2 -3 -3 -5 -5 0 -4 -3 -1 -11 26 -1 -5 -4 -1 -8 33 -16
	cCr 1 -2 -3 5 -7 -5 5 0 -6 -7 11 -2 -3 -2 -5 -13 8 27 17 2 -6 2 22 16 -1
E 432098334 432932500 1 60190 1
	p 3 7 0 11 0 1 128 192 256 128 192 256
	sY 11  0 0 24 36 40 43 56 0 72 0 88 0 112 0 144 0 176 0 208 0 240 0
	sCb 5 0 2 27 2 40 1 54 1 255 1
	sCr 2 0 0 255 0
	cY 1 -2 -5 9 6 -2 -2 -3 -6 28 -37 -11 11 -2 -6 33 -78 88 2 -14 4 14 -51 99
	cCb -2 -1 -4 0 -1 -5 -1 -2 -1 -4 -6 -7 1 -2 -4 -2 -12 31 0 -5 -5 -2 -8 37 -12
	cCr 3 -2 -3 5 -8 -6 6 -1 -5 -7 10 -4 -1 -1 -6 -13 8 27 19 3 -6 3 21 13 -1
E 432932500 433766667 1 1416 1
	p 3 7 0 11 0 1 128 192 256 128 192 256
	sY 11  0 0 24 36 40 43 56 0 72 0 88 0 112 0 144 0 176 0 208 0 240 0
	sCb 5 0 2 27 2 40 1 54 1 255 1
	sCr 2 0 0 255 0
	cY 1 -2 -4 9 5 -2 -2 -3 -6 27 -36 -10 10 -1 -5 32 -76 87 0 -13 3 13 -48 96
	cCb -3 -2 -5 0 -2 -4 0 -3 -2 -4 -4 -5 0 -3 -3 -3 -11 29 1 -6 -4 -2 -6 33 -14
	cCr 2 -2 -3 7 -7 -5 6 0 -6 -8 11 -2 -3 -2 -4 -12 9 26 15 2 -6 1 21 15 -1
E 433766667 434600834 1 8178 1
	p 3 7 0 11 0 1 128 192 256 128 192 256
	sY 11  0 0 24 36 40 43 56 0 72 0 88 0 112 0 144 0 176 0 208 0 240 0
	sCb 5 0 2 27 2 40 1 54 1 255 1
	sCr 2 0 0 255 0
	cY 1 -2 -4 9 6 -2 -2 -3 -5 26 -36 -10 10 -1 -5 31 -76 87 0 -13 3 13 -48 95
	cCb -1 -3 -2 0 -3 -3 -2 -4 -1 -4 -7 -4 -2 -4 -3 -4 -9 31 0 -6 -3 0 -7 32 -12
	cCr 1 -1 -3 6 -7 -6 6 -1 -6 -7 10 -2 -1 -2 -5 -12 11 26 17 3 -7 2 20 14 -2
E 434600834 435435000 1 14940 1
	p 3 7 0 11 0 1 128 192 256 128 192 256
	sY 11  0 0 24 36 40 43 56 0 72 0 88 0 112 0 144 0 176 0 208 0 240 0
	sCb 5 0 2 27 2 40 1 54 1 255 1
	sCr 2 0 0 255 0
	cY 0 -1 -5 9 4 -2 -2 -1 -6 24 -34 -8 8 -2 -6 29 -69 82 -1 -12 3 14 -47 92
	cCb -3 -2 -4 0 -3 -4 -2 -3 -2 -3 -4 -5 -2 -1 -3 -2 -11 29 -1 -3 -5 -1 -7 34 -14
	cCr 2 -1 -3 4 -7 -6 3 0 -7 -6 13 -1 -3 -3 -4 -11 11 26 16 2 -4 3 21 13 -1
E 435435000 436269167 1 21702 1
	p 3 7 0 11 0 1 128 192 256 128 192 256
	sY 11  0 0 24 36 40 43 56 0 72 0 88 0 112 0 144 0 176 0 208 0 240 0
	sCb 5 0 2 27 2 40 1 54 1 255 1
	sCr 2 0 0 255 0
	cY 0 -2 -5 9 6 -2 -2 -2 -6 28 -36 -12 11 -1 -6 34 -79 87 2 -15 3 15 -51 99
	cCb -4 -2 -3 -2 -2 -5 -3 -2 -4 -3 -4 -6 0 -2 -3 -3 -12 29 -2 -5 -5 -1 -8 32 -12
	cCr 2 -2 -3 4 -7 -6 4 -1 -6 -6 9 -2 -2 -3 -5 -11 11 26 18 3 -5 1 21 15 -1
E 436269167 437103334 1 28464 1
	p 3 7 0 11 0 1 128 192 256 128 192 256
	sY 11  0 0 24 36 40 43 56 0 72 0 88 0 112 0 144 0 176 0 208 0 240 0
	sCb 5 0 2 27 2 40 1 54 1 255 1
	sCr 2 0 0 255 0
	cY 0 -1 -4 8 4 -2 -1 -2 -5 24 -34 -6 8 -2 -6 29 -67 82 -4 -9 2 11 -43 88
	cCb -2 -4 -4 0 -2 -5 0 -3 0 -4 -5 -7 0 -5 -4 -5 -7 25 4 -4 -5 0 -6 29 -14
	cCr 1 -3 -3 3 -6 -5 3 -1 -6 -6 10 -2 -4 -3 -4 -11 10 25 15 3 -5 2 20 13 -2
E 437103334 437937500 1 35226 1
	p 3 7 0 11 0 1 128 192 256 128 192 256
	sY 11  0 0 24 36 40 43 56 0 72 0 88 0 112 0 144 0 176 0 208 0 240 0
	sCb 5 0 3 27 2 40 1 54 1 255 1
	sCr 2 0 0 255 0
	cY 1 -2 -5 8 6 -4 -1 -1 -10 33 -40 -8 11 -3 -9 39 -84 92 -4 -12 4 14 -50 97
	cCb -1 -4 -4 0 0 -9 4 -3 -1 -3 -7 -12 9 -5 -2 -5 -10 26 8 -8 -5 -1 -7 34 -11
	cCr 2 -2 -1 7 -9 -7 9 -1 -4 -8 9 -7 3 -2 -6 -14 6 32 22 1 -8 2 21 20 -1
E 437937500 438771667 1 41988 1
	p 3 7 0 11 0 1 128 192 256 128 192 256
	sY 11  0 0 24 36 40 43 56 0 72 0 88 0 112 0 144 0 176 0 208 0 240 0
	sCb 5 0 4 27 3 40 1 54 1 255 1
	sCr 2 0 0 255 0
	cY 0 -1 -4 8 5 -3 -1 -1 -7 24 -35 -7 9 -2 -6 29 -70 82 -3 -12 3 13 -46 91
	cCb -2 -3 -4 -1 -3 -5 0 -3 -2 -4 -6 -6 -1 -3 -3 -5 -12 17 -3 -6 -5 -1 -7 25 -23
	cCr 0 -3 0 6 -9 -6 7 -2 -7 -7 12 -1 0 -3 -5 -12 7 24 18 4 -6 5 22 11 -1
E 438771667 439605834 1 48750 1
	p 3 7 0 11 0 1 128 192 256 128 192 256
	sY 11  0 0 24 36 40 43 56 0 72 0 88 0 112 0 144 0 176 0 208 0 240 0
	sCb 6 0 3 13 3 27 3 40 1 54 1 255 1
	sCr 2 0 0 255 0
	cY 1 -3 -3 7 7 -3 -2 -3 -6 28 -36 -10 11 -2 -6 34 -78 89 -2 -13 3 13 -47 95
	cCb -2 -4 -3 -1 -3 -6 -1 -4 -3 -5 -5 -6 0 -4 -4 -3 -11 21 -2 -5 -5 0 -7 28 -20
	cCr 2 -3 -2 8 -8 -7 6 0 -6 -6 12 -2 -1 -2 -6 -13 8 26 19 4 -5 5 23 14 -1
E 439605834 440440000 1 55512 1
	p 3 7 0 11 0 1 128 192 256 128 192 256
	sY 11  0 0 24 36 40 43 56 0 72 0 88 0 112 0 144 0 176 0 208 0 240 0
	sCb 5 0 3 27 2 40 1 54 1 255 1
	sCr 2 0 0 255 0
	cY 0 -1 -5 10 5 -2 -2 -2 -5 26 -35 -11 10 -1 -6 31 -75 85 2 -14 3 15 -50 97
	cCb -2 -3 -4 0 -3 -5 -2 -5 -1 -3 -9 -5 -1 -3 -3 -5 -11 30 -2 -5 -5 -2 -6 30 -14
	cCr 2 -2 0 6 -7 -5 5 -1 -6 -6 11 0 -2 -2 -5 -10 10 22 17 4 -5 3 22 11 -1
E 440440000 441274167 1 62274 1
	p 3 7 0 11 0 1 128 192 256 128 192 256
	sY 11  0 0 24 36 40 43 56 0 72 0 88 0 112 0 144 0 176 0 208 0 240 0
	sCb 5 0 3 27 2 40 1 54 1 255 1
	sCr 2 0 0 255 0
	cY 0 -1 -4 8 5 -3 -1 -1 -6 25 -35 -8 9 -2 -6 30 -70 82 -1 -12 3 13 -47 92
	cCb -2 -5 -3 -1 -3 -4 0 -1 -2 -4 -6 -5 -1 -4 -3 -4 -11 28 1 -5 -4 1 -8 32 -14
	cCr 2 -2 -3 4 -8 -5 6 -1 -7 -7 12 -1 -2 -3 -4 -12 8 26 18 4 -6 3 23 14 -1
E 441274167 442108334 1 3500 1
	p 3 7 0 11 0 1 128 192 256 128 192 256
	sY 11  0 0 24 36 40 43 56 0 72 0 88 0 112 0 144 0 176 0 208 0 240 0
	sCb 6 0 3 13 3 27 3 40 1 54 1 255 1
	sCr 2 0 0 255 0
	cY 1 -2 -4 8 6 -3 -2 -3 -5 26 -35 -10 10 -2 -5 31 -75 86 0 -13 3 13 -49 96
	cCb -2 -3 -4 -1 -3 -5 -2 -4 -3 -4 -6 -6 0 -4 -4 -4 -9 23 -1 -6 -5 -2 -7 27 -16
	cCr 1 -3 -3 4 -7 -5 5 -1 -6 -7 10 -3 -3 -3 -4 -11 8 25 18 3 -6 2 20 13 -1
E 442108334 442942500 1 10262 1
	p 3 7 0 11 0 1 128 192 256 128 192 256
	sY 11  0 0 24 36 40 43 56 0 72 0 88 0 112 0 144 0 176 0 208 0 240 0
	sCb 5 0 3 27 3 40 1 54 1 255 1
	sCr 2 0 0 255 0
	cY 1 -2 -5 9 6 -3 -1 -2 -7 28 -36 -10 11 -2 -6 34 -78 88 0 -14 4 14 -51 97
	cCb -3 -3 -4 -1 -3 -6 2 -4 -3 -4 -7 -6 2 -5 -4 -3 -8 19 0 -6 -4 -1 -8 26 -19
	cCr 1 -2 -3 5 -8 -6 8 0 -6 -7 10 -4 0 -1 -4 -13 8 28 20 3 -7 3 20 15 -2
E 442942500 443776667 1 17024 1
	p 3 7 0 11 0 1 128 192 256 128 192 256
	sY 11  0 0 24 36 40 43 56 0 72 0 88 0 112 0 144 0 176 0 208 0 240 0
	sCb 6 0 3 13 3 27 3 40 1 54 1 255 1
	sCr 2 0 0 255 0
	cY 1 -2 -4 9 6 -3 -2 -2 -6 27 -36 -10 10 -2 -6 32 -76 86 0 -14 3 14 -50 97
	cCb -4 -2 -4 0 -3 -4 0 -1 -3 -4 -6 -6 0 -3 -5 -4 -8 22 0 -6 -4 -1 -6 27 -16
	cCr 2 -2 -2 4 -8 -4 5 -1 -5 -6 10 -3 -2 -1 -4 -12 9 26 17 1 -5 2 19 12 -1
E 443776667 444610834 1 23786 1
	p 3 7 0 11 0 1 128 192 256 128 192 256
	sY 11  0 0 24 36 40 43 56 0 72 0 88 0 112 0 144 0 176 0 208 0 240 0
	sCb 6 0 3 13 3 27 3 40 1 54 1 255 1
	sCr 2 0 0 255 0
	cY 1 -3 -3 7 6 -3 -2 -3 -5 27 -37 -9 10 -2 -6 32 -76 88 -3 -12 3 12 -45 93
	cCb -3 -3 -4 -2 -2 -5 -1 -3 -3 -4 -6 -7 1 -4 -3 -3 -9 22 0 -5 -4 -1 -8 29 -18
	cCr 2 -2 -3 5 -8 -6 6 0 -6 -6 12 -3 -1 -1 -5 -12 9 28 17 1 -5 1 20 13 -1
E 444610834 445445000 1 30548 1
	p 3 7 0 11 0 1 128 192 256 128 192 256
	sY 11  0 0 24 36 40 43 56 0 72 0 88 0 112 0 144 0 176 0 208 0 240 0
	sCb 6 0 4 13 4 27 3 40 1 54 1 255 1
	sCr 2 0 0 255 0
	cY 1 -2 -4 8 5 -3 -2 -3 -5 26 -35 -10 10 -2 -5 30 -74 86 -1 -13 3 13 -47 94
	cCb -2 -3 -4 -1 -3 -5 -1 -4 -2 -4 -6 -5 -2 -3 -3 -4 -10 18 -2 -5 -4 -1 -6 24 -20
	cCr 1 -2 -3 4 -6 -4 5 -1 -7 -7 12 -2 -3 -2 -6 -13 8 28 15 3 -6 2 19 16 -1
E 530112917 530530000 1 7391 1
	p 3 7 0 11 0 1 128 192 256 128 192 256
	sY 11  0 0 24 10 40 31 56 22 72 0 88 0 112 0 144 0 176 0 208 0 240 0
	sCb 5 0 1 27 1 40 1 54 1 255 1
	sCr 2 0 0 255 0
	cY 2 -1 -6 9 7 -6 0 -1 -15 41 -45 -8 15 -5 -11 48 -97 100 -6 -15 5 15 -54 102
	cCb 0 -3 -5 2 1 -18 10 -3 3 -7 2 -23 19 -7 -4 -4 -9 26 21 -7 -8 2 -11 55 -15
	cCr 5 1 0 10 -20 -15 15 -2 -2 -8 11 -4 12 -1 -9 -15 9 27 36 6 -9 9 22 13 0
E 530530000 531364167 1 10772 1
	p 3 7 0 11 0 1 128 192 256 128 192 256
	sY 11  0 0 24 10 40 31 56 22 72 0 88 0 112 0 144 0 176 0 208 0 240 0
	sCb 5 0 2 27 2 40 1 54 1 255 1
	sCr 2 0 0 255 0
	cY 1 -2 -3 8 5 -2 -1 -2 -5 24 -33 -8 9 -2 -6 30 -71 83 -2 -12 3 13 -45 92
	cCb -1 -3 -2 0 -4 -6 2 -3 -1 -6 0 -8 4 -4 -3 -4 -9 21 6 -6 -5 -2 -1 36 -19
	cCr 3 -1 -3 9 -12 -9 9 0 -5 -8 14 -4 1 -2 -6 -15 6 32 20 1 -8 5 21 18 -2
E 531364167 532198334 1 17534 1
	p 3 7 0 11 0 1 128 192 256 128 192 256
	sY 11  0 0 24 10 40 31 56 22 72 0 88 0 112 0 144 0 176 0 208 0 240 0
	sCb 4 0 2 27 2 54 1 255 1
	sCr 2 0 0 255 0
	cY 1 -2 -3 8 5 -2 -1 -2 -5 23 -33 -8 9 -2 -6 30 -72 84 -2 -12 3 13 -45 92
	cCb -2 -3 -4 1 -3 -8 4 -3 -2 -5 -1 -9 5 -5 -3 -4 -9 16 6 -6 -6 -3 -4 36 -21
	cCr 1 -2 -1 7 -12 -9 9 -2 -8 -8 14 -3 1 -1 -4 -14 5 29 20 3 -8 5 21 14 -1
E 532198334 533032500 1 24296 1
	p 3 7 0 11 0 1 128 192 256 128 192 256
	sY 11  0 0 24 10 40 31 56 22 72 0 88 0 112 0 144 0 176 0 208 0 240 0
	sCb 2 0 1 255 1
	sCr 2 0 0 255 0
	cY 1 -2 -3 8 5 -2 -1 -2 -4 23 -33 -7 8 -2 -5 29 -68 82 -3 -11 3 12 -42 88
	cCb -2 -1 -4 0 -3 -7 2 -3 -1 -5 -3 -8 2 -3 -3 -7 -7 26 9 -6 -6 0 -4 39 -17
	cCr 1 -1 -2 6 -12 -8 9 -1 -6 -9 11 -4 1 0 -5 -15 4 27 20 3 -7 5 22 14 -2
E 533032500 533866667 1 31058 1
	p 3 7 0 11 0 1 128 192 256 128 192 256
	sY 11  0 0 24 10 40 31 56 22 72 0 88 0 112 0 144 0 176 0 208 0 240 0
	sCb 2 0 1 255 1
	sCr 2 0 0 255 0
	cY 1 -2 -3 8 5 -3 -1 -2 -5 24 -34 -8 9 -2 -5 29 -70 83 -3 -12 3 12 -44 90
	cCb -1 -3 -4 1 -4 -8 3 -2 -2 -5 -2 -11 5 -4 -2 -5 -7 22 9 -5 -6 -2 -5 39 -20
	cCr 2 -2 -2 7 -13 -9 11 0 -6 -9 11 -7 3 -1 -5 -14 2 29 23 3 -9 5 21 16 -2
E 533866667 534700834 1 37820 1
	p 3 7 0 11 0 1 128 192 256 128 192 256
	sY 11  0 0 24 10 40 31 56 22 72 0 88 0 112 0 144 0 176 0 208 0 240 0
	sCb 2 0 1 255 1
	sCr 2 0 0 255 0
	cY 1 -1 -3 8 5 -3 -1 -2 -4 22 -32 -8 8 -2 -5 27 -66 80 -3 -11 2 12 -42 87
	cCb -2 -2 -6 -1 -4 -7 3 -3 -3 -3 -3 -8 3 -3 -3 -5 -7 22 7 -5 -6 -3 -3 37 -20
	cCr 3 -1 -2 7 -10 -7 10 0 -5 -7 11 -4 0 -2 -4 -14 5 28 20 2 -7 5 22 15 -1
E 534700834 535535000 1 44582 1
	p 3 7 0 11 0 1 128 192 256 128 192 256
	sY 11  0 0 24 10 40 31 56 22 72 0 88 0 112 0 144 0 176 0 208 0 240 0
	sCb 2 0 1 255 1
	sCr 2 0 0 255 0
	cY 1 -3 -3 7 5 -3 -1 -2 -4 22 -33 -7 8 -2 -6 27 -66 80 -3 -11 3 12 -42 87
	cCb -2 -2 -5 0 -4 -6 1 -2 -1 -4 -2 -8 2 -4 -4 -5 -6 21 6 -5 -6 -2 -3 38 -21
	cCr 2 -2 -2 4 -11 -7 10 0 -6 -8 11 -4 2 -1 -5 -14 6 28 19 2 -6 5 21 14 -1
E 535535000 536369167 1 51344 1
	p 3 7 0 11 0 1 128 192 256 128 192 256
	sY 11  0 0 24 10 40 31 56 22 72 0 88 0 112 0 144 0 176 0 208 0 240 0
	sCb 2 0 1 255 1
	sCr 2 0 0 255 0
	cY 1 -2 -2 7 5 -3 -1 -2 -4 20 -31 -7 7 -2 -5 26 -63 78 -3 -11 3 11 -41 85
	cCb -3 -2 -5 0 -3 -5 0 -4 -1 -6 -3 -8 1 -3 -3 -5 -4 19 5 -4 -6 -2 -3 34 -22
	cCr 2 -1 -2 5 -10 -6 9 0 -6 -7 11 -5 0 -1 -5 -13 4 25 18 2 -7 4 21 12 -2
E 536369167 537203334 1 58106 1
	p 3 7 0 11 0 1 128 192 256 128 192 256
	sY 11  0 0 24 10 40 31 56 22 72 0 88 0 112 0 144 0 176 0 208 0 240 0
	sCb 2 0 1 255 1
	sCr 2 0 0 255 0
	cY 0 -2 -3 8 4 -3 -2 -2 -3 21 -32 -8 8 -2 -5 26 -64 78 -2 -12 3 12 -42 87
	cCb -3 -3 -4 -1 -4 -6 2 -4 -2 -6 -1 -8 3 -4 -2 -5 -8 17 4 -4 -7 -2 -3 32 -25
	cCr 2 -2 -1 5 -9 -7 6 -1 -8 -8 12 -2 -2 -2 -4 -13 7 25 17 2 -6 5 23 12 -1
E 537203334 538037500 1 64868 1
	p 3 7 0 11 0 1 128 192 256 128 192 256
	sY 11  0 0 24 10 40 31 56 22 72 0 88 0 112 0 144 0 176 0 208 0 240 0
	sCb 2 0 1 255 1
	sCr 2 0 0 255 0
	cY 0 -1 -4 8 4 -2 -1 -2 -4 20 -32 -8 8 -2 -5 26 -65 79 -2 -11 2 12 -43 88
	cCb -1 -4 -4 -1 -3 -5 0 -3 -2 -4 -3 -7 0 -2 -3 -4 -9 20 2 -4 -6 -1 -3 30 -24
	cCr 2 -2 -2 6 -7 -5 5 -1 -8 -7 14 0 -3 -1 -6 -12 9 24 16 3 -4 4 25 11 -1
E 538037500 538871667 1 6094 1
	p 3 7 0 11 0 1 128 192 256 128 192 256
	sY 11  0 0 24 10 40 31 56 22 72 0 88 0 112 0 144 0 176 0 208 0 240 0
	sCb 3 0 2 54 1 255 1
	sCr 2 0 0 255 0
	cY 0 -2 -3 8 4 -2 -1 -2 -3 20 -32 -7 8 -2 -5 25 -63 78 -2 -11 3 12 -41 85
	cCb -2 -3 -4 -1 -4 -5 1 -3 -2 -5 -3 -8 1 -4 -5 -5 -8 20 0 -6 -5 -1 -4 23 -28
	cCr 1 -2 -3 5 -8 -5 6 -2 -8 -7 14 -1 -1 -3 -6 -12 6 22 15 3 -5 4 21 9 -1
E 538871667 539705834 1 12856 1
	p 3 7 0 11 0 1 128 192 256 128 192 256
	sY 11  0 0 24 10 40 31 56 22 72 0 88 0 112 0 144 0 176 0 208 0 240 0
	sCb 3 0 1 67 1 255 1
	sCr 2 0 0 255 0
	cY 0 -2 -3 8 4 -2 -2 -2 -2 18 -30 -8 7 -1 -4 23 -61 77 -2 -11 2 11 -40 84
	cCb -2 -3 -5 0 -6 -3 0 -3 -3 -6 -1 -6 0 -5 -2 -4 -8 13 0 -4 -6 -3 -3 28 -26
	cCr 1 -2 -2 6 -6 -6 5 -2 -8 -6 13 -1 -3 -2 -5 -12 9 21 14 3 -5 4 23 7 -1
E 539705834 540540000 1 19618 1
	p 3 7 0 11 0 1 128 192 256 128 192 256
	sY 11  0 0 24 10 40 31 56 22 72 0 88 0 112 0 144 0 176 0 208 0 240 0
	sCb 5 0 1 27 1 40 1 54 1 255 1
	sCr 2 0 0 255 0
	cY 1 -1 -6 9 6 -4 -1 -1 -11 33 -39 -9 12 -4 -9 41 -86 91 -4 -14 4 16 -53 99
	cCb -1 -4 -6 1 -1 -14 9 -4 2 -7 -3 -18 16 -6 -4 -7 -10 18 15 -9 -8 0 -3 35 -20
	cCr 1 -1 -1 7 -15 -9 14 -2 -6 -9 10 -6 7 -1 -6 -14 4 24 26 5 -8 8 22 10 -1
E 540540000 541374167 1 26380 1
	p 3 7 0 11 0 1 128 192 256 128 192 256
	sY 11  0 0 24 10 40 31 56 22 72 0 88 0 112 0 144 0 176 0 208 0 240 0
	sCb 2 0 1 255 1
	sCr 2 0 0 255 0
	cY 1 -2 -4 9 6 -2 -2 -2 -6 27 -36 -10 10 -2 -7 33 -76 86 -1 -13 3 14 -49 95
	cCb -1 -4 -3 2 -2 -6 3 -1 1 -6 -3 -10 0 -2 -3 -8 -7 33 15 -4 -6 1 -1 40 -8
	cCr 2 -2 -2 6 -8 -7 7 -4 -8 -7 14 2 0 -3 -7 -11 11 18 16 4 -5 7 25 3 -1
E 541374167 542208334 1 33142 1
	p 3 7 0 11 0 1 128 192 256 128 192 256
	sY 11  0 0 24 10 40 31 56 22 72 0 88 0 112 0 144 0 176 0 208 0 240 0
	sCb 2 0 1 255 1
	sCr 2 0 0 255 0
	cY 1 -2 -4 9 6 -3 -1 -2 -6 27 -36 -10 10 -2 -8 34 -75 86 -1 -13 3 15 -49 94
	cCb -1 -2 -6 3 -3 -8 4 -3 1 -6 -4 -13 5 -3 -3 -7 -7 32 14 -5 -6 1 -7 41 -9
	cCr 3 0 0 6 -10 -7 7 -2 -7 -6 13 0 1 -2 -6 -12 9 21 20 3 -7 4 22 6 -1
E 542208334 543042500 1 39904 1
	p 3 7 0 11 0 1 128 192 256 128 192 256
	sY 11  0 0 24 10 40 31 56 22 72 0 88 0 112 0 144 0 176 0 208 0 240 0
	sCb 3 0 1 40 1 255 1
	sCr 2 0 0 255 0
	cY 0 0 -4 9 4 -2 -1 -2 -4 18 -31 -7 7 -2 -5 24 -58 75 -2 -10 2 12 -41 84
	cCb -2 -4 -4 -2 -4 -6 0 -3 -3 -4 -2 -6 -1 -3 -4 -5 -5 15 3 -5 -7 -2 -3 28 -24
	cCr 2 -3 -3 5 -10 -6 8 -2 -9 -6 13 0 0 -3 -5 -11 7 17 15 4 -7 4 22 4 -1
E 543042500 543876667 1 46666 1
	p 3 7 0 11 0 1 128 192 256 128 192 256
	sY 11  0 0 24 10 40 31 56 22 72 0 88 0 112 0 144 0 176 0 208 0 240 0
	sCb 3 0 1 67 1 255 1
	sCr 2 0 0 255 0
	cY 0 0 -4 9 4 -2 -1 -1 -4 19 -32 -8 7 -1 -6 26 -60 76 -1 -10 2 14 -44 86
	cCb -2 -2 -5 0 -4 -4 1 -4 -2 -4 -3 -7 1 -4 -3 -5 -9 17 0 -5 -5 -2 -4 30 -23
	cCr 1 -2 -2 6 -8 -6 6 -2 -8 -7 14 -1 -2 -2 -6 -12 8 21 15 4 -5 7 22 7 -1
E 543876667 544710834 1 53428 1
	p 3 7 0 11 0 1 128 192 256 128 192 256
	sY 11  0 0 24 10 40 31 56 22 72 0 88 0 112 0 144 0 176 0 208 0 240 0
	sCb 4 0 1 27 1 67 1 255 1
	sCr 2 0 0 255 0
	cY 0 0 -5 10 4 -2 -1 -1 -5 20 -33 -8 7 -1 -6 25 -60 76 0 -10 2 14 -43 86
	cCb -2 -3 -4 -1 -4 -5 1 -3 -3 -5 -2 -7 2 -3 -2 -6 -9 15 2 -6 -6 -1 -3 26 -22
	cCr 2 -2 -2 5 -8 -6 6 -2 -9 -7 13 -1 -2 -1 -5 -10 10 18 14 3 -5 6 24 4 0
E 544710834 545545000 1 60190 1
	p 3 7 0 11 0 1 128 192 256 128 192 256
	sY 11  0 0 24 10 40 31 56 22 72 0 88 0 112 0 144 0 176 0 208 0 240 0
	sCb 4 0 1 27 1 67 1 255 1
	sCr 2 0 0 255 0
	cY 0 -1 -4 9 4 -2 -1 -1 -5 20 -33 -8 7 -2 -6 25 -60 76 0 -10 2 14 -44 86
	cCb -1 -3 -3 -2 -4 -5 1 -3 -2 -6 0 -8 1 -5 -2 -4 -8 21 4 -5 -4 -1 -3 33 -19
	cCr 3 -2 -2 5 -9 -6 6 -1 -8 -7 14 -1 -2 -2 -6 -10 9 18 15 3 -5 6 22 4 -2
E 545545000 546379167 1 1416 1
	p 3 7 0 11 0 1 128 192 256 128 192 256
	sY 11  0 0 24 10 40 31 56 22 72 0 88 0 112 0 144 0 176 0 208 0 240 0
	sCb 4 0 1 27 1 67 1 255 1
	sCr 2 0 0 255 0
	cY 0 -1 -4 9 4 -2 -1 -1 -5 19 -32 -8 7 -2 -6 25 -58 76 0 -9 2 14 -43 85
	cCb -2 -3 -4 -1 -4 -4 0 -4 -1 -5 -4 -5 0 -3 -3 -6 -6 17 4 -5 -5 -2 -3 32 -21
	cCr 2 -2 -1 4 -8 -6 5 -1 -8 -6 12 0 -2 -2 -5 -10 10 17 13 3 -4 6 23 4 -2
E 546379167 547213334 1 8178 1
	p 3 7 0 11 0 1 128 192 256 128 192 256
	sY 11  0 0 24 10 40 31 56 22 72 0 88 0 112 0 144 0 176 0 208 0 240 0
	sCb 5 0 1 27 1 40 1 54 1 255 1
	sCr 2 0 0 255 0
	cY 0 0 -5 10 4 -2 -1 -1 -6 23 -35 -7 7 -2 -7 28 -63 79 -1 -10 2 14 -45 87
	cCb -2 -4 -3 1 -3 -6 0 -2 0 -7 -5 -7 4 -3 -3 -7 -7 22 5 -6 -6 0 -3 35 -19
	cCr 1 -2 -1 7 -10 -7 7 -2 -8 -6 13 -1 1 -2 -5 -11 7 18 16 3 -5 6 22 2 -1
E 547213334 548047500 1 14940 1
	p 3 7 0 11 0 1 128 192 256 128 192 256
	sY 11  0 0 24 10 40 31 56 22 72 0 88 0 112 0 144 0 176 0 208 0 240 0
	sCb 3 0 1 27 1 255 1
	sCr 2 0 0 255 0
	cY -1 0 -5 10 4 -3 -1 0 -6 21 -33 -9 8 -2 -7 27 -62 77 1 -10 2 15 -46 89
	cCb -1 -3 -3 -1 -4 -5 2 -4 -1 -5 -2 -8 2 -4 -3 -5 -7 22 4 -5 -5 -1 -4 29 -19
	cCr 2 -2 -1 6 -8 -7 8 -2 -8 -6 13 0 0 -2 -5 -12 8 21 18 4 -5 5 23 8 -1
E 548047500 548881667 1 21702 1
	p 3 7 0 11 0 1 128 192 256 128 192 256
	sY 11  0 0 24 10 40 31 56 22 72 0 88 0 112 0 144 0 176 0 208 0 240 0
	sCb 5 0 2 27 2 40 1 54 1 255 1
	sCr 2 0 0 255 0
	cY 0 -1 -5 9 5 -2 -1 0 -6 21 -33 -9 7 -1 -7 27 -62 78 1 -10 2 15 -47 90
	cCb -2 -3 -6 2 -4 -5 2 -3 -1 -6 -6 -5 3 -3 -4 -5 -7 17 1 -5 -6 -1 -6 34 -21
	cCr 2 -2 -2 5 -8 -6 7 -2 -8 -7 13 -2 -2 -3 -6 -12 7 21 15 2 -5 7 23 7 -2
E 548881667 549715834 1 28464 1
	p 3 7 0 11 0 1 128 192 256 128 192 256
	sY 11  0 0 24 10 40 31 56 22 72 0 88 0 112 0 144 0 176 0 208 0 240 0
	sCb 5 0 2 27 2 40 2 54 2 255 2
	sCr 2 0 0 255 0
	cY 0 -1 -3 8 3 -2 -1 -1 -3 16 -30 -6 5 -1 -5 22 -52 72 -1 -8 1 12 -38 79
	cCb -3 -3 -5 -2 -4 -5 -1 -3 -2 -5 -5 -6 0 -4 -3 -6 -6 10 -1 -6 -4 -3 -5 23 -36
	cCr 1 -1 -2 5 -8 -5 4 -1 -8 -6 12 -1 -4 -3 -5 -11 7 20 11 1 -4 5 22 7 -2
E 549715834 550550000 1 35226 1
	p 3 7 0 11 0 1 128 192 256 128 192 256
	sY 11  0 0 24 10 40 31 56 22 72 0 88 0 112 0 144 0 176 0 208 0 240 0
	sCb 4 0 3 27 3 40 2 255 2
	sCr 2 0 0 255 0
	cY 0 0 -6 10 4 -3 -1 0 -9 26 -37 -6 8 -2 -9 32 -68 82 -3 -9 3 15 -47 89
	cCb -1 -4 -6 -1 -3 -8 6 -4 -1 -6 -5 -12 8 -6 -5 -4 -6 6 6 -7 -5 -1 -7 22 -37
	cCr 1 -2 -2 9 -16 -10 16 1 -6 -9 10 -7 8 -1 -5 -13 5 26 26 1 -10 7 21 12 -2
E 550550000 551384167 1 41988 1
	p 3 7 0 11 0 1 128 192 256 128 192 256
	sY 11  0 0 24 10 40 31 56 22 72 0 88 0 112 0 144 0 176 0 208 0 240 0
	sCb 5 0 2 27 2 40 1 54 1 255 1
	sCr 2 0 0 255 0
	cY 0 0 -6 11 4 -2 -2 -1 -7 23 -35 -9 8 -2 -7 29 -66 79 1 -11 3 16 -48 91
	cCb -2 -4 -4 -2 -2 -5 1 -3 -1 -5 -3 -7 0 -4 -4 -6 -8 19 1 -5 -6 -2 -7 29 -21
	cCr 0 -2 -1 6 -10 -5 7 -3 -8 -7 13 0 1 -1 -6 -12 8 19 17 2 -6 8 23 3 -1
E 551384167 552218334 1 48750 1
	p 3 7 0 11 0 1 128 192 256 128 192 256
	sY 11  0 0 24 10 40 31 56 22 72 0 88 0 112 0 144 0 176 0 208 0 240 0
	sCb 4 0 3 27 3 40 2 255 2
	sCr 2 0 0 255 0
	cY 0 -1 -3 8 4 -2 -1 -1 -4 18 -31 -6 6 -2 -6 23 -54 73 -1 -8 2 12 -39 80
	cCb -2 -4 -4 -2 -4 -4 -2 -3 -4 -4 -7 -5 -1 -3 -4 -4 -7 6 -3 -5 -6 -3 -6 14 -47
	cCr 3 -1 -2 6 -7 -6 6 -2 -8 -6 14 -1 -2 -2 -7 -12 7 20 14 2 -6 4 23 10 -2
E 552218334 553052500 1 55512 1
	p 3 7 0 11 0 1 128 192 256 128 192 256
	sY 11  0 0 24 10 40 31 56 22 72 0 88 0 112 0 144 0 176 0 208 0 240 0
	sCb 4 0 2 27 2 40 2 255 2
	sCr 2 0 0 255 0
	cY -1 0 -4 9 3 -2 -1 -1 -4 16 -29 -7 6 -1 -5 20 -52 71 1 -9 2 13 -41 82
	cCb -2 -3 -5 -2 -3 -4 1 -4 -3 -5 -5 -6 -1 -4 -5 -5 -11 9 -4 -5 -4 -3 -7 21 -39
	cCr 1 -2 -2 6 -7 -5 5 -1 -8 -7 11 -1 -3 -2 -5 -11 7 21 13 1 -5 4 22 9 -2
E 553052500 553886667 1 62274 1
	p 3 7 0 11 0 1 128 192 256 128 192 256
	sY 11  0 0 24 10 40 31 56 22 72 0 88 0 112 0 144 0 176 0 208 0 240 0
	sCb 4 0 2 27 2 40 2 255 2
	sCr 2 0 0 255 0
	cY 0 -1 -4 9 4 -2 -1 -1 -3 16 -30 -7 6 -1 -5 21 -53 73 -1 -8 2 12 -39 80
	cCb -3 -3 -5 -3 -4 -4 0 -3 -2 -5 -6 -6 -1 -4 -3 -4 -5 12 -1 -7 -3 -2 -7 22 -38
	cCr 2 -2 -2 4 -8 -4 6 -1 -9 -7 14 0 -2 -1 -6 -12 8 21 13 1 -6 5 22 7 -2
E 553886667 554720834 1 3500 1
	p 3 7 0 11 0 1 128 192 256 128 192 256
	sY 11  0 0 24 10 40 31 56 22 72 0 88 0 112 0 144 0 176 0 208 0 240 0
	sCb 5 0 2 27 2 40 2 67 2 255 2
	sCr 2 0 0 255 0
	cY 0 -1 -4 9 4 -2 -1 -1 -4 16 -30 -7 5 -1 -5 21 -52 72 0 -8 2 12 -39 81
	cCb -2 -3 -4 -3 -3 -5 -1 -3 -3 -5 -5 -6 0 -3 -4 -4 -8 11 -2 -6 -4 -2 -5 22 -37
	cCr 1 -2 -2 3 -6 -4 4 -2 -7 -6 12 -1 -4 -3 -5 -11 9 20 12 2 -4 5 21 6 -2
E 554720834 555555000 1 10262 1
	p 3 7 0 11 0 1 128 192 256 128 192 256
	sY 11  0 0 24 10 40 31 56 22 72 0 88 0 112 0 144 0 176 0 208 0 240 0
	sCb 5 0 2 27 2 40 2 54 2 255 2
	sCr 2 0 0 255 0
	cY -1 0 -4 9 3 -2 -1 0 -4 17 -30 -7 5 -1 -6 22 -53 72 0 -8 2 13 -41 82
	cCb -2 -3 -5 -2 -3 -5 0 -3 -3 -5 -5 -7 1 -4 -4 -4 -7 11 -1 -8 -4 -2 -6 23 -37
	cCr 1 -3 -3 4 -7 -5 5 -1 -9 -7 13 -2 -3 -2 -5 -11 7 20 12 3 -5 4 22 8 -2
E 555555000 556389167 1 17024 1
	p 3 7 0 11 0 1 128 192 256 128 192 256
	sY 11  0 0 24 10 40 31 56 22 72 0 88 0 112 0 144 0 176 0 208 0 240 0
	sCb 5 0 2 27 2 40 2 54 2 255 2
	sCr 2 0 0 255 0
	cY 0 -1 -3 8 4 -2 -1 -1 -3 15 -29 -7 5 -1 -4 19 -50 71 1 -8 2 12 -39 81
	cCb -2 -4 -4 -2 -4 -4 0 -4 -2 -6 -4 -7 -1 -4 -4 -4 -9 9 -3 -6 -4 -2 -6 21 -40
	cCr 0 -3 -2 4 -6 -3 4 -1 -8 -8 11 0 -4 -2 -4 -11 7 18 10 1 -5 3 20 10 -2
E 556389167 557223334 1 23786 1
	p 3 7 0 11 0 1 128 192 256 128 192 256
	sY 11  0 0 24 10 40 31 56 22 72 0 88 0 112 0 144 0 176 0 208 0 240 0
	sCb 5 0 2 27 2 40 2 54 2 255 2
	sCr 2 0 0 255 0
	cY 0 -1 -2 8 3 -2 -1 -2 -2 15 -30 -6 4 -1 -5 20 -49 71 -1 -7 1 11 -36 77
	cCb -3 -3 -4 -2 -4 -4 -1 -3 -3 -4 -6 -6 0 -4 -4 -5 -4 11 -1 -5 -4 -2 -6 22 -40
	cCr 1 -3 -2 5 -7 -5 3 -1 -9 -6 15 0 -5 -3 -5 -12 8 20 11 2 -3 6 22 8 -1
E 557223334 558057500 1 30548 1
	p 3 7 0 11 0 1 128 192 256 128 192 256
	sY 11  0 0 24 10 40 31 56 22 72 0 88 0 112 0 144 0 176 0 208 0 240 0
	sCb 5 0 2 27 2 40 2 54 2 255 2
	sCr 2 0 0 255 0
	cY 0 -1 -4 9 4 -2 -1 -1 -3 16 -30 -7 5 -1 -4 19 -51 71 1 -8 2 12 -39 81
	cCb -2 -3 -4 -1 -4 -5 -1 -4 -3 -5 -6 -6 -1 -4 -3 -5 -10 10 -3 -7 -4 -1 -6 20 -38
	cCr 1 -1 -3 4 -7 -5 4 -1 -7 -7 13 -1 -5 -2 -5 -11 8 20 11 2 -4 4 21 9 -2
E 558057500 558891667 1 37310 1
	p 3 7 0 11 0 1 128 192 256 128 192 256
	sY 11  0 0 24 10 40 31 56 22 72 0 88 0 112 0 144 0 176 0 208 0 240 0
	sCb 5 0 2 27 2 40 2 54 2 255 2
	sCr 2 0 0 255 0
	cY 0 -1 -4 9 3 -2 -1 -1 -3 15 -29 -7 5 -1 -5 19 -49 71 1 -7 1 11 -36 78
	cCb -2 -3 -5 -2 -4 -4 -1 -4 -3 -4 -6 -5 -1 -5 -3 -6 -5 12 -2 -6 -5 -2 -6 21 -41
	cCr 1 -1 -2 4 -8 -4 4 -2 -8 -6 12 -1 -4 -2 -5 -11 9 20 11 2 -6 4 21 8 -2
E 558891667 559725834 1 44072 1
	p 3 7 0 11 0 1 128 192 256 128 192 256
	sY 11  0 0 24 10 40 31 56 22 72 0 88 0 112 0 144 0 176 0 208 0 240 0
	sCb 5 0 3 27 3 40 2 54 2 255 2
	sCr 2 0 0 255 0
	cY 0 -1 -4 8 4 -2 -1 -1 -3 15 -29 -8 5 -1 -5 19 -50 71 2 -8 1 13 -40 82
	cCb -2 -3 -4 -2 -4 -4 0 -3 -2 -5 -5 -6 0 -4 -3 -3 -9 11 -4 -5 -3 -2 -7 20 -39
	cCr 1 0 -2 4 -7 -4 4 -2 -8 -6 12 0 -3 -2 -6 -12 8 21 12 2 -4 4 21 11 -1
E 559725834 560560000 1 50834 1
	p 3 7 0 11 0 1 128 192 256 128 192 256
	sY 11  0 0 24 10 40 31 56 22 72 0 88 0 112 0 144 0 176 0 208 0 240 0
	sCb 5 0 3 27 3 40 2 54 2 255 2
	sCr 2 0 0 255 0
	cY 0 -1 -5 10 5 -3 -1 0 -8 25 -36 -7 7 -2 -8 31 -65 82 -1 -8 3 15 -46 89
	cCb -1 -4 -5 -1 -3 -8 4 -4 1 -6 -6 -10 6 -5 -4 -6 -3 10 6 -7 -5 -1 -8 22 -36
	cCr 2 -1 -2 6 -12 -9 12 0 -6 -8 13 -6 4 -2 -6 -15 3 27 21 1 -8 6 22 14 -1
E 560560000 561394167 1 57596 1
	p 3 7 0 11 0 1 128 192 256 128 192 256
	sY 11  0 0 24 10 40 31 56 22 72 0 88 0 112 0 144 0 176 0 208 0 240 0
	sCb 4 0 2 27 2 40 2 255 1
	sCr 2 0 0 255 0
	cY 0 -1 -4 9 5 -2 -1 -1 -5 20 -33 -10 7 -1 -6 26 -61 79 4 -10 3 15 -46 91
	cCb -3 -1 -5 -1 -3 -3 0 -4 -1 -5 -5 -8 2 -4 -3 -5 -9 26 3 -7 -6 2 -8 32 -24
	cCr 2 -1 -4 5 -8 -7 5 -2 -8 -8 13 -2 -3 -3 -7 -11 9 24 14 2 -5 5 20 11 -2
E 561394167 562228334 1 64358 1
	p 3 7 0 11 0 1 128 192 256 128 192 256
	sY 11  0 0 24 10 40 31 56 22 72 0 88 0 112 0 144 0 176 0 208 0 240 0
	sCb 5 0 2 27 2 40 1 67 1 255 1
	sCr 2 0 0 255 0
	cY 0 -1 -4 10 5 -2 -1 -1 -5 21 -34 -9 7 -1 -6 25 -61 81 4 -9 2 15 -45 91
	cCb -2 -4 -4 -1 -3 -5 1 -3 -1 -4 -6 -9 2 -4 -3 -5 -8 23 5 -7 -4 -2 -7 31 -24
	cCr 1 -2 -1 7 -8 -6 6 -2 -8 -7 14 -1 -1 -1 -5 -12 6 24 15 3 -6 6 21 12 -1
E 562228334 563062500 1 5584 1
	p 3 7 0 11 0 1 128 192 256 128 192 256
	sY 11  0 0 24 10 40 31 56 22 72 0 88 0 112 0 144 0 176 0 208 0 240 0
	sCb 4 0 3 27 3 40 2 255 2
	sCr 2 0 0 255 0
	cY 0 0 -5 10 4 -1 -1 -1 -4 19 -32 -8 5 -1 -5 22 -55 77 4 -8 2 14 -43 87
	cCb -2 -3 -4 -1 -3 -4 0 -3 -3 -3 -6 -6 0 -4 -4 -4 -9 17 -1 -6 -3 -1 -7 23 -33
	cCr 0 -2 -1 5 -7 -5 5 -2 -7 -7 12 -1 -3 -2 -4 -12 7 24 14 1 -5 4 20 13 -1
E 563062500 563896667 1 12346 1
	p 3 7 0 11 0 1 128 192 256 128 192 256
	sY 11  0 0 24 10 40 31 56 22 72 0 88 0 112 0 144 0 176 0 208 0 240 0
	sCb 4 0 3 27 3 40 2 255 1
	sCr 2 0 0 255 0
	cY 0 -1 -4 10 5 -2 -1 0 -5 20 -33 -9 6 -1 -6 24 -58 79 4 -8 2 14 -43 89
	cCb -2 -3 -4 -1 -3 -4 0 -4 -3 -4 -6 -6 0 -4 -3 -5 -8 18 -1 -5 -3 -1 -7 25 -32
	cCr 2 -2 -2 4 -8 -5 5 -1 -7 -8 11 -2 -3 -2 -4 -12 6 25 16 2 -6 4 19 14 -2
E 563896667 564730834 1 19108 1
	p 3 7 0 11 0 1 128 192 256 128 192 256
	sY 11  0 0 24 10 40 31 56 22 72 0 88 0 112 0 144 0 176 0 208 0 240 0
	sCb 4 0 3 27 3 40 2 255 1
	sCr 2 0 0 255 0
	cY 0 -1 -4 9 3 -2 -1 -1 -3 17 -32 -8 5 -1 -5 21 -52 75 4 -8 2 12 -39 83
	cCb -2 -3 -4 0 -4 -4 0 -4 -2 -5 -4 -6 0 -4 -3 -4 -6 17 0 -6 -4 0 -5 23 -31
	cCr 2 -1 -2 4 -6 -5 4 -1 -6 -8 11 -3 -4 -2 -4 -14 7 24 14 1 -5 3 20 14 -2
E 564730834 565565000 1 25870 1
	p 3 7 0 11 0 1 128 192 256 128 192 256
	sY 11  0 0 24 10 40 31 56 22 72 0 88 0 112 0 144 0 176 0 208 0 240 0
	sCb 5 0 3 27 3 40 2 54 2 255 2
	sCr 2 0 0 255 0
	cY 0 0 -5 10 4 -2 -1 -1 -5 20 -33 -7 6 -1 -6 24 -57 78 3 -8 2 14 -42 87
	cCb -2 -3 -3 -1 -3 -6 0 -3 -2 -5 -6 -6 -1 -3 -3 -3 -7 19 1 -5 -5 -2 -6 26 -30
	cCr 1 -1 -3 5 -7 -5 5 -1 -8 -6 12 -2 -4 -2 -4 -13 6 25 14 0 -5 3 18 13 -2
E 565565000 566399167 1 32632 1
	p 3 7 0 11 0 1 128 192 256 128 192 256
	sY 11  0 0 24 10 40 31 56 22 72 0 88 0 112 0 144 0 176 0 208 0 240 0
	sCb 5 0 3 27 3 40 2 54 2 255 2
	sCr 2 0 0 255 0
	cY 0 0 -5 9 4 -2 -1 0 -5 19 -32 -8 5 -1 -6 23 -55 75 3 -8 2 13 -42 87
	cCb -1 -3 -4 0 -4 -5 0 -4 -1 -5 -4 -5 -1 -2 -2 -5 -7 17 0 -6 -5 -2 -6 26 -31
	cCr 1 -2 -2 5 -7 -6 5 0 -7 -8 11 -2 -2 -2 -4 -12 7 24 15 2 -7 4 20 14 -1
E 566399167 566816250 1 7391 1
	p 3 7 0 11 0 1 128 192 256 128 192 256
	sY 11  0 0 24 17 40 24 56 23 72 24 88 0 112 0 144 0 176 0 208 0 240 0
	sCb 5 0 3 27 3 40 2 67 1 255 1
	sCr 2 0 1 255 1
	cY 2 -1 -5 8 8 -4 -1 -1 -12 35 -44 -15 11 -3 -8 40 -85 99 10 -11 3 16 -58 109
	cCb 0 0 -7 4 1 -15 9 -6 6 -7 -3 -24 14 -3 -1 -9 -7 38 27 -7 -7 3 -6 44 -7
	cCr 2 -1 1 13 -18 -16 18 -2 -4 -12 9 -11 13 -2 -8 -18 -3 28 37 6 -9 14 25 25 0
E 566816250 567650417 1 10772 1
	p 3 7 0 11 0 1 128 192 256 128 192 256
	sY 11  0 0 24 17 40 24 56 23 72 24 88 0 112 0 144 0 176 0 208 0 240 0
	sCb 5 0 4 27 4 40 2 67 1 255 1
	sCr 2 0 1 255 1
	cY 0 -1 -3 7 4 -2 -1 -1 -5 20 -34 -9 5 -1 -3 22 -58 84 7 -6 1 10 -42 90
	cCb 0 -2 -3 1 -3 -3 -1 -1 -3 -3 -3 -6 -1 -1 -2 -4 -3 25 5 -3 -4 1 -2 26 -12
	cCr 3 -1 -2 6 -7 -5 7 0 -5 -8 11 -5 -2 -1 -3 -15 1 31 19 3 -4 10 24 29 0
E 567650417 568484584 1 17534 1
	p 3 7 0 11 0 1 128 192 256 128 192 256
	sY 11  0 0 24 17 40 24 56 23 72 24 88 0 112 0 144 0 176 0 208 0 240 0
	sCb 5 0 4 27 4 40 2 67 1 255 1
	sCr 2 0 1 255 1
	cY 0 -2 -2 6 5 -2 -1 -1 -5 20 -35 -10 5 -1 -4 22 -58 85 7 -6 1 11 -42 91
	cCb -1 -1 -2 0 -3 -2 0 -4 0 -4 -1 -6 -2 -3 -1 -5 -5 25 5 -3 -3 2 -3 31 -10
	cCr 2 0 -2 7 -8 -6 7 -1 -5 -8 12 -6 -1 -2 -3 -14 1 31 20 3 -4 7 22 30 0
E 568484584 569318750 1 24296 1
	p 3 7 0 11 0 1 128 192 256 128 192 256
	sY 11  0 0 24 17 40 24 56 23 72 24 88 0 112 0 144 0 176 0 208 0 240 0
	sCb 6 0 4 27 4 40 2 54 1 67 1 255 1
	sCr 2 0 1 255 1
	cY 1 0 -5 9 5 -3 -1 0 -12 32 -44 -7 6 -1 -6 33 -74 95 4 -7 2 12 -48 97
	cCb -1 -3 -5 2 -2 -11 5 -3 2 -7 -4 -15 10 -4 -4 -5 -4 29 13 -6 -7 3 -7 32 -17
	cCr 1 0 -2 6 -9 -10 11 1 -3 -10 13 -14 4 -2 -4 -18 -9 41 21 -2 -6 9 24 36 0
E 569318750 570152917 1 31058 1
	p 3 7 0 11 0 1 128 192 256 128 192 256
	sY 11  0 0 24 17 40 24 56 23 72 24 88 0 112 0 144 0 176 0 208 0 240 0
	sCb 6 0 4 27 4 40 2 54 1 67 1 255 1
	sCr 2 0 0 255 1
	cY 1 -1 -4 8 5 -3 -1 -1 -8 27 -39 -9 8 -2 -5 29 -68 90 4 -8 3 12 -46 93
	cCb -1 -3 -4 0 -3 -6 3 -2 0 -5 -7 -9 4 -4 -3 -5 -2 24 9 -7 -3 2 -7 25 -23
	cCr 2 -2 -3 10 -12 -8 10 -1 -6 -10 15 -10 0 0 -5 -17 -3 32 20 1 -8 10 26 27 -1
E 570152917 570987084 1 37820 1
	p 3 7 0 11 0 1 128 192 256 128 192 256
	sY 11  0 0 24 17 40 24 56 23 72 24 88 0 112 0 144 0 176 0 208 0 240 0
	sCb 5 0 3 27 3 40 1 54 1 255 1
	sCr 3 0 0 54 1 255 1
	cY 0 0 -6 11 6 -3 -1 1 -11 31 -43 -11 8 -2 -8 34 -73 93 7 -9 2 17 -53 99
	cCb 1 -3 -6 3 0 -10 4 -5 7 -6 -8 -17 12 -4 -4 -8 -3 28 13 -9 -5 3 -6 34 -15
	cCr 1 -2 -2 7 -9 -6 7 2 -5 -12 14 -7 -2 -1 -4 -18 -3 33 17 -1 -6 9 27 31 0
E 570987084 571821250 1 44582 1
	p 3 7 0 11 0 1 128 192 256 128 192 256
	sY 11  0 0 24 17 40 24 56 23 72 24 88 0 112 0 144 0 176 0 208 0 240 0
	sCb 5 0 3 27 3 40 2 54 1 255 1
	sCr 2 0 1 255 1
	cY 1 -2 -3 8 6 -2 -1 -2 -4 21 -37 -13 6 0 -3 24 -63 88 11 -8 1 12 -46 96
	cCb 0 -1 -3 1 -1 -5 0 -3 -1 -4 -6 -8 2 -3 -1 -6 -4 29 7 -5 -2 1 -4 35 -11
	cCr 2 0 -2 6 -7 -5 7 1 -4 -10 14 -7 -2 -2 -4 -18 -2 39 17 1 -4 8 23 34 1
E 571821250 572655417 1 51344 1
	p 3 7 0 11 0 1 128 192 256 128 192 256
	sY 11  0 0 24 17 40 24 56 23 72 24 88 0 112 0 144 0 176 0 208 0 240 0
	sCb 5 0 3 27 3 40 2 67 1 255 1
	sCr 2 0 1 255 1
	cY 1 -2 -3 9 7 -2 -1 -2 -7 27 -41 -14 6 0 -5 30 -72 94 12 -9 2 14 -52 102
	cCb 0 0 -3 2 -2 -3 3 -1 0 -6 -1 -8 2 -4 -3 -5 -9 37 8 -4 -4 3 -1 43 -6
	cCr 1 -1 -1 7 -8 -7 8 1 -2 -10 14 -10 -2 -1 -4 -17 -7 41 19 0 -6 8 21 38 0
E 572655417 573489584 1 58106 1
	p 3 7 0 11 0 1 128 192 256 128 192 256
	sY 11  0 0 24 17 40 24 56 23 72 24 88 0 112 0 144 0 176 0 208 0 240 0
	sCb 5 0 2 27 2 40 2 67 1 255 1
	sCr 2 0 1 255 1
	cY 0 -1 -3 8 4 -1 -2 -2 -4 21 -36 -11 5 0 -3 23 -61 87 10 -7 1 11 -46 95
	cCb 2 -2 -3 2 -2 -4 2 -1 1 -6 -4 -8 2 -1 -1 -7 -7 38 10 -6 -3 2 -1 39 -5
	cCr 2 -1 -2 7 -6 -5 6 1 -3 -9 11 -6 -3 -2 -2 -15 -1 35 19 1 -4 6 21 32 0
E 573489584 574323750 1 64868 1
	p 3 7 0 11 0 1 128 192 256 128 192 256
	sY 11  0 0 24 17 40 24 56 23 72 24 88 0 112 0 144 0 176 0 208 0 240 0
	sCb 5 0 3 27 3 40 2 67 1 255 1
	sCr 2 0 1 255 1
	cY 0 -1 -2 7 4 -1 -1 0 -5 18 -34 -8 4 0 -4 20 -54 83 6 -5 1 10 -39 87
	cCb -2 0 -4 0 -1 -3 2 -3 -1 -4 -2 -7 0 -3 -2 -5 -10 33 5 -3 -4 1 -3 31 -11
	cCr 3 0 -2 5 -7 -5 6 0 -4 -8 12 -8 -3 -1 -3 -16 -2 36 17 3 -5 6 21 32 0
E 574323750 575157917 1 6094 1
	p 3 7 0 11 0 1 128 192 256 128 192 256
	sY 11  0 0 24 17 40 24 56 23 72 24 88 0 112 0 144 0 176 0 208 0 240 0
	sCb 5 0 3 27 3 40 2 67 1 255 1
	sCr 2 0 1 255 1
	cY 0 -1 -3 7 4 -1 -1 -1 -5 20 -35 -8 5 0 -4 23 -58 85 7 -6 1 11 -43 90
	cCb 0 -1 -3 0 -1 -5 4 -1 -2 -6 -1 -8 2 -3 -3 -5 -6 31 9 -5 -3 1 -3 34 -10
	cCr 2 1 -2 5 -7 -6 7 2 -3 -10 11 -9 -1 -1 -4 -17 -2 38 20 0 -4 8 22 33 0
E 575157917 575992084 1 12856 1
	p 3 7 0 11 0 1 128 192 256 128 192 256
	sY 11  0 0 24 17 40 24 56 23 72 24 88 0 112 0 144 0 176 0 208 0 240 0
	sCb 6 0 2 27 2 40 1 54 1 108 1 255 1
	sCr 2 0 1 255 1
	cY 1 -2 -4 9 6 -3 -1 -1 -7 26 -39 -11 8 -2 -6 30 -69 91 7 -8 2 13 -49 97
	cCb -1 0 -5 4 3 -10 6 -1 3 -4 0 -15 7 -4 -3 -9 -14 43 14 -6 -2 5 0 48 -4
	cCr 2 0 -3 7 -6 -8 8 1 -2 -11 12 -11 0 0 -2 -18 -8 42 18 -1 -6 7 21 41 0
E 575992084 576826250 1 19618 1
	p 3 7 0 11 0 1 128 192 256 128 192 256
	sY 11  0 0 24 17 40 24 56 23 72 24 88 0 112 0 144 0 176 0 208 0 240 0
	sCb 5 0 4 27 3 40 1 54 1 255 1
	sCr 2 0 0 255 1
	cY 1 -1 -5 9 8 -4 -1 0 -12 34 -44 -14 10 -2 -9 38 -81 96 9 -10 2 18 -58 107
	cCb 1 -2 -8 5 -1 -12 7 -5 10 -10 -9 -19 16 -3 -6 -11 12 20 27 -9 -8 7 -10 27 -10
	cCr -1 -3 -2 11 -14 -16 17 -1 -4 -9 10 -16 11 -5 -5 -20 -9 29 32 1 -9 11 23 30 -1
E 576826250 577660417 1 26380 1
	p 3 7 0 11 0 1 128 192 256 128 192 256
	sY 11  0 0 24 17 40 24 56 23 72 24 88 0 112 0 144 0 176 0 208 0 240 0
	sCb 6 0 3 27 3 40 1 54 1 94 1 255 1
	sCr 2 0 0 255 1
	cY 1 -1 -6 11 7 -4 -1 -1 -9 30 -43 -14 10 -2 -8 33 -74 94 8 -9 3 16 -53 100
	cCb 0 -2 -5 3 5 -13 6 -3 6 -5 -7 -23 16 -7 -4 -7 -11 39 17 -9 -5 7 -12 48 -11
	cCr 2 -2 -1 9 -11 -8 10 0 -7 -10 14 -7 1 -2 -6 -17 -3 29 20 1 -7 10 27 27 -1
E 577660417 578077500 1 33142 1
	p 3 7 0 11 0 1 128 192 256 128 192 256
	sY 11  0 0 24 17 40 24 56 23 72 24 88 0 112 0 144 0 176 0 208 0 240 0
	sCb 5 0 3 27 3 40 1 54 1 255 1
	sCr 3 0 0 94 1 255 1
	cY 1 0 -7 12 7 -4 0 0 -11 33 -46 -12 10 -3 -8 34 -75 95 8 -10 3 16 -52 99
	cCb 1 -2 -6 3 2 -16 7 -5 6 -8 -4 -23 16 -5 -3 -5 -8 34 16 -10 -6 5 -12 44 -10
	cCr 1 -1 -2 7 -11 -10 11 0 -6 -10 16 -8 0 -3 -5 -18 -5 29 20 3 -6 13 29 32 0
E 578077500 578494584 1 7391 1
	p 3 7 0 11 0 1 128 192 256 128 192 256
	sY 11  0 0 24 16 40 19 56 21 72 27 88 0 112 0 144 0 176 0 208 0 240 0
	sCb 5 0 3 27 3 40 2 67 1 255 1
	sCr 2 0 1 255 1
	cY 1 0 -7 10 6 -5 0 0 -15 38 -49 -9 9 -3 -8 39 -83 101 4 -10 4 15 -54 102
	cCb 1 -3 -6 5 2 -18 10 -5 6 -9 -12 -22 19 -4 -5 -8 2 29 26 -10 -11 3 -6 29 -9
	cCr 0 0 4 14 -23 -20 21 -3 -8 -10 11 -12 16 -3 -5 -20 -11 24 44 7 -10 14 30 28 1
E 578494584 579328750 1 10772 1
	p 3 7 0 11 0 1 128 192 256 128 192 256
	sY 11  0 0 24 16 40 19 56 21 72 27 88 0 112 0 144 0 176 0 208 0 240 0
	sCb 5 0 3 27 3 40 2 67 1 255 1
	sCr 2 0 1 255 1
	cY 1 -2 -2 7 4 -2 -1 -2 -5 21 -35 -8 6 -1 -3 22 -57 84 5 -6 2 10 -40 87
	cCb -2 0 -4 1 -2 -7 3 -1 -2 -5 -3 -9 2 -3 -3 -4 -6 28 10 -4 -5 3 -5 34 -10
	cCr 1 0 -1 7 -8 -7 9 0 -5 -8 11 -7 0 -2 -4 -16 -1 30 23 4 -5 10 24 31 0
E 579328750 580162917 1 17534 1
	p 3 7 0 11 0 1 128 192 256 128 192 256
	sY 11  0 0 24 16 40 19 56 21 72 27 88 0 112 0 144 0 176 0 208 0 240 0
	sCb 5 0 3 27 3 40 2 67 1 255 1
	sCr 2 0 1 255 1
	cY 0 -1 -3 7 3 -2 -1 -1 -5 19 -34 -7 5 -1 -3 21 -55 82 5 -6 1 10 -40 87
	cCb -1 0 -3 0 -2 -5 1 -2 -3 -3 -3 -7 1 -3 -2 -5 -7 28 5 -5 -3 2 -3 32 -12
	cCr 2 0 -1 7 -8 -7 8 0 -4 -10 13 -8 0 -1 -3 -16 -3 31 21 2 -5 10 26 31 0
E 580162917 580997084 1 24296 1
	p 3 7 0 11 0 1 128 192 256 128 192 256
	sY 11  0 0 24 16 40 19 56 21 72 27 88 0 112 0 144 0 176 0 208 0 240 0
	sCb 5 0 3 27 3 40 2 67 1 255 1
	sCr 2 0 1 255 1
	cY 1 -1 -5 9 6 -3 -1 -1 -10 30 -42 -11 8 -2 -6 34 -76 95 7 -9 3 13 -51 101
	cCb -1 -2 -4 1 -1 -8 4 -2 -1 -4 -6 -9 5 -4 -4 -4 -6 28 11 -5 -4 2 -4 33 -10
	cCr 1 -2 0 11 -14 -12 15 1 -5 -10 10 -11 8 -2 -6 -18 -5 29 30 4 -8 12 27 31 0
E 580997084 581831250 1 31058 1
	p 3 7 0 11 0 1 128 192 256 128 192 256
	sY 11  0 0 24 16 40 19 56 21 72 27 88 0 112 0 144 0 176 0 208 0 240 0
	sCb 5 0 3 27 3 54 1 67 1 255 1
	sCr 2 0 1 255 1
	cY 1 -2 -3 7 5 -2 -1 -1 -8 25 -38 -8 5 -1 -5 28 -65 89 5 -6 2 11 -45 93
	cCb 0 -2 -5 1 -4 -7 5 -3 1 -7 -3 -11 5 -5 -4 -4 -8 30 11 -6 -4 1 -3 37 -10
	cCr 2 -1 -2 8 -10 -9 12 0 -3 -10 12 -10 3 -1 -4 -16 -6 34 23 3 -7 10 24 33 0
E 581831250 582665417 1 37820 1
	p 3 7 0 11 0 1 128 192 256 128 192 256
	sY 11  0 0 24 16 40 19 56 21 72 27 88 0 112 0 144 0 176 0 208 0 240 0
	sCb 5 0 3 27 3 40 2 67 1 255 1
	sCr 2 0 1 255 1
	cY 0 0 -3 7 3 -1 -1 0 -6 20 -35 -7 4 0 -4 23 -57 83 4 -6 1 10 -41 87
	cCb -1 -1 -4 1 -4 -5 3 -2 -1 -5 -2 -6 1 -3 -3 -5 -9 30 8 -5 -4 2 -5 34 -10
	cCr 2 1 -1 6 -8 -7 8 -1 -3 -10 12 -8 0 -1 -3 -17 -3 36 19 2 -5 10 21 33 0
E 582665417 583499584 1 44582 1
	p 3 7 0 11 0 1 128 192 256 128 192 256
	sY 11  0 0 24 16 40 19 56 21 72 27 88 0 112 0 144 0 176 0 208 0 240 0
	sCb 7 0 4 27 4 40 2 54 1 67 1 81 1 255 1
	sCr 2 0 1 255 1
	cY 2 -3 -3 7 7 -4 0 -1 -9 31 -43 -10 8 -2 -5 32 -75 96 5 -8 2 13 -49 98
	cCb 2 -4 -5 1 -3 -9 6 -5 2 -4 -6 -10 7 -5 -4 -7 -3 27 11 -5 -4 2 -5 27 -12
	cCr 1 0 -1 9 -12 -12 13 0 -3 -10 12 -14 8 -2 -4 -19 -9 37 28 0 -8 11 24 34 0
E 583499584 584333750 1 51344 1
	p 3 7 0 11 0 1 128 192 256 128 192 256
	sY 11  0 0 24 16 40 19 56 21 72 27 88 0 112 0 144 0 176 0 208 0 240 0
	sCb 5 0 4 27 4 40 1 54 1 255 1
	sCr 2 0 0 255 1
	cY 0 -1 -4 8 4 -2 -1 -1 -5 20 -35 -8 5 -1 -4 22 -57 83 4 -6 1 11 -41 87
	cCb -2 -2 -3 -2 -3 -5 0 -3 -2 -4 -4 -6 1 -3 -2 -4 -5 23 3 -5 -3 0 -5 24 -21
	cCr 2 -1 -2 6 -9 -6 7 0 -6 -8 9 -5 0 -1 -4 -14 4 26 20 2 -7 6 22 20 -1
E 584333750 585167917 1 58106 1
	p 3 7 0 11 0 1 128 192 256 128 192 256
	sY 11  0 0 24 16 40 19 56 21 72 27 88 0 112 0 144 0 176 0 208 0 240 0
	sCb 5 0 4 27 4 40 1 54 1 255 1
	sCr 2 0 0 255 1
	cY 1 -1 -4 8 4 -3 -1 -2 -5 21 -35 -8 7 -1 -5 23 -58 84 4 -6 1 11 -42 88
	cCb -1 -3 -3 -2 -3 -5 0 -3 0 -4 -5 -7 1 -3 -3 -4 -8 23 5 -6 -3 1 -5 29 -21
	cCr 0 -1 -1 6 -9 -7 7 -1 -6 -7 11 -5 0 -2 -3 -14 3 25 18 2 -5 8 25 21 -2
E 585167917 586002084 1 64868 1
	p 3 7 0 11 0 1 128 192 256 128 192 256
	sY 11  0 0 24 16 40 19 56 21 72 27 88 0 112 0 144 0 176 0 208 0 240 0
	sCb 6 0 4 13 4 27 4 40 1 54 1 255 1
	sCr 2 0 0 255 1
	cY 0 0 -5 10 4 -3 0 0 -8 24 -38 -9 7 -2 -6 27 -62 86 5 -7 2 13 -46 91
	cCb 0 -3 -4 0 -3 -4 0 -3 -1 -5 -6 -7 2 -3 -4 -3 -5 19 3 -5 -4 3 -6 23 -14
	cCr 2 -2 -3 7 -10 -7 8 0 -6 -9 11 -5 -1 -1 -5 -16 2 26 16 3 -6 8 26 20 -1
E 586002084 586836250 1 6094 1
	p 3 7 0 11 0 1 128 192 256 128 192 256
	sY 11  0 0 24 16 40 19 56 21 72 27 88 0 112 0 144 0 176 0 208 0 240 0
	sCb 6 0 4 13 4 27 4 40 1 54 1 255 1
	sCr 2 0 0 255 1
	cY 1 -1 -5 9 6 -4 0 0 -10 28 -41 -9 8 -2 -8 33 -70 91 3 -7 2 15 -50 95
	cCb -1 -4 -4 0 -2 -9 4 -3 3 -8 -7 -13 8 -5 -4 -6 0 20 9 -7 -5 2 -9 26 -15
	cCr 0 -2 0 8 -17 -11 17 -3 -5 -9 8 -9 8 -2 -8 -18 -1 27 29 3 -10 13 26 17 0
E 586836250 587670417 1 12856 1
	p 3 7 0 11 0 1 128 192 256 128 192 256
	sY 11  0 0 24 16 40 19 56 21 72 27 88 0 112 0 144 0 176 0 208 0 240 0
	sCb 5 0 4 27 4 40 2 67 1 255 1
	sCr 2 0 1 255 1
	cY 1 -1 -4 8 5 -2 -1 -1 -8 27 -40 -9 6 -1 -5 28 -66 90 6 -7 2 12 -46 94
	cCb -3 -3 -6 2 -3 -8 3 -1 3 -7 -5 -14 7 -2 -4 -8 -3 26 11 -8 -6 5 -7 34 -13
	cCr 1 0 -1 9 -12 -13 16 0 -4 -9 11 -14 8 -3 -4 -17 -12 32 28 2 -8 10 25 38 1
E 587670417 588504584 1 19618 1
	p 3 7 0 11 0 1 128 192 256 128 192 256
	sY 11  0 0 24 16 40 19 56 21 72 27 88 0 112 0 144 0 176 0 208 0 240 0
	sCb 5 0 4 27 4 40 3 67 1 255 1
	sCr 2 0 1 255 1
	cY 0 -1 -3 7 3 -2 -1 -1 -5 17 -32 -7 5 -1 -3 18 -49 79 5 -5 1 9 -37 82
	cCb -1 -3 -3 -2 -1 -6 1 -3 -1 -6 -3 -11 3 -5 -3 -3 -6 24 6 -7 -4 1 -7 25 -17
	cCr 2 0 -1 6 -9 -7 8 0 -5 -9 12 -6 0 -2 -3 -17 -5 33 22 2 -4 10 25 32 1
E 588504584 589338750 1 26380 1
	p 3 7 0 11 0 1 128 192 256 128 192 256
	sY 11  0 0 24 16 40 19 56 21 72 27 88 0 112 0 144 0 176 0 208 0 240 0
	sCb 5 0 3 27 3 40 2 67 1 255 1
	sCr 2 0 1 255 1
	cY 0 0 -4 8 4 -2 -1 0 -8 25 -38 -6 5 -1 -6 26 -62 86 3 -6 2 11 -44 90
	cCb 0 -4 -3 1 -2 -9 3 -2 1 -5 -5 -12 6 -3 -2 -6 -8 29 11 -8 -6 2 -4 35 -13
	cCr 2 0 -1 12 -13 -14 15 1 -3 -9 12 -15 10 -1 -4 -19 -9 37 30 1 -10 11 21 36 1
E 589338750 590172917 1 33142 1
	p 3 7 0 11 0 1 128 192 256 128 192 256
	sY 11  0 0 24 16 40 19 56 21 72 27 88 0 112 0 144 0 176 0 208 0 240 0
	sCb 4 0 3 27 3 54 1 255 1
	sCr 2 0 1 255 1
	cY 0 0 -4 8 4 -2 0 -1 -7 24 -37 -6 6 -2 -4 24 -59 84 4 -6 2 10 -42 89
	cCb 0 -3 -3 1 -1 -9 4 -1 0 -4 -5 -11 7 -3 -4 -3 -6 34 14 -4 -7 2 -5 37 -12
	cCr 2 1 -2 11 -12 -13 10 0 -3 -9 15 -11 5 -2 -5 -18 -7 42 30 3 -8 7 21 37 1
E 590172917 591007084 1 39904 1
	p 3 7 0 11 0 1 128 192 256 128 192 256
	sY 11  0 0 24 16 40 19 56 21 72 27 88 0 112 0 144 0 176 0 208 0 240 0
	sCb 5 0 3 27 3 40 2 67 1 255 1
	sCr 2 0 1 255 1
	cY 0 0 -5 9 4 -2 -1 0 -7 23 -37 -6 5 -1 -4 23 -58 85 4 -6 2 10 -40 86
	cCb 1 -2 -3 0 -2 -6 3 -3 1 -4 -4 -10 4 -3 -2 -4 -9 37 11 -6 -6 2 -6 38 -10
	cCr 2 -1 -1 9 -7 -9 8 1 -1 -7 11 -12 3 -1 -3 -16 -8 42 26 2 -8 3 19 42 1
E 591007084 591841250 1 46666 1
	p 3 7 0 11 0 1 128 192 256 128 192 256
	sY 11  0 0 24 16 40 19 56 21 72 27 88 0 112 0 144 0 176 0 208 0 240 0
	sCb 5 0 3 27 3 40 2 67 1 255 1
	sCr 2 0 1 255 1
	cY 0 -1 -3 7 4 -2 -1 0 -8 23 -36 -7 5 -1 -5 26 -61 86 4 -6 2 11 -43 90
	cCb 0 -2 -3 2 0 -10 3 -1 2 -7 -1 -14 8 -4 -6 -5 -6 35 15 -5 -8 2 -4 41 -11
	cCr 2 1 -2 7 -9 -10 10 0 -1 -10 13 -11 3 -2 -5 -17 -9 42 26 0 -9 6 20 38 0
E 591841250 592675417 1 53428 1
	p 3 7 0 11 0 1 128 192 256 128 192 256
	sY 11  0 0 24 16 40 19 56 21 72 27 88 0 112 0 144 0 176 0 208 0 240 0
	sCb 6 0 4 27 3 40 2 54 1 81 1 255 1
	sCr 3 0 0 81 1 255 1
	cY 1 -1 -5 9 6 -4 0 0 -11 30 -43 -9 9 -3 -7 33 -72 93 4 -8 3 14 -49 95
	cCb 1 -3 -4 3 -1 -10 4 -3 4 -8 -5 -12 9 -5 -5 -6 2 25 16 -7 -6 3 -6 26 -13
	cCr 2 0 -1 10 -14 -13 16 0 -3 -10 13 -14 9 -1 -7 -17 -5 36 29 0 -10 8 19 28 -1
E 592675417 593509584 1 60190 1
	p 3 7 0 11 0 1 128 192 256 128 192 256
	sY 11  0 0 24 16 40 19 56 21 72 27 88 0 112 0 144 0 176 0 208 0 240 0
	sCb 4 0 3 27 3 40 1 255 1
	sCr 2 0 0 255 1
	cY 2 -2 -4 8 6 -4 0 -1 -10 30 -41 -8 9 -3 -6 33 -74 93 3 -8 3 12 -49 97
	cCb 0 -3 -5 1 -1 -8 4 -2 2 -6 -4 -11 6 -3 -4 -6 -4 24 11 -5 -6 2 -6 32 -17
	cCr 2 -1 -1 11 -16 -12 13 0 -6 -8 13 -9 7 -1 -8 -17 -1 30 26 3 -9 10 26 23 -1
E 593509584 594343750 1 1416 1
	p 3 7 0 11 0 1 128 192 256 128 192 256
	sY 11  0 0 24 16 40 19 56 21 72 27 88 0 112 0 144 0 176 0 208 0 240 0
	sCb 5 0 3 27 3 40 2 54 1 255 1
	sCr 2 0 0 255 1
	cY 1 -2 -3 7 4 -3 -1 -2 -6 23 -36 -7 6 -2 -4 24 -60 85 3 -6 1 9 -41 88
	cCb -1 -4 -3 -2 -2 -6 1 -3 0 -5 -6 -10 3 -3 -2 -5 -7 25 7 -7 -4 0 -8 31 -19
	cCr 2 -3 -1 8 -11 -8 9 -1 -7 -9 11 -6 1 -2 -4 -14 1 24 21 2 -7 9 26 20 -1
E 594343750 594760834 1 7391 1
	p 3 7 0 11 0 1 128 192 256 128 192 256
	sY 11  0 0 24 25 40 43 56 34 72 0 88 0 112 0 144 0 176 0 208 0 240 0
	sCb 5 0 9 27 9 40 8 67 8 255 8
	sCr 2 0 0 255 1
	cY -1 2 -8 14 6 -4 0 3 -15 33 -48 -8 8 -3 -11 38 -73 94 2 -9 3 18 -53 93
	cCb -3 -4 -4 -1 -3 -4 -2 -4 -5 -4 -6 -4 -3 -3 -4 -3 -5 10 -2 -4 -4 -2 -6 10 -32
	cCr 1 0 2 13 -19 -14 15 -3 0 -9 13 -7 12 -1 -6 -15 4 29 37 6 -12 8 17 18 0
E 594760834 595595000 1 10772 1
	p 3 7 0 11 0 1 128 192 256 128 192 256
	sY 11  0 0 24 25 40 43 56 34 72 0 88 0 112 0 144 0 176 0 208 0 240 0
	sCb 4 0 9 27 9 54 8 255 8
	sCr 2 0 1 255 1
	cY -1 1 -6 13 4 -2 -1 1 -9 24 -41 -6 5 -1 -6 25 -56 83 2 -7 2 14 -43 83
	cCb -4 -3 -4 -2 -4 -3 -4 -3 -5 -3 -6 -3 -5 -3 -3 -4 -4 8 -3 -4 -3 -2 -7 9 -33
	cCr 2 -2 -2 4 -6 -4 5 0 -5 -6 13 -3 -2 -2 -6 -12 7 31 17 4 -6 2 19 21 -1
E 595595000 596429167 1 17534 1
	p 3 7 0 11 0 1 128 192 256 128 192 256
	sY 11  0 0 24 25 40 43 56 34 72 0 88 0 112 0 144 0 176 0 208 0 240 0
	sCb 4 0 8 27 9 67 8 255 8
	sCr 2 0 1 255 1
	cY -1 2 -7 13 3 -2 0 2 -10 25 -42 -6 6 -3 -7 26 -58 84 2 -8 3 15 -44 84
	cCb -3 -4 -4 -2 -4 -3 -3 -4 -5 -4 -6 -4 -4 -3 -3 -3 -4 9 -3 -4 -4 -2 -7 10 -32
	cCr 0 0 -1 5 -6 -5 4 0 -5 -6 10 -1 -4 -1 -5 -13 8 34 17 2 -6 2 19 21 -1
E 596429167 597263334 1 24296 1
	p 3 7 0 11 0 1 128 192 256 128 192 256
	sY 11  0 0 24 25 40 43 56 34 72 0 88 0 112 0 144 0 176 0 208 0 240 0
	sCb 2 0 8 255 8
	sCr 2 0 1 255 1
	cY -1 1 -6 12 3 -2 -1 1 -9 23 -40 -6 5 -1 -6 24 -56 82 2 -7 2 14 -43 83
	cCb -3 -3 -4 -2 -4 -3 -3 -3 -5 -3 -6 -4 -4 -3 -4 -4 -5 9 -4 -3 -4 -2 -6 10 -32
	cCr 2 -2 -3 5 -5 -3 3 1 -5 -8 11 -3 -5 -3 -4 -13 6 33 15 2 -4 1 17 24 -1
E 597263334 598097500 1 31058 1
	p 3 7 0 11 0 1 128 192 256 128 192 256
	sY 11  0 0 24 25 40 43 56 34 72 0 88 0 112 0 144 0 176 0 208 0 240 0
	sCb 4 0 8 27 9 67 8 255 8
	sCr 2 0 1 255 1
	cY 0 1 -5 12 4 -2 -1 1 -9 23 -40 -7 5 -1 -7 25 -56 82 2 -7 2 15 -44 83
	cCb -3 -4 -4 -2 -4 -4 -3 -3 -5 -4 -6 -4 -4 -3 -3 -3 -5 9 -4 -4 -4 -2 -7 9 -32
	cCr 2 -1 -3 5 -7 -5 4 0 -4 -8 14 -3 -4 -1 -6 -14 6 33 16 2 -6 2 20 21 -1
E 598097500 598931667 1 37820 1
	p 3 7 0 11 0 1 128 192 256 128 192 256
	sY 11  0 0 24 25 40 43 56 34 72 0 88 0 112 0 144 0 176 0 208 0 240 0
	sCb 4 0 8 27 9 67 8 255 8
	sCr 2 0 1 255 1
	cY -1 1 -7 13 5 -3 -1 1 -10 26 -43 -9 7 -2 -7 27 -60 86 4 -9 3 15 -46 86
	cCb -3 -4 -4 -3 -4 -4 -3 -3 -5 -4 -6 -4 -5 -3 -4 -4 -5 10 -3 -4 -4 -2 -6 11 -30
	cCr 2 -1 -3 4 -6 -5 4 0 -5 -8 12 -2 -4 -3 -4 -12 8 31 15 3 -5 -1 18 21 -2
E 598931667 599765834 1 44582 1
	p 3 7 0 11 0 1 128 192 256 128 192 256
	sY 11  0 0 24 25 40 43 56 34 72 0 88 0 112 0 144 0 176 0 208 0 240 0
	sCb 4 0 8 27 8 67 7 255 7
	sCr 2 0 1 255 1
	cY -1 1 -7 13 4 -2 -1 1 -11 28 -44 -9 7 -2 -8 31 -65 89 4 -9 2 16 -49 90
	cCb -3 -4 -4 -2 -4 -3 -3 -3 -5 -3 -7 -4 -5 -4 -3 -3 -5 11 -4 -5 -4 -3 -8 12 -29
	cCr 1 0 -2 4 -5 -4 3 0 -5 -7 10 -2 -4 -1 -5 -11 9 29 16 3 -5 0 19 20 -1
E 599765834 600600000 1 51344 1
	p 3 7 0 11 0 1 128 192 256 128 192 256
	sY 11  0 0 24 25 40 43 56 34 72 0 88 0 112 0 144 0 176 0 208 0 240 0
	sCb 4 0 8 27 8 54 7 255 7
	sCr 2 0 1 255 1
	cY 0 1 -6 12 5 -2 -1 1 -9 25 -42 -9 6 -1 -7 27 -61 86 4 -8 2 15 -46 87
	cCb -2 -3 -5 -2 -4 -4 -3 -4 -5 -3 -6 -3 -4 -3 -4 -3 -5 11 -3 -4 -4 -2 -7 12 -29
	cCr 0 0 -1 3 -5 -3 2 -1 -4 -7 9 -2 -3 -3 -5 -12 9 32 14 2 -5 2 17 20 -1
E 600600000 601434167 1 58106 1
	p 3 7 0 11 0 1 128 192 256 128 192 256
	sY 11  0 0 24 25 40 43 56 34 72 0 88 0 112 0 144 0 176 0 208 0 240 0
	sCb 4 0 8 27 8 67 8 255 8
	sCr 2 0 1 255 1
	cY -1 1 -7 13 4 -2 -1 2 -12 28 -44 -8 6 -2 -9 30 -64 88 4 -8 2 16 -48 89
	cCb -3 -4 -5 -2 -4 -4 -3 -4 -5 -3 -7 -4 -4 -4 -4 -3 -4 10 -3 -4 -4 -2 -7 11 -28
	cCr 1 0 -1 2 -6 -4 2 0 -4 -7 9 -2 -3 -2 -4 -12 9 31 15 4 -4 1 18 22 -1
E 601434167 602268334 1 64868 1
	p 3 7 0 11 0 1 128 192 256 128 192 256
	sY 11  0 0 24 25 40 43 56 34 72 0 88 0 112 0 144 0 176 0 208 0 240 0
	sCb 4 0 8 27 8 67 7 255 7
	sCr 2 0 1 255 1
	cY -1 1 -6 12 5 -2 -1 1 -9 25 -42 -8 6 -2 -8 28 -61 87 3 -8 2 16 -47 87
	cCb -4 -3 -4 -3 -4 -3 -3 -3 -4 -4 -6 -4 -4 -3 -3 -4 -5 11 -3 -3 -4 -2 -7 13 -27
	cCr 2 -1 -3 2 -5 -4 2 0 -4 -7 10 -2 -5 -2 -4 -13 8 33 15 2 -4 -2 18 24 -1
E 602268334 603102500 1 6094 1
	p 3 7 0 11 0 1 128 192 256 128 192 256
	sY 11  0 0 24 25 40 43 56 34 72 0 88 0 112 0 144 0 176 0 208 0 240 0
	sCb 5 0 8 27 8 40 8 67 7 255 7
	sCr 2 0 1 255 1
	cY 0 1 -6 13 4 -2 -1 1 -10 26 -43 -8 6 -1 -8 28 -62 87 3 -8 2 16 -46 87
	cCb -3 -3 -4 -2 -3 -3 -3 -4 -5 -3 -7 -4 -4 -4 -4 -4 -5 11 -3 -4 -4 -2 -7 12 -27
	cCr 1 0 -2 3 -5 -3 2 0 -4 -7 11 -2 -3 -2 -5 -11 9 32 15 2 -6 -1 17 23 -1
E 603102500 603936667 1 12856 1
	p 3 7 0 11 0 1 128 192 256 128 192 256
	sY 11  0 0 24 25 40 43 56 34 72 0 88 0 112 0 144 0 176 0 208 0 240 0
	sCb 5 0 8 27 8 40 8 67 8 255 8
	sCr 2 0 1 255 1
	cY -1 1 -6 13 4 -2 -1 1 -8 24 -41 -8 6 -1 -8 26 -59 85 3 -7 2 16 -46 86
	cCb -3 -4 -4 -3 -4 -3 -3 -3 -5 -3 -6 -4 -4 -3 -4 -2 -5 10 -3 -4 -4 -2 -8 12 -28
	cCr 2 0 -2 1 -6 -4 1 0 -5 -6 10 -1 -5 -2 -4 -12 8 30 15 3 -4 -1 17 22 -1
E 603936667 604770834 1 19618 1
	p 3 7 0 11 0 1 128 192 256 128 192 256
	sY 11  0 0 24 25 40 43 56 34 72 0 88 0 112 0 144 0 176 0 208 0 240 0
	sCb 5 0 8 27 8 40 8 67 7 255 7
	sCr 2 0 1 255 1
	cY 0 1 -7 13 6 -3 -1 1 -10 28 -44 -10 8 -2 -8 30 -67 90 4 -9 2 16 -49 91
	cCb -3 -3 -4 -1 -4 -3 -3 -4 -4 -4 -7 -4 -4 -4 -4 -4 -4 11 -2 -5 -4 -2 -6 12 -26
	cCr 1 1 -1 3 -7 -5 5 -1 -1 -8 8 -6 1 -1 -3 -13 1 40 18 1 -8 -2 13 29 -1
E 604770834 605605000 1 26380 1
	p 3 7 0 11 0 1 128 192 256 128 192 256
	sY 11  0 0 24 25 40 43 56 34 72 0 88 0 112 0 144 0 176 0 208 0 240 0
	sCb 5 0 8 27 8 40 7 54 7 255 7
	sCr 2 0 1 255 1
	cY -1 2 -8 14 5 -2 -1 2 -12 29 -45 -10 7 -2 -8 31 -66 89 5 -9 2 17 -50 91
	cCb -3 -3 -4 -2 -3 -4 -3 -3 -4 -4 -6 -4 -5 -3 -4 -3 -5 13 -2 -5 -4 -1 -7 14 -25
	cCr 1 -1 -2 5 -6 -4 3 -1 -6 -6 13 -1 -3 -3 -5 -10 9 27 18 5 -4 2 18 18 -1
E 605605000 606439167 1 33142 1
	p 3 7 0 11 0 1 128 192 256 128 192 256
	sY 11  0 0 24 25 40 43 56 34 72 0 88 0 112 0 144 0 176 0 208 0 240 0
	sCb 5 0 8 27 8 40 7 67 7 255 7
	sCr 2 0 1 255 1
	cY -1 0 -6 13 5 -2 -1 2 -10 27 -45 -10 6 -1 -9 30 -66 90 4 -8 2 17 -49 91
	cCb -3 -3 -4 -2 -3 -4 -2 -4 -4 -4 -6 -5 -4 -3 -4 -2 -5 13 -3 -4 -5 -2 -8 14 -25
	cCr 1 -1 -1 5 -6 -5 4 -1 -6 -6 11 0 -3 -2 -4 -12 9 29 17 5 -5 2 19 17 -1
E 606439167 607273334 1 39904 1
	p 3 7 0 11 0 1 128 192 256 128 192 256
	sY 11  0 0 24 25 40 43 56 34 72 0 88 0 112 0 144 0 176 0 208 0 240 0
	sCb 5 0 9 27 9 40 8 54 8 255 8
	sCr 2 0 1 255 1
	cY -1 1 -6 12 4 -2 -1 1 -10 25 -42 -8 6 -1 -8 27 -61 86 3 -8 2 16 -47 87
	cCb -3 -3 -4 -2 -3 -4 -3 -3 -5 -4 -7 -4 -4 -3 -4 -4 -5 10 -3 -4 -4 -2 -7 11 -29
	cCr 1 -1 -3 5 -5 -4 3 0 -5 -8 12 -3 -4 -2 -4 -10 8 30 13 4 -5 3 19 20 -1
E 607273334 607690417 1 46666 1
	p 3 7 0 11 0 1 128 192 256 128 192 256
	sY 11  0 0 24 25 40 43 56 34 72 0 88 0 112 0 144 0 176 0 208 0 240 0
	sCb 5 0 9 27 9 40 8 67 8 255 8
	sCr 2 0 0 255 1
	cY -1 2 -8 14 6 -3 0 2 -13 33 -47 -10 8 -2 -10 35 -73 93 4 -10 3 18 -53 95
	cCb -3 -3 -4 -2 -4 -4 -3 -3 -4 -4 -6 -4 -3 -3 -5 -3 -4 11 -3 -4 -4 0 -7 11 -27
	cCr 2 -2 -2 6 -9 -6 7 -1 -2 -8 13 -6 -1 -1 -7 -14 5 37 21 3 -7 3 19 27 -1
